{"stats":{"minecraft:dropped":{"minecraft:iron_sword":1,"minecraft:birch_planks":3,"minecraft:oak_pressure_plate":1,"minecraft:warped_fungus":1,"minecraft:crafting_table":1,"minecraft:saddle":1,"minecraft:birch_slab":2,"minecraft:emerald":2,"minecraft:spruce_leaves":22,"minecraft:dirt":92,"minecraft:grass":2,"minecraft:cornflower":1,"minecraft:bone":2,"minecraft:stone_axe":2,"minecraft:rotten_flesh":6,"minecraft:oak_planks":3,"minecraft:diamond_shovel":1,"minecraft:white_bed":1,"minecraft:carrot":32,"minecraft:chainmail_chestplate":8,"minecraft:poppy":4,"minecraft:hopper":9,"minecraft:arrow":128,"minecraft:glass":1,"minecraft:stone_brick_stairs":2,"minecraft:water_bucket":1,"minecraft:stone_hoe":3,"minecraft:iron_ingot":18,"minecraft:bread":40,"minecraft:wheat_seeds":8,"minecraft:minecart":1,"minecraft:iron_helmet":3,"minecraft:cobblestone":1,"minecraft:book":32,"minecraft:stick":17,"minecraft:lava_bucket":1,"minecraft:potion":10,"minecraft:iron_leggings":2,"minecraft:white_banner":4,"minecraft:iron_axe":22,"minecraft:iron_shovel":2,"minecraft:paper":1,"minecraft:string":7,"minecraft:dandelion":6,"minecraft:stone_brick_slab":8,"minecraft:blaze_rod":23,"minecraft:composter":1,"minecraft:stone_shovel":1,"minecraft:iron_boots":4,"minecraft:totem_of_undying":4,"minecraft:shears":1,"minecraft:flint_and_steel":1,"minecraft:diamond_sword":1,"minecraft:potato":570,"minecraft:stone":3,"minecraft:spruce_planks":1,"minecraft:iron_chestplate":3,"minecraft:spider_eye":1,"minecraft:spruce_log":2,"minecraft:bow":2,"minecraft:stone_pickaxe":30,"minecraft:wooden_pickaxe":2},"minecraft:broken":{"minecraft:diamond_pickaxe":1,"minecraft:stone_shovel":1,"minecraft:iron_axe":1},"minecraft:used":{"minecraft:beetroot":3,"minecraft:nether_brick_fence":2,"minecraft:iron_shovel":154,"minecraft:spruce_slab":44,"minecraft:ladder":9,"minecraft:poppy":4,"minecraft:bone_block":1,"minecraft:chest":112,"minecraft:iron_sword":40,"minecraft:nether_wart":20,"minecraft:bell":1,"minecraft:rotten_flesh":27,"minecraft:spruce_leaves":5,"minecraft:soul_sand":20,"minecraft:nether_bricks":23,"minecraft:carrot":41,"minecraft:glass":1,"minecraft:lava_bucket":1,"minecraft:grass_block":1,"minecraft:iron_helmet":1,"minecraft:stone_brick_stairs":71,"minecraft:stone_bricks":62,"minecraft:item_frame":1,"minecraft:red_carpet":32,"minecraft:bow":14,"minecraft:warped_fungus":5,"minecraft:furnace":7,"minecraft:egg":4,"minecraft:potato":326,"minecraft:golden_boots":5,"minecraft:diamond_boots":6,"minecraft:spruce_door":4,"minecraft:birch_leaves":2,"minecraft:stone_pickaxe":165,"minecraft:oak_planks":3,"minecraft:wooden_pickaxe":3,"minecraft:composter":8,"minecraft:diamond_axe":2187,"minecraft:oak_leaves":126,"minecraft:shears":233,"minecraft:bread":19,"minecraft:lectern":241,"minecraft:gravel":19,"minecraft:nether_wart_block":31,"minecraft:diamond_sword":281,"minecraft:grindstone":21,"minecraft:smithing_table":3,"minecraft:andesite":1,"minecraft:air":2,"minecraft:bone_meal":653,"minecraft:oak_trapdoor":6,"minecraft:stone_shovel":256,"minecraft:spruce_planks":8,"minecraft:cooked_salmon":9,"minecraft:stone_hoe":10,"minecraft:netherrack":392,"minecraft:torch":8,"minecraft:brewing_stand":2,"minecraft:dirt":979,"minecraft:anvil":1,"minecraft:hopper":5,"minecraft:spruce_stairs":74,"minecraft:yellow_carpet":9,"minecraft:spruce_fence":1,"minecraft:shroomlight":4,"minecraft:stone_brick_slab":12,"minecraft:iron_block":102,"minecraft:iron_axe":593,"minecraft:iron_boots":1,"minecraft:totem_of_undying":1,"minecraft:crimson_planks":25,"minecraft:beef":2,"minecraft:goat_horn":1,"minecraft:iron_leggings":2,"minecraft:glass_bottle":23,"minecraft:baked_potato":99,"minecraft:cartography_table":2,"minecraft:fletching_table":12,"minecraft:mossy_cobblestone":3,"minecraft:rail":16,"minecraft:crafting_table":7,"minecraft:red_bed":3,"minecraft:white_bed":6,"minecraft:spruce_log":5,"minecraft:smoker":1,"minecraft:oak_log":123,"minecraft:diamond_pickaxe":1653,"minecraft:apple":13,"minecraft:diamond_shovel":2045,"minecraft:chicken":3,"minecraft:spruce_trapdoor":13,"minecraft:spruce_sapling":60,"minecraft:stone_axe":152,"minecraft:cobblestone":15,"minecraft:potion":10,"minecraft:porkchop":3,"minecraft:bucket":1,"minecraft:yellow_bed":6,"minecraft:smooth_stone":1},"minecraft:picked_up":{"minecraft:iron_chestplate":4,"minecraft:wheat":15,"minecraft:chainmail_boots":1,"minecraft:nether_brick_fence":6,"minecraft:yellow_wool":10,"minecraft:smithing_table":2,"minecraft:diamond_sword":3,"minecraft:oak_stairs":126,"minecraft:potion":6,"minecraft:stone_brick_stairs":23,"minecraft:crimson_planks":1,"minecraft:brewing_stand":2,"minecraft:string":7,"minecraft:cooked_salmon":9,"minecraft:iron_leggings":6,"minecraft:shroomlight":6,"minecraft:beetroot":3,"minecraft:gold_nugget":156,"minecraft:smooth_stone":1,"minecraft:spruce_planks":22,"minecraft:red_dye":16,"minecraft:iron_boots":4,"minecraft:furnace":9,"minecraft:tipped_arrow":4,"minecraft:stick":628,"minecraft:composter":13,"minecraft:oak_fence":24,"minecraft:torch":41,"minecraft:spruce_stairs":84,"minecraft:porkchop":11,"minecraft:golden_axe":1,"minecraft:goat_horn":1,"minecraft:quartz_block":54,"minecraft:rotten_flesh":54,"minecraft:blaze_rod":73,"minecraft:cobblestone":1292,"minecraft:birch_log":44,"minecraft:feather":8,"minecraft:water_bucket":1,"minecraft:andesite":1,"minecraft:smoker":4,"minecraft:potato":1161,"minecraft:flint":59,"minecraft:dirt":2531,"minecraft:glass":17,"minecraft:bone":128,"minecraft:wheat_seeds":87,"minecraft:bell":1,"minecraft:grindstone":21,"minecraft:glowstone_dust":109,"minecraft:fletching_table":10,"minecraft:stone_hoe":1,"minecraft:oak_planks":106,"minecraft:poisonous_potato":12,"minecraft:oak_pressure_plate":2,"minecraft:sand":23,"minecraft:stripped_spruce_log":1,"minecraft:grass_block":4,"minecraft:barrel":52,"minecraft:mossy_cobblestone":22,"minecraft:yellow_carpet":9,"minecraft:diamond":1,"minecraft:crossbow":1,"minecraft:grass":2,"minecraft:emerald":99,"minecraft:bread":18,"minecraft:oak_sapling":78,"minecraft:netherrack":392,"minecraft:oak_leaves":189,"minecraft:crimson_roots":76,"minecraft:diamond_pickaxe":3,"minecraft:spruce_leaves":28,"minecraft:crafting_table":11,"minecraft:nether_wart":112,"minecraft:chicken":4,"minecraft:ladder":3,"minecraft:wooden_pickaxe":3,"minecraft:diamond_horse_armor":6,"minecraft:shield":1,"minecraft:cornflower":1,"minecraft:flint_and_steel":1,"minecraft:red_bed":1,"minecraft:iron_axe":18,"minecraft:item_frame":1,"minecraft:iron_shovel":1,"minecraft:cartography_table":3,"minecraft:beef":2,"minecraft:poppy":63,"minecraft:spruce_slab":206,"minecraft:lectern":239,"minecraft:sugar_cane":20,"minecraft:chest":105,"minecraft:birch_sapling":12,"minecraft:spruce_trapdoor":27,"minecraft:egg":4,"minecraft:stone":3,"minecraft:oak_door":3,"minecraft:spruce_fence":1,"minecraft:carrot":105,"minecraft:weeping_vines":3,"minecraft:arrow":17,"minecraft:diamond_chestplate":3,"minecraft:beetroot_seeds":8,"minecraft:nether_bricks":23,"minecraft:shears":1,"minecraft:diamond_boots":1,"minecraft:hay_block":10,"minecraft:totem_of_undying":6,"minecraft:saddle":2,"minecraft:gold_ingot":20,"minecraft:rail":1,"minecraft:white_wool":6,"minecraft:bone_block":267,"minecraft:stripped_oak_log":1,"minecraft:birch_leaves":11,"minecraft:crimson_stem":158,"minecraft:leather":12,"minecraft:crimson_fungus":8,"minecraft:oak_log":685,"minecraft:chainmail_chestplate":1,"minecraft:nether_wart_block":67,"minecraft:golden_boots":3,"minecraft:yellow_bed":6,"minecraft:gunpowder":5,"minecraft:cobblestone_stairs":3,"minecraft:paper":1,"minecraft:white_banner":4,"minecraft:red_carpet":26,"minecraft:apple":8,"minecraft:stone_bricks":21,"minecraft:iron_ingot":396,"minecraft:stone_pickaxe":10,"minecraft:stripped_oak_wood":1,"minecraft:glass_bottle":2,"minecraft:soul_sand":87,"minecraft:iron_sword":3,"minecraft:book":70,"minecraft:oak_slab":12,"minecraft:warped_fungus":10,"minecraft:stone_brick_slab":24,"minecraft:red_wool":12,"minecraft:quartz":111,"minecraft:dandelion":6,"minecraft:gravel":229,"minecraft:lava_bucket":1,"minecraft:spruce_sapling":106,"minecraft:blast_furnace":4,"minecraft:white_bed":7,"minecraft:spruce_log":1244,"minecraft:spruce_door":3,"minecraft:spider_eye":4,"minecraft:diamond_shovel":8,"minecraft:stone_axe":2,"minecraft:chainmail_leggings":1,"minecraft:iron_helmet":6,"minecraft:diamond_axe":2,"minecraft:baked_potato":173,"minecraft:coal":208,"minecraft:hopper":5,"minecraft:ender_pearl":1},"minecraft:crafted":{"minecraft:smooth_stone":12,"minecraft:oak_planks":1760,"minecraft:barrel":52,"minecraft:blaze_powder":10,"minecraft:birch_slab":6,"minecraft:stone":212,"minecraft:diamond_shovel":3,"minecraft:bookshelf":4,"minecraft:glass":6,"minecraft:quartz_block":27,"minecraft:hopper":9,"minecraft:stone_brick_slab":24,"minecraft:diamond_helmet":1,"minecraft:bow":3,"minecraft:iron_boots":4,"minecraft:chest":109,"minecraft:stone_hoe":2,"minecraft:stone_bricks":148,"minecraft:golden_boots":1,"minecraft:smoker":4,"minecraft:glass_bottle":21,"minecraft:arrow":192,"minecraft:emerald":555,"minecraft:diamond_axe":3,"minecraft:crafting_table":7,"minecraft:spruce_planks":4832,"minecraft:baked_potato":256,"minecraft:wooden_pickaxe":1,"minecraft:iron_helmet":3,"minecraft:spruce_door":3,"minecraft:chainmail_chestplate":7,"minecraft:smithing_table":1,"minecraft:red_wool":4,"minecraft:fletching_table":2,"minecraft:birch_planks":172,"minecraft:stone_brick_stairs":56,"minecraft:spruce_trapdoor":26,"minecraft:lectern":4,"minecraft:iron_chestplate":3,"minecraft:diamond_pickaxe":2,"minecraft:stick":11675,"minecraft:iron_ingot":45,"minecraft:iron_block":83,"minecraft:shears":1,"minecraft:stone_shovel":2,"minecraft:furnace":13,"minecraft:blast_furnace":4,"minecraft:bone_meal":684,"minecraft:oak_trapdoor":6,"minecraft:spruce_stairs":80,"minecraft:iron_axe":14,"minecraft:ladder":6,"minecraft:spruce_slab":282,"minecraft:stone_pickaxe":21,"minecraft:diamond_boots":1,"minecraft:minecart":1,"minecraft:wheat":90,"minecraft:crimson_planks":632,"minecraft:diamond_sword":2,"minecraft:yellow_carpet":3,"minecraft:iron_sword":2,"minecraft:red_bed":2,"minecraft:red_carpet":12,"minecraft:stone_axe":2,"minecraft:enchanted_book":6,"minecraft:bread":35,"minecraft:air":0,"minecraft:iron_shovel":3,"minecraft:iron_leggings":3,"minecraft:anvil":1,"minecraft:diamond_chestplate":1},"minecraft:custom":{"minecraft:interact_with_crafting_table":112,"minecraft:open_barrel":2,"minecraft:bell_ring":6,"minecraft:leave_game":8,"minecraft:time_since_death":127517,"minecraft:sprint_one_cm":1625151,"minecraft:drop":189,"minecraft:talked_to_villager":532,"minecraft:play_time":579658,"minecraft:deaths":8,"minecraft:jump":10712,"minecraft:interact_with_brewingstand":33,"minecraft:walk_on_water_one_cm":30422,"minecraft:interact_with_furnace":98,"minecraft:traded_with_villager":629,"minecraft:interact_with_cartography_table":1,"minecraft:sleep_in_bed":39,"minecraft:damage_dealt":60257,"minecraft:crouch_one_cm":172260,"minecraft:interact_with_smoker":12,"minecraft:mob_kills":142,"minecraft:interact_with_anvil":9,"minecraft:climb_one_cm":94147,"minecraft:walk_one_cm":1478402,"minecraft:raid_win":1,"minecraft:sneak_time":51492,"minecraft:walk_under_water_one_cm":8874,"minecraft:interact_with_blast_furnace":1,"minecraft:total_world_time":579658,"minecraft:interact_with_grindstone":6,"minecraft:time_since_rest":6182,"minecraft:damage_taken":8359,"minecraft:swim_one_cm":31121,"minecraft:fly_one_cm":2158503,"minecraft:open_chest":274,"minecraft:fall_one_cm":299996},"minecraft:killed_by":{"minecraft:piglin":1,"minecraft:blaze":2,"minecraft:iron_golem":3,"minecraft:skeleton":1},"minecraft:mined":{"minecraft:spruce_planks":9,"minecraft:white_bed":3,"minecraft:oak_sapling":1,"minecraft:farmland":49,"minecraft:cobblestone_stairs":3,"minecraft:brewing_stand":1,"minecraft:spruce_trapdoor":3,"minecraft:grass_block":792,"minecraft:yellow_carpet":9,"minecraft:hopper":5,"minecraft:composter":11,"minecraft:crimson_fungus":1,"minecraft:nether_wart":40,"minecraft:smooth_stone":1,"minecraft:weeping_vines_plant":1,"minecraft:tall_seagrass":1,"minecraft:fire":6,"minecraft:fletching_table":10,"minecraft:oak_sign":1,"minecraft:dirt_path":26,"minecraft:oak_stairs":89,"minecraft:spruce_slab":1,"minecraft:red_bed":1,"minecraft:crimson_nylium":233,"minecraft:soul_fire":3,"minecraft:torch":2,"minecraft:poppy":2,"minecraft:chest":12,"minecraft:nether_quartz_ore":110,"minecraft:cobblestone":198,"minecraft:grindstone":20,"minecraft:sugar_cane":12,"minecraft:oak_planks":98,"minecraft:seagrass":1,"minecraft:nether_wart_block":5,"minecraft:yellow_wool":6,"minecraft:birch_log":44,"minecraft:wheat":15,"minecraft:stripped_oak_wood":1,"minecraft:warped_fungus":6,"minecraft:stone_brick_stairs":17,"minecraft:grass":169,"minecraft:oak_log":568,"minecraft:sand":23,"minecraft:dirt":1263,"minecraft:crimson_planks":1,"minecraft:netherrack":198,"minecraft:oak_leaves":246,"minecraft:nether_gold_ore":10,"minecraft:red_carpet":22,"minecraft:mossy_cobblestone":15,"minecraft:oak_door":1,"minecraft:ladder":2,"minecraft:nether_bricks":25,"minecraft:spruce_fence":1,"minecraft:crimson_roots":9,"minecraft:spruce_leaves":62,"minecraft:cartography_table":2,"minecraft:crimson_stem":141,"minecraft:hay_block":10,"minecraft:spruce_sapling":3,"minecraft:furnace":6,"minecraft:carrots":13,"minecraft:andesite":1,"minecraft:stripped_spruce_log":1,"minecraft:nether_brick_fence":3,"minecraft:bookshelf":11,"minecraft:potatoes":319,"minecraft:shroomlight":4,"minecraft:rail":1,"minecraft:stripped_oak_log":1,"minecraft:stone":748,"minecraft:bone_block":75,"minecraft:white_wool":6,"minecraft:smithing_table":2,"minecraft:oak_slab":12,"minecraft:glass_pane":5,"minecraft:soul_sand":57,"minecraft:spruce_door":3,"minecraft:oak_fence":25,"minecraft:crafting_table":5,"minecraft:lectern":239,"minecraft:tall_grass":3,"minecraft:spruce_stairs":15,"minecraft:spruce_log":1229,"minecraft:birch_leaves":12,"minecraft:yellow_bed":5,"minecraft:coal_ore":128,"minecraft:gravel":257,"minecraft:stone_bricks":17},"minecraft:killed":{"minecraft:witch":3,"minecraft:spider":2,"minecraft:skeleton":9,"minecraft:chicken":3,"minecraft:piglin":4,"minecraft:salmon":9,"minecraft:iron_golem":42,"minecraft:creeper":4,"minecraft:pillager":6,"minecraft:zombie":18,"minecraft:blaze":15,"minecraft:cow":2,"minecraft:evoker":4,"minecraft:vindicator":6,"minecraft:hoglin":1,"minecraft:wither_skeleton":8}},"DataVersion":3465}