{"stats":{"minecraft:broken":{"minecraft:iron_axe":1,"minecraft:stone_shovel":1},"minecraft:custom":{"minecraft:mob_kills":41,"minecraft:interact_with_crafting_table":71,"minecraft:bell_ring":1,"minecraft:leave_game":2,"minecraft:time_since_death":41170,"minecraft:climb_one_cm":16407,"minecraft:sprint_one_cm":486061,"minecraft:walk_one_cm":332685,"minecraft:drop":56,"minecraft:talked_to_villager":62,"minecraft:play_time":180499,"minecraft:sneak_time":20458,"minecraft:deaths":3,"minecraft:walk_under_water_one_cm":4480,"minecraft:jump":3371,"minecraft:walk_on_water_one_cm":8152,"minecraft:total_world_time":180499,"minecraft:interact_with_furnace":81,"minecraft:traded_with_villager":124,"minecraft:interact_with_cartography_table":1,"minecraft:interact_with_grindstone":1,"minecraft:sleep_in_bed":14,"minecraft:time_since_rest":11869,"minecraft:damage_taken":1542,"minecraft:damage_dealt":31928,"minecraft:swim_one_cm":14542,"minecraft:fly_one_cm":654287,"minecraft:open_chest":107,"minecraft:crouch_one_cm":57091,"minecraft:fall_one_cm":83893},"minecraft:mined":{"minecraft:spruce_planks":2,"minecraft:white_bed":3,"minecraft:oak_sapling":1,"minecraft:farmland":49,"minecraft:mossy_cobblestone":15,"minecraft:oak_door":1,"minecraft:cobblestone_stairs":3,"minecraft:brewing_stand":1,"minecraft:spruce_trapdoor":3,"minecraft:ladder":2,"minecraft:grass_block":87,"minecraft:spruce_leaves":20,"minecraft:cartography_table":2,"minecraft:composter":11,"minecraft:hopper":5,"minecraft:hay_block":10,"minecraft:smooth_stone":1,"minecraft:furnace":6,"minecraft:carrots":5,"minecraft:andesite":1,"minecraft:fletching_table":8,"minecraft:potatoes":2,"minecraft:oak_sign":1,"minecraft:dirt_path":23,"minecraft:oak_stairs":89,"minecraft:stone":73,"minecraft:white_wool":6,"minecraft:spruce_slab":1,"minecraft:smithing_table":2,"minecraft:oak_slab":12,"minecraft:glass_pane":5,"minecraft:spruce_door":3,"minecraft:oak_fence":25,"minecraft:crafting_table":4,"minecraft:torch":2,"minecraft:chest":3,"minecraft:cobblestone":198,"minecraft:grindstone":1,"minecraft:oak_planks":96,"minecraft:spruce_stairs":4,"minecraft:yellow_wool":6,"minecraft:birch_log":40,"minecraft:wheat":15,"minecraft:spruce_log":275,"minecraft:yellow_bed":2,"minecraft:stone_brick_stairs":17,"minecraft:grass":129,"minecraft:oak_log":526,"minecraft:coal_ore":73,"minecraft:gravel":105,"minecraft:dirt":272,"minecraft:stone_bricks":7,"minecraft:oak_leaves":47},"minecraft:picked_up":{"minecraft:crafting_table":4,"minecraft:wheat":15,"minecraft:ladder":2,"minecraft:chicken":4,"minecraft:yellow_wool":6,"minecraft:smithing_table":2,"minecraft:wooden_pickaxe":1,"minecraft:oak_stairs":126,"minecraft:stone_brick_stairs":17,"minecraft:brewing_stand":2,"minecraft:iron_axe":2,"minecraft:iron_shovel":1,"minecraft:beetroot":3,"minecraft:cartography_table":3,"minecraft:smooth_stone":1,"minecraft:spruce_planks":5,"minecraft:spruce_slab":2,"minecraft:poppy":40,"minecraft:chest":3,"minecraft:birch_sapling":12,"minecraft:spruce_trapdoor":3,"minecraft:furnace":6,"minecraft:iron_boots":1,"minecraft:egg":3,"minecraft:stick":130,"minecraft:stone":1,"minecraft:oak_door":3,"minecraft:oak_fence":24,"minecraft:composter":13,"minecraft:torch":23,"minecraft:spruce_stairs":16,"minecraft:carrot":69,"minecraft:arrow":4,"minecraft:rotten_flesh":1,"minecraft:beetroot_seeds":8,"minecraft:hay_block":10,"minecraft:cobblestone":566,"minecraft:white_wool":6,"minecraft:birch_log":40,"minecraft:feather":8,"minecraft:water_bucket":1,"minecraft:andesite":1,"minecraft:potato":17,"minecraft:flint":18,"minecraft:oak_log":539,"minecraft:yellow_bed":2,"minecraft:cobblestone_stairs":3,"minecraft:paper":1,"minecraft:dirt":557,"minecraft:bone":8,"minecraft:apple":8,"minecraft:stone_bricks":7,"minecraft:wheat_seeds":75,"minecraft:bell":1,"minecraft:grindstone":2,"minecraft:iron_ingot":178,"minecraft:stone_pickaxe":10,"minecraft:fletching_table":8,"minecraft:stone_hoe":1,"minecraft:oak_planks":100,"minecraft:oak_slab":12,"minecraft:oak_pressure_plate":2,"minecraft:lava_bucket":1,"minecraft:gravel":96,"minecraft:spruce_sapling":32,"minecraft:white_bed":7,"minecraft:spruce_log":290,"minecraft:spruce_door":3,"minecraft:mossy_cobblestone":22,"minecraft:diamond_shovel":2,"minecraft:diamond":1,"minecraft:stone_axe":1,"minecraft:diamond_axe":2,"minecraft:emerald":14,"minecraft:bread":18,"minecraft:oak_sapling":78,"minecraft:coal":79,"minecraft:hopper":5,"minecraft:diamond_pickaxe":2},"minecraft:killed_by":{"minecraft:iron_golem":2,"minecraft:skeleton":1},"minecraft:used":{"minecraft:oak_trapdoor":6,"minecraft:iron_shovel":154,"minecraft:spruce_slab":43,"minecraft:stone_shovel":256,"minecraft:ladder":8,"minecraft:poppy":2,"minecraft:chest":4,"minecraft:spruce_planks":2,"minecraft:bell":1,"minecraft:stone_hoe":10,"minecraft:rotten_flesh":1,"minecraft:brewing_stand":1,"minecraft:dirt":111,"minecraft:hopper":5,"minecraft:spruce_stairs":15,"minecraft:carrot":12,"minecraft:stone_brick_slab":12,"minecraft:lava_bucket":1,"minecraft:iron_axe":339,"minecraft:stone_brick_stairs":71,"minecraft:stone_bricks":15,"minecraft:furnace":7,"minecraft:egg":3,"minecraft:spruce_door":4,"minecraft:stone_pickaxe":165,"minecraft:oak_planks":3,"minecraft:cartography_table":2,"minecraft:wooden_pickaxe":3,"minecraft:composter":8,"minecraft:diamond_axe":937,"minecraft:fletching_table":10,"minecraft:mossy_cobblestone":3,"minecraft:crafting_table":6,"minecraft:white_bed":6,"minecraft:oak_log":12,"minecraft:diamond_pickaxe":234,"minecraft:apple":13,"minecraft:diamond_shovel":123,"minecraft:chicken":3,"minecraft:bread":19,"minecraft:spruce_trapdoor":13,"minecraft:spruce_sapling":20,"minecraft:gravel":11,"minecraft:stone_axe":152,"minecraft:cobblestone":9,"minecraft:grindstone":1,"minecraft:smithing_table":3,"minecraft:andesite":1,"minecraft:bucket":1,"minecraft:yellow_bed":2,"minecraft:bone_meal":8,"minecraft:smooth_stone":1},"minecraft:killed":{"minecraft:skeleton":2,"minecraft:chicken":3,"minecraft:iron_golem":32,"minecraft:zombie":2},"minecraft:crafted":{"minecraft:smooth_stone":12,"minecraft:oak_planks":1612,"minecraft:barrel":52,"minecraft:stone_shovel":2,"minecraft:furnace":13,"minecraft:blast_furnace":4,"minecraft:stone":124,"minecraft:bone_meal":12,"minecraft:diamond_shovel":2,"minecraft:oak_trapdoor":6,"minecraft:hopper":9,"minecraft:spruce_stairs":80,"minecraft:stone_brick_slab":24,"minecraft:iron_axe":2,"minecraft:ladder":6,"minecraft:spruce_slab":282,"minecraft:stone_pickaxe":21,"minecraft:chest":106,"minecraft:stone_hoe":2,"minecraft:stone_bricks":108,"minecraft:minecart":1,"minecraft:smoker":4,"minecraft:wheat":90,"minecraft:emerald":97,"minecraft:diamond_axe":1,"minecraft:crafting_table":7,"minecraft:spruce_planks":976,"minecraft:wooden_pickaxe":1,"minecraft:spruce_door":3,"minecraft:smithing_table":1,"minecraft:fletching_table":2,"minecraft:birch_planks":160,"minecraft:stone_axe":2,"minecraft:bread":35,"minecraft:air":0,"minecraft:stone_brick_stairs":56,"minecraft:spruce_trapdoor":26,"minecraft:diamond_pickaxe":1,"minecraft:stick":2544,"minecraft:iron_shovel":3},"minecraft:dropped":{"minecraft:water_bucket":1,"minecraft:stone_hoe":3,"minecraft:iron_ingot":3,"minecraft:bread":40,"minecraft:oak_pressure_plate":1,"minecraft:minecart":1,"minecraft:lava_bucket":1,"minecraft:dirt":1,"minecraft:iron_shovel":1,"minecraft:paper":1,"minecraft:stone_axe":1,"minecraft:composter":1,"minecraft:iron_boots":1,"minecraft:white_bed":1,"minecraft:potato":2,"minecraft:stone":1,"minecraft:hopper":9,"minecraft:spruce_log":2,"minecraft:wooden_pickaxe":1,"minecraft:stone_pickaxe":30}},"DataVersion":3465}