{"stats":{"minecraft:picked_up":{"minecraft:iron_chestplate":5,"minecraft:chainmail_boots":2,"minecraft:smithing_table":5,"minecraft:lead":16,"minecraft:diamond_sword":20,"minecraft:oak_stairs":126,"minecraft:birch_button":1,"minecraft:enchanted_book":1,"minecraft:brewing_stand":3,"minecraft:golden_sword":1,"minecraft:string":810,"minecraft:soul_soil":54,"minecraft:cooked_salmon":9,"minecraft:shroomlight":7,"minecraft:beetroot":3,"minecraft:diamond_leggings":7,"minecraft:gold_nugget":261,"minecraft:cobbled_deepslate":64,"minecraft:spruce_planks":92,"minecraft:composter":25,"minecraft:purpur_pillar":3,"minecraft:golden_axe":2,"minecraft:golden_chestplate":2,"minecraft:stone_sword":3,"minecraft:iron_block":222,"minecraft:end_rod":7,"minecraft:blaze_rod":80,"minecraft:iron_bars":44,"minecraft:snowball":209,"minecraft:birch_log":54,"minecraft:feather":8,"minecraft:iron_door":1,"minecraft:water_bucket":3,"minecraft:smoker":4,"minecraft:flint":65,"minecraft:rabbit":6,"minecraft:diamond_helmet":13,"minecraft:glowstone_dust":137,"minecraft:stripped_spruce_log":2,"minecraft:barrel":52,"minecraft:quartz_bricks":10,"minecraft:iron_hoe":1,"minecraft:dispenser":4,"minecraft:lever":3,"minecraft:granite":11,"minecraft:bread":144,"minecraft:diamond_pickaxe":12,"minecraft:crimson_roots":93,"minecraft:spruce_leaves":37,"minecraft:mud":1,"minecraft:crafting_table":14,"minecraft:nether_wart":127,"minecraft:leather_leggings":1,"minecraft:dragon_head":3,"minecraft:purpur_block":5,"minecraft:cornflower":1,"minecraft:elytra":5,"minecraft:red_bed":4,"minecraft:flint_and_steel":1,"minecraft:white_carpet":27,"minecraft:iron_shovel":2,"minecraft:cracked_stone_bricks":83,"minecraft:cartography_table":3,"minecraft:beef":2,"minecraft:poppy":90,"minecraft:spruce_slab":211,"minecraft:minecart":1,"minecraft:chest":118,"minecraft:birch_sapling":13,"minecraft:egg":12,"minecraft:copper_ore":2,"minecraft:stone":1675,"minecraft:oak_door":3,"minecraft:spruce_fence":9,"minecraft:carrot":879,"minecraft:redstone":122,"minecraft:stone_shovel":2,"minecraft:diamond_chestplate":14,"minecraft:beetroot_seeds":8,"minecraft:shears":4,"minecraft:diamond_boots":14,"minecraft:hay_block":10,"minecraft:purpur_slab":3,"minecraft:gold_ingot":45,"minecraft:totem_of_undying":11,"minecraft:white_wool":90,"minecraft:bone_block":315,"minecraft:rail":27,"minecraft:stripped_oak_log":1,"minecraft:birch_leaves":11,"minecraft:yellow_shulker_box":23,"minecraft:tripwire_hook":4,"minecraft:oak_log":861,"minecraft:golden_boots":3,"minecraft:blue_bed":3,"minecraft:paper":43,"minecraft:white_banner":27,"minecraft:apple":16,"minecraft:stone_bricks":203,"minecraft:stone_pickaxe":11,"minecraft:iron_ore":1,"minecraft:glass_bottle":71,"minecraft:iron_sword":9,"minecraft:red_wool":12,"minecraft:gravel":241,"minecraft:spruce_sapling":158,"minecraft:spruce_log":1728,"minecraft:dragon_egg":4,"minecraft:leather_helmet":1,"minecraft:firework_rocket":55,"minecraft:diamond_shovel":10,"minecraft:coal_ore":97,"minecraft:stone_axe":7,"minecraft:diamond_axe":8,"minecraft:warped_roots":9,"minecraft:baked_potato":430,"minecraft:warped_nylium":6,"minecraft:hopper":14,"minecraft:ender_pearl":617,"minecraft:shulker_shell":11,"minecraft:wheat":15,"minecraft:ender_chest":1,"minecraft:nether_brick_fence":7,"minecraft:yellow_wool":10,"minecraft:potion":10,"minecraft:stone_brick_stairs":34,"minecraft:crimson_planks":1,"minecraft:smooth_stone_slab":4,"minecraft:iron_leggings":7,"minecraft:smooth_stone":841,"minecraft:bucket":2,"minecraft:red_dye":24,"minecraft:ender_eye":1,"minecraft:iron_boots":6,"minecraft:furnace":25,"minecraft:tipped_arrow":11,"minecraft:stick":695,"minecraft:oak_fence":25,"minecraft:torch":95,"minecraft:spruce_stairs":84,"minecraft:porkchop":13,"minecraft:diorite":2,"minecraft:goat_horn":2,"minecraft:quartz_block":54,"minecraft:rotten_flesh":179,"minecraft:obsidian":139,"minecraft:blaze_powder":5,"minecraft:cobblestone":1720,"minecraft:magma_cream":10,"minecraft:andesite":5,"minecraft:beacon":1,"minecraft:potato":1482,"minecraft:wither_skeleton_skull":10,"minecraft:dirt":4410,"minecraft:lapis_lazuli":18,"minecraft:name_tag":2,"minecraft:glass":35,"minecraft:bone":261,"minecraft:bow":6,"minecraft:wheat_seeds":120,"minecraft:bell":2,"minecraft:grindstone":22,"minecraft:mossy_stone_bricks":165,"minecraft:fletching_table":14,"minecraft:oak_planks":118,"minecraft:stone_hoe":5,"minecraft:oak_pressure_plate":2,"minecraft:poisonous_potato":20,"minecraft:sand":120,"minecraft:grass_block":5,"minecraft:shulker_box":1,"minecraft:mossy_cobblestone":22,"minecraft:sugar":11,"minecraft:yellow_carpet":9,"minecraft:diamond":27,"minecraft:spruce_boat":2,"minecraft:crossbow":27,"minecraft:grass":2,"minecraft:bone_meal":64,"minecraft:emerald":416,"minecraft:oak_sapling":113,"minecraft:netherrack":1509,"minecraft:chorus_fruit":57,"minecraft:oak_leaves":396,"minecraft:nether_star":1,"minecraft:end_stone_bricks":14,"minecraft:end_stone_brick_stairs":76,"minecraft:splash_potion":1,"minecraft:chicken":4,"minecraft:ladder":24,"minecraft:brown_mushroom":4,"minecraft:wooden_pickaxe":3,"minecraft:gold_block":2,"minecraft:diamond_horse_armor":6,"minecraft:shield":5,"minecraft:oak_trapdoor":7,"minecraft:iron_axe":28,"minecraft:item_frame":1,"minecraft:blackstone":3,"minecraft:observer":6,"minecraft:lectern":1014,"minecraft:sugar_cane":96,"minecraft:spruce_trapdoor":48,"minecraft:raw_iron":5,"minecraft:end_stone":644,"minecraft:iron_horse_armor":3,"minecraft:weeping_vines":4,"minecraft:arrow":161,"minecraft:red_shulker_box":6,"minecraft:pumpkin_pie":42,"minecraft:nether_bricks":36,"minecraft:saddle":7,"minecraft:golden_carrot":61,"minecraft:crimson_stem":159,"minecraft:magenta_banner":5,"minecraft:leather":55,"minecraft:crimson_fungus":9,"minecraft:chainmail_chestplate":5,"minecraft:nether_wart_block":68,"minecraft:yellow_bed":9,"minecraft:gunpowder":85,"minecraft:cobblestone_stairs":3,"minecraft:red_carpet":35,"minecraft:rabbit_hide":7,"minecraft:iron_ingot":505,"minecraft:stripped_oak_wood":1,"minecraft:soul_sand":117,"minecraft:book":146,"minecraft:oak_slab":12,"minecraft:warped_fungus":10,"minecraft:stone_brick_slab":24,"minecraft:quartz":410,"minecraft:dandelion":10,"minecraft:lava_bucket":4,"minecraft:blast_furnace":7,"minecraft:white_bed":24,"minecraft:spruce_door":7,"minecraft:spider_eye":14,"minecraft:chainmail_leggings":4,"minecraft:iron_helmet":9,"minecraft:end_stone_brick_slab":9,"minecraft:coal":789},"minecraft:crafted":{"minecraft:ender_chest":5,"minecraft:smooth_stone":1237,"minecraft:blaze_powder":17,"minecraft:chain":1,"minecraft:birch_slab":6,"minecraft:lever":2,"minecraft:diamond_shovel":6,"minecraft:bookshelf":15,"minecraft:shulker_box":5,"minecraft:iron_bars":16,"minecraft:quartz_block":91,"minecraft:glass":101,"minecraft:diamond_helmet":11,"minecraft:diamond_leggings":10,"minecraft:beacon":1,"minecraft:glass_bottle":60,"minecraft:emerald":1352,"minecraft:diamond_axe":7,"minecraft:spruce_door":3,"minecraft:smithing_table":2,"minecraft:fletching_table":2,"minecraft:end_stone_brick_stairs":76,"minecraft:end_stone_brick_slab":318,"minecraft:stone_brick_stairs":56,"minecraft:lectern":10,"minecraft:iron_block":137,"minecraft:gold_ingot":27,"minecraft:golden_carrot":48,"minecraft:stone_shovel":14,"minecraft:smooth_stone_slab":36,"minecraft:iron_nugget":18,"minecraft:bone_meal":1116,"minecraft:white_carpet":156,"minecraft:spruce_stairs":80,"minecraft:ladder":54,"minecraft:spruce_slab":288,"minecraft:red_shulker_box":5,"minecraft:stone_pickaxe":21,"minecraft:diamond_boots":11,"minecraft:spruce_boat":1,"minecraft:wheat":90,"minecraft:red_bed":2,"minecraft:red_carpet":12,"minecraft:enchanted_book":35,"minecraft:golden_apple":7,"minecraft:fermented_spider_eye":1,"minecraft:iron_shovel":7,"minecraft:iron_leggings":3,"minecraft:oak_planks":2460,"minecraft:barrel":52,"minecraft:quartz_bricks":88,"minecraft:stone":212,"minecraft:heavy_weighted_pressure_plate":28,"minecraft:suspicious_stew":12,"minecraft:hopper":21,"minecraft:stone_brick_slab":24,"minecraft:bow":3,"minecraft:iron_boots":4,"minecraft:chest":114,"minecraft:stone_hoe":12,"minecraft:ender_eye":5,"minecraft:stone_bricks":148,"minecraft:oak_fence":48,"minecraft:golden_boots":1,"minecraft:smoker":4,"minecraft:oak_slab":30,"minecraft:arrow":320,"minecraft:crafting_table":12,"minecraft:spruce_planks":6592,"minecraft:wooden_pickaxe":1,"minecraft:baked_potato":256,"minecraft:iron_helmet":3,"minecraft:chainmail_chestplate":7,"minecraft:red_wool":4,"minecraft:birch_planks":200,"minecraft:apple":64,"minecraft:spruce_trapdoor":78,"minecraft:iron_chestplate":3,"minecraft:paper":84,"minecraft:diamond_pickaxe":5,"minecraft:yellow_dye":3,"minecraft:stick":15871,"minecraft:iron_ingot":279,"minecraft:snow_block":6,"minecraft:shears":3,"minecraft:cookie":216,"minecraft:furnace":21,"minecraft:blast_furnace":4,"minecraft:end_stone_bricks":276,"minecraft:oak_trapdoor":26,"minecraft:flint_and_steel":1,"minecraft:yellow_shulker_box":2,"minecraft:iron_axe":17,"minecraft:iron_hoe":4,"minecraft:observer":10,"minecraft:minecart":3,"minecraft:sugar":1,"minecraft:red_dye":8,"minecraft:crimson_planks":636,"minecraft:diamond_sword":3,"minecraft:yellow_carpet":3,"minecraft:iron_sword":2,"minecraft:bucket":2,"minecraft:stone_axe":2,"minecraft:air":0,"minecraft:bread":131,"minecraft:white_wool":84,"minecraft:anvil":2,"minecraft:pumpkin_pie":44,"minecraft:torch":256,"minecraft:diamond_chestplate":11,"minecraft:firework_rocket":201},"minecraft:dropped":{"minecraft:iron_sword":1,"minecraft:porkchop":1,"minecraft:oak_pressure_plate":1,"minecraft:chorus_fruit":20,"minecraft:glass_bottle":2,"minecraft:crafting_table":1,"minecraft:cookie":216,"minecraft:cracked_stone_bricks":9,"minecraft:saddle":1,"minecraft:rail":59,"minecraft:emerald":11,"minecraft:dirt":571,"minecraft:grass":2,"minecraft:yellow_dye":1,"minecraft:gold_nugget":16,"minecraft:bone_meal":285,"minecraft:sand":1,"minecraft:white_wool":64,"minecraft:bone":2,"minecraft:stone_axe":5,"minecraft:iron_nugget":16,"minecraft:golden_chestplate":2,"minecraft:birch_sapling":1,"minecraft:rotten_flesh":18,"minecraft:oak_planks":5,"minecraft:end_stone":2,"minecraft:white_bed":1,"minecraft:tipped_arrow":3,"minecraft:hopper":9,"minecraft:ladder":2,"minecraft:leather_leggings":1,"minecraft:spruce_slab":3,"minecraft:end_stone_bricks":6,"minecraft:glass":1,"minecraft:stone_brick_stairs":4,"minecraft:lectern":1,"minecraft:iron_ingot":22,"minecraft:enchanted_book":11,"minecraft:wheat_seeds":20,"minecraft:oak_fence":16,"minecraft:purpur_slab":1,"minecraft:book":35,"minecraft:iron_helmet":3,"minecraft:cobblestone":259,"minecraft:apple":2,"minecraft:granite":10,"minecraft:coal":37,"minecraft:lava_bucket":1,"minecraft:diamond_helmet":6,"minecraft:potion":13,"minecraft:white_banner":4,"minecraft:red_dye":99,"minecraft:chainmail_leggings":3,"minecraft:iron_shovel":4,"minecraft:paper":1,"minecraft:string":99,"minecraft:spruce_sapling":1,"minecraft:stone_brick_slab":8,"minecraft:bowl":6,"minecraft:stone_shovel":14,"minecraft:white_carpet":45,"minecraft:iron_boots":5,"minecraft:shears":1,"minecraft:suspicious_stew":6,"minecraft:diamond_sword":5,"minecraft:potato":772,"minecraft:stone":27,"minecraft:spruce_trapdoor":9,"minecraft:spruce_planks":9,"minecraft:diamond_pickaxe":4,"minecraft:spider_eye":1,"minecraft:stone_bricks":1,"minecraft:bow":2,"minecraft:birch_planks":3,"minecraft:diamond_axe":5,"minecraft:warped_fungus":1,"minecraft:baked_potato":96,"minecraft:ender_pearl":25,"minecraft:leather":4,"minecraft:iron_horse_armor":1,"minecraft:birch_slab":2,"minecraft:flint":1,"minecraft:spruce_leaves":31,"minecraft:cornflower":1,"minecraft:crimson_roots":4,"minecraft:snowball":25,"minecraft:gold_ingot":2,"minecraft:crimson_fungus":2,"minecraft:diamond_shovel":3,"minecraft:carrot":600,"minecraft:chainmail_chestplate":11,"minecraft:poppy":1035,"minecraft:beetroot_seeds":8,"minecraft:iron_ore":1,"minecraft:iron_bars":2,"minecraft:arrow":182,"minecraft:oak_leaves":55,"minecraft:splash_potion":1,"minecraft:netherrack":228,"minecraft:firework_rocket":10,"minecraft:water_bucket":1,"minecraft:stone_hoe":17,"minecraft:bread":40,"minecraft:minecart":1,"minecraft:diamond_leggings":6,"minecraft:poisonous_potato":2,"minecraft:golden_axe":1,"minecraft:stick":36,"minecraft:diorite":2,"minecraft:torch":10,"minecraft:nether_wart_block":1,"minecraft:iron_door":1,"minecraft:iron_leggings":2,"minecraft:iron_axe":28,"minecraft:dandelion":6,"minecraft:redstone":3,"minecraft:oak_trapdoor":10,"minecraft:dragon_head":1,"minecraft:blaze_rod":23,"minecraft:composter":1,"minecraft:wither_skeleton_skull":3,"minecraft:iron_hoe":1,"minecraft:ender_eye":1,"minecraft:totem_of_undying":4,"minecraft:flint_and_steel":1,"minecraft:copper_ore":2,"minecraft:shield":2,"minecraft:diamond_chestplate":4,"minecraft:dragon_egg":1,"minecraft:iron_chestplate":4,"minecraft:andesite":4,"minecraft:mossy_stone_bricks":28,"minecraft:oak_sapling":31,"minecraft:golden_sword":1,"minecraft:diamond_boots":9,"minecraft:spruce_log":2,"minecraft:stone_pickaxe":30,"minecraft:wooden_pickaxe":2},"minecraft:custom":{"minecraft:interact_with_crafting_table":191,"minecraft:open_barrel":21,"minecraft:bell_ring":6,"minecraft:leave_game":16,"minecraft:time_since_death":28978,"minecraft:play_time":1580394,"minecraft:deaths":23,"minecraft:jump":28526,"minecraft:interact_with_furnace":271,"minecraft:traded_with_villager":1626,"minecraft:interact_with_cartography_table":1,"minecraft:sleep_in_bed":75,"minecraft:damage_dealt":131151,"minecraft:interact_with_smoker":23,"minecraft:inspect_dispenser":1,"minecraft:horse_one_cm":1225,"minecraft:interact_with_anvil":38,"minecraft:inspect_hopper":9,"minecraft:sneak_time":171158,"minecraft:interact_with_blast_furnace":10,"minecraft:total_world_time":1580394,"minecraft:interact_with_stonecutter":1,"minecraft:time_since_rest":29014,"minecraft:swim_one_cm":96546,"minecraft:fly_one_cm":7896427,"minecraft:open_chest":884,"minecraft:fall_one_cm":876694,"minecraft:open_shulker_box":80,"minecraft:sprint_one_cm":4677996,"minecraft:drop":541,"minecraft:talked_to_villager":1993,"minecraft:interact_with_brewingstand":81,"minecraft:walk_on_water_one_cm":130384,"minecraft:open_enderchest":17,"minecraft:interact_with_beacon":5,"minecraft:crouch_one_cm":637960,"minecraft:mob_kills":2786,"minecraft:climb_one_cm":206497,"minecraft:walk_one_cm":3961157,"minecraft:raid_win":2,"minecraft:walk_under_water_one_cm":71651,"minecraft:boat_one_cm":329,"minecraft:interact_with_grindstone":12,"minecraft:damage_taken":32093,"minecraft:damage_absorbed":240,"minecraft:aviate_one_cm":3518516},"minecraft:broken":{"minecraft:iron_leggings":1,"minecraft:diamond_pickaxe":1,"minecraft:iron_hoe":4,"minecraft:iron_axe":1,"minecraft:stone_shovel":1},"minecraft:mined":{"minecraft:dragon_wall_head":2,"minecraft:red_shulker_box":6,"minecraft:white_bed":26,"minecraft:obsidian":77,"minecraft:granite":16,"minecraft:yellow_carpet":9,"minecraft:purpur_slab":3,"minecraft:hopper":14,"minecraft:crimson_fungus":1,"minecraft:nether_wart":40,"minecraft:spawner":1,"minecraft:weeping_vines_plant":1,"minecraft:tall_seagrass":1,"minecraft:cobbled_deepslate":3,"minecraft:fire":16,"minecraft:fletching_table":14,"minecraft:oak_sign":1,"minecraft:dirt_path":66,"minecraft:oak_stairs":89,"minecraft:iron_block":222,"minecraft:tripwire":1,"minecraft:brown_mushroom":4,"minecraft:red_bed":4,"minecraft:crimson_nylium":318,"minecraft:soul_fire":5,"minecraft:torch":10,"minecraft:blast_furnace":3,"minecraft:sugar_cane":36,"minecraft:mud":1,"minecraft:wheat":15,"minecraft:warped_fungus":7,"minecraft:stone_brick_stairs":28,"minecraft:grass":312,"minecraft:infested_mossy_stone_bricks":3,"minecraft:birch_button":2,"minecraft:piston":2,"minecraft:deepslate":55,"minecraft:mossy_cobblestone":15,"minecraft:shulker_box":1,"minecraft:end_stone":609,"minecraft:nether_bricks":40,"minecraft:spruce_fence":3,"minecraft:crimson_roots":17,"minecraft:cartography_table":2,"minecraft:snow":98,"minecraft:andesite":6,"minecraft:potatoes":408,"minecraft:rail":29,"minecraft:bone_block":124,"minecraft:white_wool":6,"minecraft:ender_chest":1,"minecraft:smithing_table":5,"minecraft:oak_slab":12,"minecraft:glass_pane":6,"minecraft:soul_sand":106,"minecraft:observer":2,"minecraft:dandelion":2,"minecraft:warped_roots":2,"minecraft:purpur_pillar":5,"minecraft:tall_grass":28,"minecraft:copper_ore":1,"minecraft:diorite":1,"minecraft:stripped_spruce_wood":1,"minecraft:white_carpet":7,"minecraft:spruce_log":1711,"minecraft:birch_leaves":63,"minecraft:gravel":273,"minecraft:cobweb":1,"minecraft:stone_bricks":201,"minecraft:spruce_planks":55,"minecraft:oak_sapling":1,"minecraft:farmland":49,"minecraft:cobblestone_stairs":3,"minecraft:brewing_stand":2,"minecraft:spruce_trapdoor":10,"minecraft:grass_block":1355,"minecraft:soul_soil":55,"minecraft:composter":20,"minecraft:smooth_stone":49,"minecraft:iron_ore":3,"minecraft:dragon_head":1,"minecraft:iron_bars":45,"minecraft:end_stone_bricks":15,"minecraft:spruce_slab":4,"minecraft:blackstone":3,"minecraft:magenta_wall_banner":8,"minecraft:purpur_stairs":3,"minecraft:end_stone_brick_slab":6,"minecraft:poppy":16,"minecraft:beacon":1,"minecraft:chest":25,"minecraft:nether_quartz_ore":258,"minecraft:wither_skeleton_wall_skull":1,"minecraft:cobblestone":221,"minecraft:grindstone":21,"minecraft:oak_planks":110,"minecraft:iron_door":1,"minecraft:wall_torch":1,"minecraft:seagrass":1,"minecraft:warped_nylium":40,"minecraft:nether_wart_block":6,"minecraft:yellow_wool":6,"minecraft:birch_log":54,"minecraft:stripped_oak_wood":1,"minecraft:purpur_block":5,"minecraft:smooth_stone_slab":2,"minecraft:oak_log":745,"minecraft:sand":173,"minecraft:dirt":2416,"minecraft:infested_cracked_stone_bricks":1,"minecraft:crimson_planks":1,"minecraft:wither_skeleton_skull":5,"minecraft:dispenser":1,"minecraft:netherrack":1336,"minecraft:oak_leaves":1423,"minecraft:nether_gold_ore":20,"minecraft:red_carpet":30,"minecraft:tuff":5,"minecraft:deepslate_diamond_ore":10,"minecraft:oak_door":1,"minecraft:lever":1,"minecraft:ladder":17,"minecraft:weeping_vines":1,"minecraft:spruce_leaves":105,"minecraft:crimson_stem":142,"minecraft:hay_block":10,"minecraft:oak_trapdoor":3,"minecraft:spruce_sapling":3,"minecraft:furnace":22,"minecraft:carrots":213,"minecraft:nether_sprouts":1,"minecraft:stripped_spruce_log":2,"minecraft:gold_block":2,"minecraft:bell":1,"minecraft:nether_brick_fence":4,"minecraft:bookshelf":29,"minecraft:shroomlight":5,"minecraft:stripped_oak_log":1,"minecraft:chorus_plant":2,"minecraft:stone":3038,"minecraft:yellow_shulker_box":21,"minecraft:podzol":196,"minecraft:infested_stone_bricks":9,"minecraft:snow_block":3,"minecraft:spruce_door":3,"minecraft:oak_fence":26,"minecraft:crafting_table":8,"minecraft:lectern":1011,"minecraft:quartz_bricks":6,"minecraft:lapis_ore":4,"minecraft:blue_bed":4,"minecraft:spruce_stairs":15,"minecraft:end_stone_brick_stairs":23,"minecraft:yellow_bed":8,"minecraft:coal_ore":350,"minecraft:end_rod":8,"minecraft:cracked_stone_bricks":94,"minecraft:mossy_stone_bricks":168},"minecraft:killed_by":{"minecraft:ravager":1,"minecraft:vindicator":5,"minecraft:zombie":2,"minecraft:stray":1,"minecraft:piglin":1,"minecraft:blaze":2,"minecraft:iron_golem":3,"minecraft:skeleton":2},"minecraft:killed":{"minecraft:shulker":19,"minecraft:skeleton":28,"minecraft:chicken":3,"minecraft:magma_cube":6,"minecraft:salmon":9,"minecraft:iron_golem":54,"minecraft:pillager":25,"minecraft:zombie":59,"minecraft:cow":3,"minecraft:evoker":7,"minecraft:vindicator":17,"minecraft:endermite":1,"minecraft:snow_golem":1,"minecraft:wandering_trader":3,"minecraft:ravager":1,"minecraft:enderman":2382,"minecraft:zombified_piglin":6,"minecraft:witch":5,"minecraft:spider":10,"minecraft:wither":1,"minecraft:silverfish":3,"minecraft:piglin":12,"minecraft:zombie_villager":1,"minecraft:creeper":40,"minecraft:sheep":1,"minecraft:trader_llama":6,"minecraft:stray":1,"minecraft:ghast":2,"minecraft:blaze":22,"minecraft:hoglin":3,"minecraft:wither_skeleton":36},"minecraft:used":{"minecraft:beetroot":3,"minecraft:nether_brick_fence":2,"minecraft:dispenser":4,"minecraft:elytra":42,"minecraft:spruce_slab":50,"minecraft:poppy":5,"minecraft:ladder":68,"minecraft:chest":113,"minecraft:stone":78,"minecraft:rotten_flesh":47,"minecraft:soul_sand":37,"minecraft:snowball":19,"minecraft:spruce_boat":2,"minecraft:lava_bucket":8,"minecraft:grass_block":2,"minecraft:stone_brick_stairs":82,"minecraft:bow":159,"minecraft:furnace":31,"minecraft:egg":7,"minecraft:end_stone_brick_stairs":46,"minecraft:potato":425,"minecraft:dragon_head":2,"minecraft:mossy_stone_bricks":131,"minecraft:end_stone_bricks":11,"minecraft:spruce_door":4,"minecraft:chorus_fruit":24,"minecraft:blackstone":3,"minecraft:wooden_pickaxe":3,"minecraft:composter":18,"minecraft:purpur_pillar":3,"minecraft:oak_leaves":261,"minecraft:blast_furnace":2,"minecraft:crying_obsidian":8,"minecraft:lectern":1023,"minecraft:nether_wart_block":32,"minecraft:diamond_sword":1330,"minecraft:smithing_table":7,"minecraft:birch_log":3,"minecraft:oak_trapdoor":17,"minecraft:iron_bars":42,"minecraft:cooked_salmon":9,"minecraft:netherrack":1169,"minecraft:torch":296,"minecraft:dragon_egg":3,"minecraft:brewing_stand":3,"minecraft:anvil":2,"minecraft:yellow_carpet":9,"minecraft:shroomlight":4,"minecraft:red_shulker_box":6,"minecraft:iron_block":349,"minecraft:iron_axe":693,"minecraft:totem_of_undying":6,"minecraft:diamond_chestplate":37,"minecraft:tripwire_hook":4,"minecraft:beef":2,"minecraft:goat_horn":2,"minecraft:cobbled_deepslate":4,"minecraft:observer":4,"minecraft:water_bucket":69,"minecraft:yellow_shulker_box":21,"minecraft:cartography_table":2,"minecraft:fletching_table":16,"minecraft:cracked_stone_bricks":74,"minecraft:mossy_cobblestone":3,"minecraft:rail":28,"minecraft:crafting_table":13,"minecraft:red_bed":6,"minecraft:white_bed":20,"minecraft:spruce_log":5,"minecraft:oak_log":124,"minecraft:diamond_pickaxe":7448,"minecraft:diamond_shovel":4282,"minecraft:iron_pickaxe":1,"minecraft:suspicious_stew":6,"minecraft:spruce_trapdoor":24,"minecraft:spruce_sapling":83,"minecraft:cobblestone":91,"minecraft:potion":25,"minecraft:porkchop":4,"minecraft:diamond_leggings":6,"minecraft:iron_shovel":155,"minecraft:bone_block":1,"minecraft:iron_sword":356,"minecraft:nether_wart":20,"minecraft:bell":2,"minecraft:spruce_leaves":6,"minecraft:nether_bricks":36,"minecraft:carrot":243,"minecraft:obsidian":24,"minecraft:glass":1,"minecraft:coal_ore":76,"minecraft:iron_helmet":2,"minecraft:crimson_roots":3,"minecraft:stone_bricks":228,"minecraft:item_frame":1,"minecraft:birch_button":1,"minecraft:red_carpet":40,"minecraft:warped_fungus":5,"minecraft:golden_boots":5,"minecraft:diamond_boots":10,"minecraft:wither_skeleton_skull":6,"minecraft:birch_leaves":2,"minecraft:stone_pickaxe":170,"minecraft:oak_planks":4,"minecraft:ender_pearl":66,"minecraft:end_stone_brick_slab":326,"minecraft:diamond_axe":3730,"minecraft:blue_bed":3,"minecraft:crossbow":7,"minecraft:end_stone":132,"minecraft:shears":434,"minecraft:lever":4,"minecraft:firework_rocket":149,"minecraft:bread":52,"minecraft:string":7,"minecraft:gravel":20,"minecraft:grindstone":22,"minecraft:chain":1,"minecraft:andesite":1,"minecraft:smooth_stone_slab":32,"minecraft:air":3,"minecraft:bone_meal":864,"minecraft:purpur_block":5,"minecraft:flint_and_steel":1,"minecraft:redstone":3,"minecraft:stone_shovel":259,"minecraft:spruce_planks":12,"minecraft:ender_chest":6,"minecraft:stone_hoe":10,"minecraft:dirt":2424,"minecraft:white_carpet":134,"minecraft:hopper":26,"minecraft:spruce_stairs":74,"minecraft:diamond_helmet":6,"minecraft:shulker_box":1,"minecraft:spruce_fence":3,"minecraft:iron_hoe":1002,"minecraft:stone_brick_slab":12,"minecraft:bookshelf":5,"minecraft:iron_boots":1,"minecraft:crimson_planks":25,"minecraft:golden_carrot":48,"minecraft:soul_soil":54,"minecraft:minecart":2,"minecraft:iron_leggings":5,"minecraft:quartz_bricks":70,"minecraft:snow_block":6,"minecraft:glass_bottle":55,"minecraft:baked_potato":383,"minecraft:beacon":2,"minecraft:smoker":1,"minecraft:apple":73,"minecraft:chicken":3,"minecraft:stone_axe":152,"minecraft:bucket":79,"minecraft:yellow_bed":9,"minecraft:pumpkin_pie":2,"minecraft:smooth_stone":1355,"minecraft:splash_potion":5,"minecraft:chainmail_leggings":3}},"DataVersion":3465}