{"stats":{"minecraft:broken":{"minecraft:iron_axe":1,"minecraft:stone_shovel":1},"minecraft:custom":{"minecraft:mob_kills":46,"minecraft:interact_with_crafting_table":73,"minecraft:bell_ring":1,"minecraft:leave_game":2,"minecraft:time_since_death":77170,"minecraft:climb_one_cm":20706,"minecraft:sprint_one_cm":589728,"minecraft:walk_one_cm":485719,"minecraft:drop":61,"minecraft:talked_to_villager":65,"minecraft:play_time":216499,"minecraft:sneak_time":23690,"minecraft:deaths":3,"minecraft:walk_under_water_one_cm":4480,"minecraft:jump":3962,"minecraft:walk_on_water_one_cm":8152,"minecraft:total_world_time":216499,"minecraft:interact_with_furnace":82,"minecraft:traded_with_villager":137,"minecraft:interact_with_cartography_table":1,"minecraft:interact_with_grindstone":1,"minecraft:sleep_in_bed":19,"minecraft:time_since_rest":12043,"minecraft:damage_taken":1972,"minecraft:damage_dealt":32888,"minecraft:swim_one_cm":14542,"minecraft:fly_one_cm":781003,"minecraft:open_chest":118,"minecraft:crouch_one_cm":72409,"minecraft:fall_one_cm":98423},"minecraft:mined":{"minecraft:spruce_planks":2,"minecraft:white_bed":3,"minecraft:oak_sapling":1,"minecraft:farmland":49,"minecraft:mossy_cobblestone":15,"minecraft:oak_door":1,"minecraft:cobblestone_stairs":3,"minecraft:brewing_stand":1,"minecraft:spruce_trapdoor":3,"minecraft:ladder":2,"minecraft:grass_block":640,"minecraft:spruce_leaves":44,"minecraft:cartography_table":2,"minecraft:composter":11,"minecraft:hopper":5,"minecraft:hay_block":10,"minecraft:smooth_stone":1,"minecraft:furnace":6,"minecraft:carrots":5,"minecraft:andesite":1,"minecraft:fletching_table":8,"minecraft:potatoes":2,"minecraft:oak_sign":1,"minecraft:dirt_path":23,"minecraft:oak_stairs":89,"minecraft:stone":203,"minecraft:white_wool":6,"minecraft:spruce_slab":1,"minecraft:smithing_table":2,"minecraft:oak_slab":12,"minecraft:glass_pane":5,"minecraft:spruce_door":3,"minecraft:oak_fence":25,"minecraft:crafting_table":4,"minecraft:torch":2,"minecraft:chest":3,"minecraft:cobblestone":198,"minecraft:grindstone":1,"minecraft:oak_planks":96,"minecraft:spruce_stairs":4,"minecraft:yellow_wool":6,"minecraft:birch_log":40,"minecraft:wheat":15,"minecraft:spruce_log":324,"minecraft:yellow_bed":2,"minecraft:stone_brick_stairs":17,"minecraft:grass":146,"minecraft:oak_log":526,"minecraft:coal_ore":75,"minecraft:gravel":145,"minecraft:dirt":994,"minecraft:stone_bricks":7,"minecraft:oak_leaves":68},"minecraft:picked_up":{"minecraft:spruce_leaves":21,"minecraft:crafting_table":5,"minecraft:wheat":15,"minecraft:ladder":2,"minecraft:chicken":4,"minecraft:yellow_wool":6,"minecraft:smithing_table":2,"minecraft:wooden_pickaxe":1,"minecraft:oak_stairs":126,"minecraft:stone_brick_stairs":17,"minecraft:brewing_stand":2,"minecraft:cornflower":1,"minecraft:string":2,"minecraft:iron_axe":3,"minecraft:iron_shovel":1,"minecraft:beetroot":3,"minecraft:cartography_table":3,"minecraft:smooth_stone":1,"minecraft:spruce_planks":5,"minecraft:spruce_slab":2,"minecraft:poppy":40,"minecraft:chest":3,"minecraft:birch_sapling":12,"minecraft:spruce_trapdoor":3,"minecraft:furnace":6,"minecraft:iron_boots":1,"minecraft:egg":3,"minecraft:stick":132,"minecraft:stone":3,"minecraft:oak_door":3,"minecraft:oak_fence":24,"minecraft:composter":13,"minecraft:torch":23,"minecraft:spruce_stairs":16,"minecraft:carrot":69,"minecraft:arrow":4,"minecraft:rotten_flesh":5,"minecraft:beetroot_seeds":8,"minecraft:hay_block":10,"minecraft:cobblestone":745,"minecraft:white_wool":6,"minecraft:birch_log":40,"minecraft:feather":8,"minecraft:water_bucket":1,"minecraft:andesite":1,"minecraft:potato":17,"minecraft:flint":27,"minecraft:oak_log":539,"minecraft:gunpowder":2,"minecraft:yellow_bed":2,"minecraft:cobblestone_stairs":3,"minecraft:paper":1,"minecraft:dirt":1836,"minecraft:bone":9,"minecraft:apple":8,"minecraft:stone_bricks":7,"minecraft:wheat_seeds":81,"minecraft:bell":1,"minecraft:grindstone":2,"minecraft:iron_ingot":178,"minecraft:stone_pickaxe":10,"minecraft:fletching_table":8,"minecraft:stone_hoe":1,"minecraft:oak_planks":100,"minecraft:oak_slab":12,"minecraft:dandelion":6,"minecraft:oak_pressure_plate":2,"minecraft:lava_bucket":1,"minecraft:gravel":127,"minecraft:spruce_sapling":32,"minecraft:white_bed":7,"minecraft:spruce_log":339,"minecraft:spruce_door":3,"minecraft:mossy_cobblestone":22,"minecraft:diamond_shovel":3,"minecraft:diamond":1,"minecraft:stone_axe":1,"minecraft:diamond_axe":2,"minecraft:grass":2,"minecraft:emerald":14,"minecraft:bread":18,"minecraft:oak_sapling":78,"minecraft:coal":81,"minecraft:oak_leaves":18,"minecraft:hopper":5,"minecraft:diamond_pickaxe":2},"minecraft:killed_by":{"minecraft:iron_golem":2,"minecraft:skeleton":1},"minecraft:used":{"minecraft:oak_trapdoor":6,"minecraft:iron_shovel":154,"minecraft:spruce_slab":43,"minecraft:stone_shovel":256,"minecraft:ladder":8,"minecraft:poppy":2,"minecraft:chest":6,"minecraft:spruce_planks":2,"minecraft:bell":1,"minecraft:stone_hoe":10,"minecraft:rotten_flesh":1,"minecraft:spruce_leaves":1,"minecraft:brewing_stand":1,"minecraft:dirt":241,"minecraft:hopper":5,"minecraft:spruce_stairs":15,"minecraft:carrot":29,"minecraft:stone_brick_slab":12,"minecraft:lava_bucket":1,"minecraft:iron_axe":339,"minecraft:stone_brick_stairs":71,"minecraft:stone_bricks":15,"minecraft:furnace":7,"minecraft:egg":3,"minecraft:spruce_door":4,"minecraft:stone_pickaxe":165,"minecraft:oak_planks":3,"minecraft:cartography_table":2,"minecraft:wooden_pickaxe":3,"minecraft:composter":8,"minecraft:diamond_axe":998,"minecraft:fletching_table":10,"minecraft:oak_leaves":18,"minecraft:mossy_cobblestone":3,"minecraft:crafting_table":6,"minecraft:white_bed":6,"minecraft:shears":46,"minecraft:oak_log":12,"minecraft:diamond_pickaxe":366,"minecraft:apple":13,"minecraft:diamond_shovel":1440,"minecraft:chicken":3,"minecraft:bread":19,"minecraft:spruce_trapdoor":13,"minecraft:spruce_sapling":20,"minecraft:gravel":19,"minecraft:stone_axe":152,"minecraft:cobblestone":9,"minecraft:grindstone":1,"minecraft:smithing_table":3,"minecraft:andesite":1,"minecraft:bucket":1,"minecraft:yellow_bed":2,"minecraft:bone_meal":8,"minecraft:smooth_stone":1},"minecraft:killed":{"minecraft:spider":1,"minecraft:skeleton":3,"minecraft:chicken":3,"minecraft:iron_golem":32,"minecraft:creeper":1,"minecraft:zombie":4},"minecraft:crafted":{"minecraft:smooth_stone":12,"minecraft:oak_planks":1612,"minecraft:barrel":52,"minecraft:stone_shovel":2,"minecraft:furnace":13,"minecraft:blast_furnace":4,"minecraft:stone":124,"minecraft:bone_meal":12,"minecraft:diamond_shovel":3,"minecraft:oak_trapdoor":6,"minecraft:hopper":9,"minecraft:spruce_stairs":80,"minecraft:stone_brick_slab":24,"minecraft:iron_axe":2,"minecraft:ladder":6,"minecraft:spruce_slab":282,"minecraft:stone_pickaxe":21,"minecraft:chest":106,"minecraft:stone_hoe":2,"minecraft:stone_bricks":108,"minecraft:minecart":1,"minecraft:smoker":4,"minecraft:wheat":90,"minecraft:emerald":109,"minecraft:diamond_axe":1,"minecraft:crafting_table":7,"minecraft:spruce_planks":1172,"minecraft:wooden_pickaxe":1,"minecraft:spruce_door":3,"minecraft:smithing_table":1,"minecraft:fletching_table":2,"minecraft:birch_planks":160,"minecraft:stone_axe":2,"minecraft:bread":35,"minecraft:air":0,"minecraft:stone_brick_stairs":56,"minecraft:spruce_trapdoor":26,"minecraft:diamond_pickaxe":1,"minecraft:stick":2936,"minecraft:iron_shovel":3,"minecraft:shears":1},"minecraft:dropped":{"minecraft:water_bucket":1,"minecraft:stone_hoe":3,"minecraft:iron_ingot":3,"minecraft:bread":40,"minecraft:oak_pressure_plate":1,"minecraft:crafting_table":1,"minecraft:minecart":1,"minecraft:lava_bucket":1,"minecraft:dirt":1,"minecraft:iron_axe":1,"minecraft:iron_shovel":1,"minecraft:paper":1,"minecraft:string":1,"minecraft:stone_axe":1,"minecraft:composter":1,"minecraft:iron_boots":1,"minecraft:diamond_shovel":1,"minecraft:white_bed":1,"minecraft:potato":2,"minecraft:stone":3,"minecraft:hopper":9,"minecraft:spruce_log":2,"minecraft:wooden_pickaxe":1,"minecraft:stone_pickaxe":30}},"DataVersion":3465}