{"stats":{"minecraft:broken":{"minecraft:iron_leggings":1,"minecraft:diamond_pickaxe":1,"minecraft:iron_hoe":4,"minecraft:iron_axe":1,"minecraft:stone_shovel":1},"minecraft:custom":{"minecraft:interact_with_crafting_table":168,"minecraft:open_barrel":11,"minecraft:bell_ring":6,"minecraft:leave_game":15,"minecraft:time_since_death":6374,"minecraft:play_time":1340848,"minecraft:deaths":21,"minecraft:jump":25251,"minecraft:interact_with_furnace":271,"minecraft:traded_with_villager":1464,"minecraft:interact_with_cartography_table":1,"minecraft:sleep_in_bed":70,"minecraft:damage_dealt":114582,"minecraft:interact_with_smoker":23,"minecraft:horse_one_cm":1225,"minecraft:interact_with_anvil":29,"minecraft:sneak_time":123478,"minecraft:interact_with_blast_furnace":10,"minecraft:total_world_time":1340848,"minecraft:interact_with_stonecutter":1,"minecraft:time_since_rest":6413,"minecraft:swim_one_cm":94069,"minecraft:fly_one_cm":6005304,"minecraft:open_chest":746,"minecraft:fall_one_cm":747304,"minecraft:open_shulker_box":30,"minecraft:sprint_one_cm":4058737,"minecraft:drop":492,"minecraft:talked_to_villager":1860,"minecraft:interact_with_brewingstand":81,"minecraft:walk_on_water_one_cm":113519,"minecraft:open_enderchest":11,"minecraft:interact_with_beacon":5,"minecraft:crouch_one_cm":453841,"minecraft:mob_kills":379,"minecraft:climb_one_cm":183753,"minecraft:walk_one_cm":3344781,"minecraft:raid_win":2,"minecraft:walk_under_water_one_cm":57835,"minecraft:boat_one_cm":329,"minecraft:interact_with_grindstone":10,"minecraft:damage_taken":25222,"minecraft:damage_absorbed":240,"minecraft:aviate_one_cm":1044984},"minecraft:mined":{"minecraft:dragon_wall_head":2,"minecraft:red_shulker_box":2,"minecraft:white_bed":17,"minecraft:obsidian":77,"minecraft:granite":16,"minecraft:yellow_carpet":9,"minecraft:purpur_slab":3,"minecraft:hopper":5,"minecraft:crimson_fungus":1,"minecraft:nether_wart":40,"minecraft:spawner":1,"minecraft:weeping_vines_plant":1,"minecraft:tall_seagrass":1,"minecraft:cobbled_deepslate":3,"minecraft:fire":16,"minecraft:fletching_table":14,"minecraft:oak_sign":1,"minecraft:dirt_path":63,"minecraft:oak_stairs":89,"minecraft:iron_block":1,"minecraft:tripwire":1,"minecraft:brown_mushroom":4,"minecraft:red_bed":4,"minecraft:crimson_nylium":318,"minecraft:soul_fire":3,"minecraft:torch":2,"minecraft:blast_furnace":3,"minecraft:sugar_cane":17,"minecraft:mud":1,"minecraft:wheat":15,"minecraft:warped_fungus":6,"minecraft:stone_brick_stairs":28,"minecraft:grass":305,"minecraft:infested_mossy_stone_bricks":3,"minecraft:birch_button":2,"minecraft:piston":2,"minecraft:deepslate":55,"minecraft:mossy_cobblestone":15,"minecraft:end_stone":377,"minecraft:nether_bricks":40,"minecraft:spruce_fence":3,"minecraft:crimson_roots":15,"minecraft:cartography_table":2,"minecraft:snow":98,"minecraft:andesite":6,"minecraft:potatoes":408,"minecraft:rail":27,"minecraft:bone_block":124,"minecraft:white_wool":6,"minecraft:smithing_table":5,"minecraft:oak_slab":12,"minecraft:glass_pane":6,"minecraft:soul_sand":98,"minecraft:dandelion":2,"minecraft:warped_roots":2,"minecraft:copper_ore":1,"minecraft:purpur_pillar":5,"minecraft:tall_grass":28,"minecraft:diorite":1,"minecraft:stripped_spruce_wood":1,"minecraft:spruce_log":1700,"minecraft:birch_leaves":63,"minecraft:gravel":273,"minecraft:cobweb":1,"minecraft:stone_bricks":201,"minecraft:spruce_planks":55,"minecraft:oak_sapling":1,"minecraft:farmland":49,"minecraft:cobblestone_stairs":3,"minecraft:brewing_stand":2,"minecraft:spruce_trapdoor":10,"minecraft:grass_block":1353,"minecraft:soul_soil":5,"minecraft:composter":20,"minecraft:smooth_stone":12,"minecraft:iron_ore":3,"minecraft:dragon_head":1,"minecraft:iron_bars":45,"minecraft:end_stone_bricks":15,"minecraft:spruce_slab":2,"minecraft:magenta_wall_banner":8,"minecraft:purpur_stairs":3,"minecraft:end_stone_brick_slab":6,"minecraft:poppy":16,"minecraft:chest":12,"minecraft:nether_quartz_ore":258,"minecraft:wither_skeleton_wall_skull":1,"minecraft:cobblestone":220,"minecraft:grindstone":21,"minecraft:oak_planks":110,"minecraft:iron_door":1,"minecraft:seagrass":1,"minecraft:warped_nylium":40,"minecraft:nether_wart_block":6,"minecraft:birch_log":54,"minecraft:yellow_wool":6,"minecraft:stripped_oak_wood":1,"minecraft:purpur_block":5,"minecraft:smooth_stone_slab":1,"minecraft:oak_log":729,"minecraft:sand":173,"minecraft:dirt":2329,"minecraft:infested_cracked_stone_bricks":1,"minecraft:crimson_planks":1,"minecraft:wither_skeleton_skull":5,"minecraft:netherrack":1334,"minecraft:oak_leaves":1414,"minecraft:nether_gold_ore":20,"minecraft:red_carpet":30,"minecraft:tuff":5,"minecraft:deepslate_diamond_ore":10,"minecraft:oak_door":1,"minecraft:ladder":17,"minecraft:weeping_vines":1,"minecraft:spruce_leaves":105,"minecraft:crimson_stem":142,"minecraft:hay_block":10,"minecraft:spruce_sapling":3,"minecraft:furnace":22,"minecraft:carrots":213,"minecraft:nether_sprouts":1,"minecraft:stripped_spruce_log":2,"minecraft:gold_block":2,"minecraft:bell":1,"minecraft:nether_brick_fence":3,"minecraft:bookshelf":24,"minecraft:shroomlight":5,"minecraft:stripped_oak_log":1,"minecraft:chorus_plant":2,"minecraft:stone":2957,"minecraft:yellow_shulker_box":2,"minecraft:podzol":196,"minecraft:infested_stone_bricks":9,"minecraft:snow_block":3,"minecraft:spruce_door":3,"minecraft:oak_fence":26,"minecraft:crafting_table":7,"minecraft:lectern":1011,"minecraft:quartz_bricks":6,"minecraft:lapis_ore":4,"minecraft:blue_bed":3,"minecraft:spruce_stairs":15,"minecraft:yellow_bed":6,"minecraft:coal_ore":349,"minecraft:end_rod":8,"minecraft:cracked_stone_bricks":94,"minecraft:mossy_stone_bricks":168},"minecraft:picked_up":{"minecraft:iron_chestplate":5,"minecraft:chainmail_boots":2,"minecraft:smithing_table":5,"minecraft:lead":14,"minecraft:diamond_sword":18,"minecraft:oak_stairs":126,"minecraft:birch_button":1,"minecraft:enchanted_book":1,"minecraft:brewing_stand":3,"minecraft:string":466,"minecraft:soul_soil":5,"minecraft:cooked_salmon":9,"minecraft:shroomlight":7,"minecraft:beetroot":3,"minecraft:diamond_leggings":6,"minecraft:cobbled_deepslate":64,"minecraft:gold_nugget":252,"minecraft:spruce_planks":92,"minecraft:composter":25,"minecraft:purpur_pillar":3,"minecraft:golden_axe":2,"minecraft:golden_chestplate":2,"minecraft:stone_sword":3,"minecraft:iron_block":1,"minecraft:end_rod":7,"minecraft:blaze_rod":73,"minecraft:iron_bars":44,"minecraft:snowball":209,"minecraft:birch_log":54,"minecraft:feather":8,"minecraft:iron_door":1,"minecraft:water_bucket":3,"minecraft:smoker":4,"minecraft:flint":65,"minecraft:rabbit":6,"minecraft:diamond_helmet":12,"minecraft:glowstone_dust":137,"minecraft:stripped_spruce_log":2,"minecraft:barrel":52,"minecraft:quartz_bricks":10,"minecraft:iron_hoe":1,"minecraft:lever":1,"minecraft:granite":11,"minecraft:bread":113,"minecraft:diamond_pickaxe":10,"minecraft:crimson_roots":92,"minecraft:spruce_leaves":37,"minecraft:mud":1,"minecraft:crafting_table":13,"minecraft:nether_wart":127,"minecraft:leather_leggings":1,"minecraft:dragon_head":3,"minecraft:purpur_block":5,"minecraft:cornflower":1,"minecraft:red_bed":4,"minecraft:elytra":4,"minecraft:flint_and_steel":1,"minecraft:white_carpet":22,"minecraft:iron_shovel":2,"minecraft:cracked_stone_bricks":83,"minecraft:cartography_table":3,"minecraft:beef":2,"minecraft:poppy":89,"minecraft:spruce_slab":209,"minecraft:minecart":1,"minecraft:chest":105,"minecraft:birch_sapling":13,"minecraft:copper_ore":2,"minecraft:egg":9,"minecraft:stone":1675,"minecraft:oak_door":3,"minecraft:spruce_fence":9,"minecraft:carrot":879,"minecraft:redstone":9,"minecraft:stone_shovel":2,"minecraft:diamond_chestplate":13,"minecraft:beetroot_seeds":8,"minecraft:shears":3,"minecraft:diamond_boots":12,"minecraft:hay_block":10,"minecraft:purpur_slab":3,"minecraft:gold_ingot":45,"minecraft:totem_of_undying":11,"minecraft:rail":25,"minecraft:bone_block":315,"minecraft:white_wool":90,"minecraft:stripped_oak_log":1,"minecraft:birch_leaves":11,"minecraft:yellow_shulker_box":3,"minecraft:tripwire_hook":4,"minecraft:oak_log":845,"minecraft:golden_boots":3,"minecraft:blue_bed":3,"minecraft:paper":1,"minecraft:white_banner":27,"minecraft:stone_bricks":203,"minecraft:apple":16,"minecraft:stone_pickaxe":11,"minecraft:iron_ore":1,"minecraft:glass_bottle":71,"minecraft:iron_sword":9,"minecraft:red_wool":12,"minecraft:gravel":241,"minecraft:spruce_sapling":158,"minecraft:spruce_log":1717,"minecraft:dragon_egg":4,"minecraft:firework_rocket":55,"minecraft:diamond_shovel":10,"minecraft:coal_ore":97,"minecraft:stone_axe":7,"minecraft:diamond_axe":8,"minecraft:warped_roots":9,"minecraft:baked_potato":353,"minecraft:warped_nylium":6,"minecraft:hopper":5,"minecraft:ender_pearl":105,"minecraft:shulker_shell":11,"minecraft:wheat":15,"minecraft:nether_brick_fence":6,"minecraft:yellow_wool":10,"minecraft:potion":10,"minecraft:stone_brick_stairs":34,"minecraft:crimson_planks":1,"minecraft:iron_leggings":7,"minecraft:smooth_stone":716,"minecraft:bucket":2,"minecraft:red_dye":24,"minecraft:ender_eye":1,"minecraft:furnace":25,"minecraft:iron_boots":6,"minecraft:tipped_arrow":11,"minecraft:stick":692,"minecraft:oak_fence":25,"minecraft:torch":86,"minecraft:spruce_stairs":84,"minecraft:porkchop":13,"minecraft:diorite":2,"minecraft:goat_horn":2,"minecraft:quartz_block":54,"minecraft:rotten_flesh":155,"minecraft:obsidian":139,"minecraft:blaze_powder":5,"minecraft:cobblestone":1658,"minecraft:magma_cream":7,"minecraft:andesite":5,"minecraft:potato":1482,"minecraft:wither_skeleton_skull":9,"minecraft:dirt":4307,"minecraft:lapis_lazuli":18,"minecraft:glass":35,"minecraft:bone":232,"minecraft:bow":5,"minecraft:wheat_seeds":120,"minecraft:bell":2,"minecraft:grindstone":22,"minecraft:mossy_stone_bricks":165,"minecraft:fletching_table":14,"minecraft:oak_planks":118,"minecraft:stone_hoe":5,"minecraft:oak_pressure_plate":2,"minecraft:poisonous_potato":20,"minecraft:sand":120,"minecraft:grass_block":5,"minecraft:mossy_cobblestone":22,"minecraft:sugar":9,"minecraft:yellow_carpet":9,"minecraft:diamond":27,"minecraft:spruce_boat":2,"minecraft:crossbow":27,"minecraft:bone_meal":64,"minecraft:grass":2,"minecraft:emerald":416,"minecraft:oak_sapling":112,"minecraft:netherrack":1507,"minecraft:chorus_fruit":57,"minecraft:oak_leaves":369,"minecraft:nether_star":1,"minecraft:end_stone_bricks":14,"minecraft:splash_potion":1,"minecraft:chicken":4,"minecraft:ladder":24,"minecraft:brown_mushroom":4,"minecraft:wooden_pickaxe":3,"minecraft:gold_block":2,"minecraft:diamond_horse_armor":6,"minecraft:shield":5,"minecraft:iron_axe":28,"minecraft:item_frame":1,"minecraft:lectern":1014,"minecraft:sugar_cane":25,"minecraft:spruce_trapdoor":48,"minecraft:raw_iron":5,"minecraft:end_stone":364,"minecraft:iron_horse_armor":3,"minecraft:weeping_vines":4,"minecraft:arrow":73,"minecraft:red_shulker_box":2,"minecraft:pumpkin_pie":42,"minecraft:nether_bricks":36,"minecraft:saddle":7,"minecraft:golden_carrot":53,"minecraft:magenta_banner":5,"minecraft:crimson_stem":159,"minecraft:leather":54,"minecraft:crimson_fungus":9,"minecraft:chainmail_chestplate":5,"minecraft:nether_wart_block":68,"minecraft:yellow_bed":7,"minecraft:gunpowder":42,"minecraft:cobblestone_stairs":3,"minecraft:red_carpet":35,"minecraft:rabbit_hide":7,"minecraft:iron_ingot":501,"minecraft:stripped_oak_wood":1,"minecraft:soul_sand":109,"minecraft:book":131,"minecraft:oak_slab":12,"minecraft:warped_fungus":10,"minecraft:stone_brick_slab":24,"minecraft:quartz":410,"minecraft:dandelion":10,"minecraft:lava_bucket":4,"minecraft:blast_furnace":7,"minecraft:white_bed":21,"minecraft:spruce_door":7,"minecraft:spider_eye":14,"minecraft:chainmail_leggings":4,"minecraft:iron_helmet":9,"minecraft:end_stone_brick_slab":9,"minecraft:coal":771},"minecraft:killed_by":{"minecraft:ravager":1,"minecraft:vindicator":5,"minecraft:zombie":2,"minecraft:stray":1,"minecraft:piglin":1,"minecraft:blaze":2,"minecraft:iron_golem":3,"minecraft:skeleton":2},"minecraft:used":{"minecraft:beetroot":3,"minecraft:nether_brick_fence":2,"minecraft:spruce_slab":50,"minecraft:poppy":5,"minecraft:ladder":68,"minecraft:elytra":23,"minecraft:chest":112,"minecraft:stone":78,"minecraft:rotten_flesh":45,"minecraft:soul_sand":29,"minecraft:snowball":19,"minecraft:spruce_boat":2,"minecraft:lava_bucket":8,"minecraft:grass_block":2,"minecraft:stone_brick_stairs":82,"minecraft:bow":117,"minecraft:furnace":31,"minecraft:egg":7,"minecraft:potato":425,"minecraft:dragon_head":2,"minecraft:mossy_stone_bricks":131,"minecraft:end_stone_bricks":9,"minecraft:spruce_door":4,"minecraft:chorus_fruit":24,"minecraft:wooden_pickaxe":3,"minecraft:composter":18,"minecraft:purpur_pillar":3,"minecraft:oak_leaves":126,"minecraft:blast_furnace":2,"minecraft:crying_obsidian":8,"minecraft:lectern":1023,"minecraft:nether_wart_block":32,"minecraft:diamond_sword":1043,"minecraft:smithing_table":7,"minecraft:birch_log":3,"minecraft:oak_trapdoor":6,"minecraft:iron_bars":42,"minecraft:cooked_salmon":9,"minecraft:netherrack":1167,"minecraft:torch":296,"minecraft:dragon_egg":3,"minecraft:brewing_stand":3,"minecraft:anvil":2,"minecraft:yellow_carpet":9,"minecraft:shroomlight":4,"minecraft:red_shulker_box":3,"minecraft:iron_block":128,"minecraft:iron_axe":682,"minecraft:totem_of_undying":6,"minecraft:diamond_chestplate":18,"minecraft:tripwire_hook":4,"minecraft:beef":2,"minecraft:goat_horn":2,"minecraft:cobbled_deepslate":4,"minecraft:water_bucket":64,"minecraft:yellow_shulker_box":4,"minecraft:cartography_table":2,"minecraft:fletching_table":16,"minecraft:cracked_stone_bricks":74,"minecraft:mossy_cobblestone":3,"minecraft:rail":25,"minecraft:crafting_table":12,"minecraft:red_bed":6,"minecraft:white_bed":20,"minecraft:spruce_log":5,"minecraft:oak_log":123,"minecraft:diamond_pickaxe":6796,"minecraft:diamond_shovel":4171,"minecraft:suspicious_stew":6,"minecraft:iron_pickaxe":1,"minecraft:spruce_trapdoor":24,"minecraft:spruce_sapling":83,"minecraft:cobblestone":89,"minecraft:potion":25,"minecraft:porkchop":4,"minecraft:diamond_leggings":5,"minecraft:iron_shovel":155,"minecraft:bone_block":1,"minecraft:iron_sword":47,"minecraft:nether_wart":20,"minecraft:bell":2,"minecraft:spruce_leaves":6,"minecraft:nether_bricks":36,"minecraft:carrot":243,"minecraft:obsidian":24,"minecraft:glass":1,"minecraft:coal_ore":76,"minecraft:iron_helmet":2,"minecraft:crimson_roots":2,"minecraft:stone_bricks":228,"minecraft:item_frame":1,"minecraft:birch_button":1,"minecraft:red_carpet":40,"minecraft:warped_fungus":5,"minecraft:golden_boots":5,"minecraft:diamond_boots":9,"minecraft:wither_skeleton_skull":6,"minecraft:birch_leaves":2,"minecraft:stone_pickaxe":165,"minecraft:oak_planks":4,"minecraft:ender_pearl":23,"minecraft:end_stone_brick_slab":326,"minecraft:blue_bed":3,"minecraft:diamond_axe":3701,"minecraft:crossbow":7,"minecraft:end_stone":66,"minecraft:shears":431,"minecraft:lever":2,"minecraft:firework_rocket":56,"minecraft:bread":24,"minecraft:string":7,"minecraft:gravel":20,"minecraft:grindstone":22,"minecraft:andesite":1,"minecraft:air":3,"minecraft:bone_meal":864,"minecraft:purpur_block":5,"minecraft:flint_and_steel":1,"minecraft:stone_shovel":259,"minecraft:spruce_planks":12,"minecraft:stone_hoe":10,"minecraft:dirt":2342,"minecraft:hopper":5,"minecraft:spruce_stairs":74,"minecraft:diamond_helmet":5,"minecraft:spruce_fence":3,"minecraft:iron_hoe":1002,"minecraft:stone_brick_slab":12,"minecraft:iron_boots":1,"minecraft:crimson_planks":25,"minecraft:golden_carrot":17,"minecraft:soul_soil":5,"minecraft:minecart":1,"minecraft:iron_leggings":5,"minecraft:quartz_bricks":70,"minecraft:snow_block":6,"minecraft:glass_bottle":55,"minecraft:baked_potato":369,"minecraft:beacon":1,"minecraft:smoker":1,"minecraft:apple":13,"minecraft:chicken":3,"minecraft:stone_axe":152,"minecraft:bucket":73,"minecraft:pumpkin_pie":2,"minecraft:yellow_bed":7,"minecraft:smooth_stone":40,"minecraft:splash_potion":5,"minecraft:chainmail_leggings":3},"minecraft:killed":{"minecraft:shulker":19,"minecraft:skeleton":23,"minecraft:chicken":3,"minecraft:magma_cube":1,"minecraft:salmon":9,"minecraft:iron_golem":53,"minecraft:pillager":25,"minecraft:zombie":49,"minecraft:cow":3,"minecraft:evoker":7,"minecraft:vindicator":17,"minecraft:snow_golem":1,"minecraft:wandering_trader":3,"minecraft:ravager":1,"minecraft:enderman":40,"minecraft:witch":4,"minecraft:spider":10,"minecraft:wither":1,"minecraft:silverfish":3,"minecraft:piglin":12,"minecraft:zombie_villager":1,"minecraft:creeper":18,"minecraft:trader_llama":6,"minecraft:stray":1,"minecraft:ghast":1,"minecraft:blaze":19,"minecraft:hoglin":2,"minecraft:wither_skeleton":28},"minecraft:crafted":{"minecraft:smooth_stone":1237,"minecraft:blaze_powder":17,"minecraft:birch_slab":6,"minecraft:lever":1,"minecraft:diamond_shovel":6,"minecraft:bookshelf":10,"minecraft:shulker_box":4,"minecraft:quartz_block":91,"minecraft:glass":101,"minecraft:diamond_helmet":8,"minecraft:diamond_leggings":7,"minecraft:beacon":1,"minecraft:glass_bottle":60,"minecraft:emerald":1233,"minecraft:diamond_axe":7,"minecraft:spruce_door":3,"minecraft:smithing_table":2,"minecraft:fletching_table":2,"minecraft:end_stone_brick_slab":318,"minecraft:stone_brick_stairs":56,"minecraft:lectern":10,"minecraft:iron_block":137,"minecraft:gold_ingot":27,"minecraft:golden_carrot":36,"minecraft:stone_shovel":14,"minecraft:bone_meal":1116,"minecraft:white_carpet":150,"minecraft:spruce_stairs":80,"minecraft:ladder":54,"minecraft:spruce_slab":288,"minecraft:red_shulker_box":4,"minecraft:stone_pickaxe":21,"minecraft:diamond_boots":8,"minecraft:spruce_boat":1,"minecraft:wheat":90,"minecraft:red_bed":2,"minecraft:red_carpet":12,"minecraft:enchanted_book":29,"minecraft:golden_apple":7,"minecraft:fermented_spider_eye":1,"minecraft:iron_shovel":7,"minecraft:iron_leggings":3,"minecraft:oak_planks":2400,"minecraft:barrel":52,"minecraft:quartz_bricks":88,"minecraft:stone":212,"minecraft:heavy_weighted_pressure_plate":28,"minecraft:suspicious_stew":12,"minecraft:hopper":9,"minecraft:stone_brick_slab":24,"minecraft:bow":3,"minecraft:iron_boots":4,"minecraft:chest":113,"minecraft:stone_hoe":12,"minecraft:stone_bricks":148,"minecraft:oak_fence":48,"minecraft:golden_boots":1,"minecraft:smoker":4,"minecraft:oak_slab":30,"minecraft:arrow":320,"minecraft:crafting_table":11,"minecraft:spruce_planks":6544,"minecraft:wooden_pickaxe":1,"minecraft:baked_potato":256,"minecraft:iron_helmet":3,"minecraft:chainmail_chestplate":7,"minecraft:red_wool":4,"minecraft:birch_planks":200,"minecraft:spruce_trapdoor":78,"minecraft:iron_chestplate":3,"minecraft:paper":24,"minecraft:diamond_pickaxe":5,"minecraft:yellow_dye":3,"minecraft:stick":15871,"minecraft:iron_ingot":54,"minecraft:snow_block":6,"minecraft:shears":3,"minecraft:cookie":216,"minecraft:furnace":21,"minecraft:blast_furnace":4,"minecraft:oak_trapdoor":6,"minecraft:end_stone_bricks":160,"minecraft:flint_and_steel":1,"minecraft:yellow_shulker_box":2,"minecraft:iron_axe":17,"minecraft:iron_hoe":4,"minecraft:minecart":2,"minecraft:sugar":1,"minecraft:red_dye":8,"minecraft:crimson_planks":636,"minecraft:diamond_sword":3,"minecraft:yellow_carpet":3,"minecraft:iron_sword":2,"minecraft:bucket":1,"minecraft:stone_axe":2,"minecraft:air":0,"minecraft:bread":131,"minecraft:white_wool":80,"minecraft:anvil":2,"minecraft:pumpkin_pie":44,"minecraft:torch":256,"minecraft:diamond_chestplate":8,"minecraft:firework_rocket":57},"minecraft:dropped":{"minecraft:iron_sword":1,"minecraft:oak_pressure_plate":1,"minecraft:chorus_fruit":20,"minecraft:glass_bottle":2,"minecraft:crafting_table":1,"minecraft:cookie":216,"minecraft:cracked_stone_bricks":8,"minecraft:saddle":1,"minecraft:rail":59,"minecraft:emerald":11,"minecraft:dirt":558,"minecraft:grass":2,"minecraft:yellow_dye":1,"minecraft:gold_nugget":16,"minecraft:bone_meal":285,"minecraft:sand":1,"minecraft:white_wool":64,"minecraft:bone":2,"minecraft:stone_axe":5,"minecraft:golden_chestplate":2,"minecraft:birch_sapling":1,"minecraft:rotten_flesh":15,"minecraft:oak_planks":5,"minecraft:end_stone":2,"minecraft:white_bed":1,"minecraft:tipped_arrow":3,"minecraft:hopper":9,"minecraft:ladder":2,"minecraft:leather_leggings":1,"minecraft:spruce_slab":2,"minecraft:end_stone_bricks":6,"minecraft:glass":1,"minecraft:stone_brick_stairs":2,"minecraft:lectern":1,"minecraft:iron_ingot":22,"minecraft:enchanted_book":11,"minecraft:wheat_seeds":19,"minecraft:oak_fence":16,"minecraft:purpur_slab":1,"minecraft:iron_helmet":3,"minecraft:cobblestone":259,"minecraft:book":35,"minecraft:apple":2,"minecraft:granite":10,"minecraft:coal":37,"minecraft:lava_bucket":1,"minecraft:diamond_helmet":6,"minecraft:potion":13,"minecraft:white_banner":4,"minecraft:red_dye":4,"minecraft:chainmail_leggings":3,"minecraft:iron_shovel":4,"minecraft:paper":1,"minecraft:string":19,"minecraft:spruce_sapling":1,"minecraft:stone_brick_slab":8,"minecraft:bowl":6,"minecraft:stone_shovel":14,"minecraft:white_carpet":44,"minecraft:iron_boots":5,"minecraft:shears":1,"minecraft:suspicious_stew":6,"minecraft:diamond_sword":4,"minecraft:potato":771,"minecraft:stone":27,"minecraft:spruce_trapdoor":9,"minecraft:spruce_planks":9,"minecraft:diamond_pickaxe":4,"minecraft:spider_eye":1,"minecraft:stone_bricks":1,"minecraft:bow":2,"minecraft:birch_planks":3,"minecraft:diamond_axe":4,"minecraft:warped_fungus":1,"minecraft:baked_potato":96,"minecraft:ender_pearl":24,"minecraft:leather":3,"minecraft:iron_horse_armor":1,"minecraft:birch_slab":2,"minecraft:flint":1,"minecraft:spruce_leaves":31,"minecraft:cornflower":1,"minecraft:crimson_roots":4,"minecraft:snowball":25,"minecraft:gold_ingot":2,"minecraft:diamond_shovel":3,"minecraft:carrot":600,"minecraft:chainmail_chestplate":11,"minecraft:poppy":7,"minecraft:iron_bars":2,"minecraft:arrow":182,"minecraft:oak_leaves":41,"minecraft:splash_potion":1,"minecraft:netherrack":228,"minecraft:firework_rocket":10,"minecraft:stone_hoe":17,"minecraft:water_bucket":1,"minecraft:bread":40,"minecraft:minecart":1,"minecraft:diamond_leggings":6,"minecraft:poisonous_potato":2,"minecraft:golden_axe":1,"minecraft:stick":36,"minecraft:diorite":2,"minecraft:torch":10,"minecraft:nether_wart_block":1,"minecraft:iron_door":1,"minecraft:iron_leggings":2,"minecraft:iron_axe":28,"minecraft:dandelion":6,"minecraft:redstone":3,"minecraft:dragon_head":1,"minecraft:blaze_rod":23,"minecraft:composter":1,"minecraft:wither_skeleton_skull":3,"minecraft:iron_hoe":1,"minecraft:ender_eye":1,"minecraft:totem_of_undying":4,"minecraft:flint_and_steel":1,"minecraft:copper_ore":2,"minecraft:shield":2,"minecraft:diamond_chestplate":4,"minecraft:dragon_egg":1,"minecraft:iron_chestplate":4,"minecraft:andesite":4,"minecraft:mossy_stone_bricks":28,"minecraft:oak_sapling":30,"minecraft:diamond_boots":8,"minecraft:spruce_log":2,"minecraft:stone_pickaxe":30,"minecraft:wooden_pickaxe":2}},"DataVersion":3465}