{"stats":{"minecraft:broken":{"minecraft:iron_axe":1,"minecraft:stone_shovel":1},"minecraft:custom":{"minecraft:mob_kills":36,"minecraft:interact_with_crafting_table":51,"minecraft:bell_ring":1,"minecraft:leave_game":1,"minecraft:time_since_death":32970,"minecraft:climb_one_cm":14346,"minecraft:sprint_one_cm":387217,"minecraft:walk_one_cm":245519,"minecraft:drop":52,"minecraft:talked_to_villager":59,"minecraft:play_time":131393,"minecraft:deaths":2,"minecraft:sneak_time":17257,"minecraft:walk_under_water_one_cm":1241,"minecraft:jump":2586,"minecraft:walk_on_water_one_cm":6355,"minecraft:total_world_time":131393,"minecraft:interact_with_furnace":23,"minecraft:traded_with_villager":123,"minecraft:interact_with_cartography_table":1,"minecraft:interact_with_grindstone":1,"minecraft:sleep_in_bed":9,"minecraft:time_since_rest":20177,"minecraft:damage_taken":1099,"minecraft:damage_dealt":28097,"minecraft:swim_one_cm":4585,"minecraft:fly_one_cm":489645,"minecraft:open_chest":75,"minecraft:crouch_one_cm":47622,"minecraft:fall_one_cm":61321},"minecraft:mined":{"minecraft:farmland":49,"minecraft:white_bed":3,"minecraft:oak_sapling":1,"minecraft:mossy_cobblestone":15,"minecraft:oak_door":1,"minecraft:cobblestone_stairs":3,"minecraft:ladder":2,"minecraft:grass_block":73,"minecraft:spruce_leaves":20,"minecraft:cartography_table":1,"minecraft:composter":6,"minecraft:hopper":5,"minecraft:hay_block":10,"minecraft:furnace":4,"minecraft:carrots":5,"minecraft:andesite":1,"minecraft:fletching_table":8,"minecraft:potatoes":2,"minecraft:oak_sign":1,"minecraft:dirt_path":23,"minecraft:oak_stairs":89,"minecraft:white_wool":6,"minecraft:smithing_table":2,"minecraft:oak_slab":12,"minecraft:glass_pane":5,"minecraft:oak_fence":25,"minecraft:crafting_table":3,"minecraft:torch":2,"minecraft:chest":3,"minecraft:cobblestone":152,"minecraft:oak_planks":88,"minecraft:yellow_wool":6,"minecraft:birch_log":40,"minecraft:wheat":15,"minecraft:spruce_log":227,"minecraft:yellow_bed":1,"minecraft:grass":22,"minecraft:oak_log":526,"minecraft:coal_ore":19,"minecraft:gravel":94,"minecraft:dirt":228,"minecraft:oak_leaves":47},"minecraft:picked_up":{"minecraft:crafting_table":3,"minecraft:wheat":15,"minecraft:chicken":4,"minecraft:ladder":2,"minecraft:yellow_wool":6,"minecraft:smithing_table":2,"minecraft:wooden_pickaxe":1,"minecraft:oak_stairs":126,"minecraft:brewing_stand":1,"minecraft:iron_axe":2,"minecraft:iron_shovel":1,"minecraft:beetroot":3,"minecraft:cartography_table":2,"minecraft:spruce_planks":1,"minecraft:poppy":35,"minecraft:chest":3,"minecraft:birch_sapling":12,"minecraft:furnace":4,"minecraft:iron_boots":1,"minecraft:egg":3,"minecraft:stick":112,"minecraft:oak_door":3,"minecraft:oak_fence":24,"minecraft:composter":8,"minecraft:torch":22,"minecraft:spruce_stairs":12,"minecraft:carrot":34,"minecraft:arrow":2,"minecraft:beetroot_seeds":8,"minecraft:hay_block":10,"minecraft:cobblestone":377,"minecraft:white_wool":6,"minecraft:birch_log":40,"minecraft:feather":8,"minecraft:water_bucket":1,"minecraft:andesite":1,"minecraft:potato":17,"minecraft:flint":16,"minecraft:oak_log":539,"minecraft:yellow_bed":1,"minecraft:cobblestone_stairs":3,"minecraft:paper":1,"minecraft:dirt":499,"minecraft:bone":6,"minecraft:apple":8,"minecraft:wheat_seeds":60,"minecraft:bell":1,"minecraft:grindstone":1,"minecraft:iron_ingot":140,"minecraft:stone_pickaxe":10,"minecraft:fletching_table":8,"minecraft:stone_hoe":1,"minecraft:oak_planks":92,"minecraft:oak_slab":12,"minecraft:oak_pressure_plate":2,"minecraft:lava_bucket":1,"minecraft:gravel":77,"minecraft:spruce_sapling":18,"minecraft:white_bed":7,"minecraft:spruce_log":225,"minecraft:mossy_cobblestone":22,"minecraft:diamond_shovel":1,"minecraft:diamond":1,"minecraft:stone_axe":1,"minecraft:diamond_axe":1,"minecraft:emerald":2,"minecraft:bread":18,"minecraft:oak_sapling":78,"minecraft:coal":19,"minecraft:hopper":5,"minecraft:diamond_pickaxe":1},"minecraft:killed_by":{"minecraft:iron_golem":1,"minecraft:skeleton":1},"minecraft:used":{"minecraft:iron_shovel":154,"minecraft:stone_shovel":256,"minecraft:ladder":8,"minecraft:poppy":2,"minecraft:chest":4,"minecraft:bell":1,"minecraft:stone_hoe":10,"minecraft:brewing_stand":1,"minecraft:dirt":108,"minecraft:hopper":5,"minecraft:carrot":2,"minecraft:lava_bucket":1,"minecraft:iron_axe":339,"minecraft:furnace":4,"minecraft:egg":3,"minecraft:stone_pickaxe":165,"minecraft:oak_planks":3,"minecraft:cartography_table":2,"minecraft:wooden_pickaxe":3,"minecraft:composter":8,"minecraft:diamond_axe":826,"minecraft:fletching_table":10,"minecraft:mossy_cobblestone":3,"minecraft:crafting_table":5,"minecraft:white_bed":6,"minecraft:diamond_pickaxe":32,"minecraft:apple":13,"minecraft:diamond_shovel":60,"minecraft:chicken":3,"minecraft:bread":19,"minecraft:spruce_sapling":16,"minecraft:stone_axe":152,"minecraft:cobblestone":5,"minecraft:grindstone":1,"minecraft:smithing_table":3,"minecraft:andesite":1,"minecraft:bucket":1,"minecraft:yellow_bed":1,"minecraft:bone_meal":8},"minecraft:killed":{"minecraft:skeleton":1,"minecraft:chicken":3,"minecraft:iron_golem":28,"minecraft:zombie":2},"minecraft:crafted":{"minecraft:oak_planks":1612,"minecraft:barrel":18,"minecraft:stone_shovel":2,"minecraft:stone":62,"minecraft:bone_meal":12,"minecraft:diamond_shovel":2,"minecraft:oak_trapdoor":6,"minecraft:hopper":9,"minecraft:spruce_stairs":80,"minecraft:stone_brick_slab":24,"minecraft:iron_axe":2,"minecraft:ladder":6,"minecraft:spruce_slab":252,"minecraft:stone_pickaxe":21,"minecraft:chest":106,"minecraft:stone_hoe":2,"minecraft:stone_bricks":60,"minecraft:minecart":1,"minecraft:wheat":90,"minecraft:emerald":96,"minecraft:diamond_axe":1,"minecraft:crafting_table":2,"minecraft:spruce_planks":748,"minecraft:wooden_pickaxe":1,"minecraft:spruce_door":3,"minecraft:smithing_table":1,"minecraft:fletching_table":2,"minecraft:birch_planks":160,"minecraft:stone_axe":2,"minecraft:bread":35,"minecraft:air":0,"minecraft:stone_brick_stairs":24,"minecraft:spruce_trapdoor":26,"minecraft:diamond_pickaxe":1,"minecraft:stick":2544,"minecraft:iron_shovel":3},"minecraft:dropped":{"minecraft:water_bucket":1,"minecraft:stone_hoe":3,"minecraft:iron_ingot":3,"minecraft:bread":40,"minecraft:minecart":1,"minecraft:lava_bucket":1,"minecraft:dirt":1,"minecraft:iron_shovel":1,"minecraft:paper":1,"minecraft:stone_axe":1,"minecraft:iron_boots":1,"minecraft:white_bed":1,"minecraft:potato":2,"minecraft:hopper":9,"minecraft:wooden_pickaxe":1,"minecraft:stone_pickaxe":30}},"DataVersion":3465}