{"stats":{"minecraft:picked_up":{"minecraft:iron_chestplate":5,"minecraft:wheat":15,"minecraft:chainmail_boots":2,"minecraft:nether_brick_fence":6,"minecraft:yellow_wool":10,"minecraft:smithing_table":2,"minecraft:lead":6,"minecraft:diamond_sword":15,"minecraft:oak_stairs":126,"minecraft:potion":7,"minecraft:stone_brick_stairs":23,"minecraft:crimson_planks":1,"minecraft:brewing_stand":2,"minecraft:string":19,"minecraft:cooked_salmon":9,"minecraft:iron_leggings":7,"minecraft:shroomlight":6,"minecraft:beetroot":3,"minecraft:diamond_leggings":4,"minecraft:smooth_stone":1,"minecraft:gold_nugget":251,"minecraft:cobbled_deepslate":60,"minecraft:bucket":2,"minecraft:spruce_planks":51,"minecraft:red_dye":16,"minecraft:ender_eye":1,"minecraft:iron_boots":6,"minecraft:furnace":9,"minecraft:tipped_arrow":11,"minecraft:stick":687,"minecraft:composter":13,"minecraft:oak_fence":24,"minecraft:torch":52,"minecraft:spruce_stairs":84,"minecraft:porkchop":13,"minecraft:golden_axe":2,"minecraft:golden_chestplate":2,"minecraft:goat_horn":2,"minecraft:quartz_block":54,"minecraft:rotten_flesh":109,"minecraft:iron_block":1,"minecraft:blaze_rod":73,"minecraft:snowball":132,"minecraft:cobblestone":1500,"minecraft:birch_log":54,"minecraft:feather":8,"minecraft:magma_cream":5,"minecraft:iron_door":1,"minecraft:water_bucket":2,"minecraft:andesite":5,"minecraft:smoker":4,"minecraft:potato":1479,"minecraft:flint":63,"minecraft:wither_skeleton_skull":1,"minecraft:lapis_lazuli":18,"minecraft:dirt":2957,"minecraft:glass":17,"minecraft:bone":155,"minecraft:bow":3,"minecraft:wheat_seeds":108,"minecraft:bell":1,"minecraft:grindstone":21,"minecraft:mossy_stone_bricks":6,"minecraft:fletching_table":12,"minecraft:rabbit":6,"minecraft:diamond_helmet":10,"minecraft:glowstone_dust":137,"minecraft:stone_hoe":5,"minecraft:oak_planks":118,"minecraft:oak_pressure_plate":2,"minecraft:poisonous_potato":20,"minecraft:sand":120,"minecraft:stripped_spruce_log":1,"minecraft:grass_block":5,"minecraft:barrel":52,"minecraft:mossy_cobblestone":22,"minecraft:quartz_bricks":1,"minecraft:iron_hoe":1,"minecraft:sugar":9,"minecraft:yellow_carpet":9,"minecraft:diamond":20,"minecraft:spruce_boat":2,"minecraft:crossbow":27,"minecraft:granite":6,"minecraft:grass":2,"minecraft:emerald":358,"minecraft:bread":18,"minecraft:oak_sapling":112,"minecraft:netherrack":1449,"minecraft:oak_leaves":193,"minecraft:crimson_roots":86,"minecraft:diamond_pickaxe":4,"minecraft:spruce_leaves":29,"minecraft:crafting_table":11,"minecraft:splash_potion":1,"minecraft:ladder":12,"minecraft:chicken":4,"minecraft:nether_wart":112,"minecraft:brown_mushroom":4,"minecraft:wooden_pickaxe":3,"minecraft:gold_block":2,"minecraft:diamond_horse_armor":6,"minecraft:shield":4,"minecraft:cornflower":1,"minecraft:red_bed":1,"minecraft:iron_axe":28,"minecraft:flint_and_steel":1,"minecraft:item_frame":1,"minecraft:iron_shovel":2,"minecraft:cracked_stone_bricks":1,"minecraft:cartography_table":3,"minecraft:beef":2,"minecraft:poppy":71,"minecraft:spruce_slab":206,"minecraft:minecart":1,"minecraft:lectern":704,"minecraft:sugar_cane":20,"minecraft:chest":105,"minecraft:birch_sapling":13,"minecraft:spruce_trapdoor":29,"minecraft:egg":6,"minecraft:raw_iron":5,"minecraft:stone":3,"minecraft:oak_door":3,"minecraft:spruce_fence":9,"minecraft:carrot":344,"minecraft:redstone":6,"minecraft:iron_horse_armor":3,"minecraft:arrow":47,"minecraft:weeping_vines":4,"minecraft:stone_shovel":2,"minecraft:diamond_chestplate":11,"minecraft:beetroot_seeds":8,"minecraft:nether_bricks":23,"minecraft:shears":1,"minecraft:diamond_boots":9,"minecraft:hay_block":10,"minecraft:saddle":7,"minecraft:gold_ingot":45,"minecraft:totem_of_undying":11,"minecraft:bone_block":315,"minecraft:rail":23,"minecraft:white_wool":6,"minecraft:stripped_oak_log":1,"minecraft:birch_leaves":11,"minecraft:crimson_stem":159,"minecraft:leather":39,"minecraft:crimson_fungus":9,"minecraft:oak_log":809,"minecraft:chainmail_chestplate":5,"minecraft:golden_boots":3,"minecraft:yellow_bed":6,"minecraft:nether_wart_block":68,"minecraft:gunpowder":19,"minecraft:cobblestone_stairs":3,"minecraft:paper":1,"minecraft:white_banner":27,"minecraft:red_carpet":26,"minecraft:apple":16,"minecraft:stone_bricks":36,"minecraft:rabbit_hide":7,"minecraft:iron_ingot":473,"minecraft:stone_pickaxe":11,"minecraft:stripped_oak_wood":1,"minecraft:glass_bottle":35,"minecraft:iron_sword":9,"minecraft:soul_sand":97,"minecraft:book":126,"minecraft:oak_slab":12,"minecraft:warped_fungus":10,"minecraft:stone_brick_slab":24,"minecraft:red_wool":12,"minecraft:quartz":410,"minecraft:dandelion":7,"minecraft:gravel":240,"minecraft:lava_bucket":4,"minecraft:spruce_sapling":153,"minecraft:blast_furnace":4,"minecraft:white_bed":10,"minecraft:spruce_log":1605,"minecraft:spruce_door":6,"minecraft:spider_eye":7,"minecraft:diamond_shovel":8,"minecraft:stone_axe":7,"minecraft:chainmail_leggings":4,"minecraft:iron_helmet":9,"minecraft:diamond_axe":5,"minecraft:warped_roots":9,"minecraft:baked_potato":306,"minecraft:warped_nylium":6,"minecraft:coal":269,"minecraft:hopper":5,"minecraft:ender_pearl":20},"minecraft:crafted":{"minecraft:smooth_stone":12,"minecraft:oak_planks":2256,"minecraft:barrel":52,"minecraft:blaze_powder":17,"minecraft:quartz_bricks":88,"minecraft:birch_slab":6,"minecraft:stone":212,"minecraft:diamond_shovel":6,"minecraft:bookshelf":4,"minecraft:heavy_weighted_pressure_plate":28,"minecraft:quartz_block":91,"minecraft:glass":65,"minecraft:hopper":9,"minecraft:stone_brick_slab":24,"minecraft:bow":3,"minecraft:diamond_helmet":4,"minecraft:diamond_leggings":3,"minecraft:iron_boots":4,"minecraft:chest":109,"minecraft:stone_hoe":12,"minecraft:stone_bricks":148,"minecraft:golden_boots":1,"minecraft:smoker":4,"minecraft:glass_bottle":60,"minecraft:emerald":924,"minecraft:arrow":192,"minecraft:diamond_axe":7,"minecraft:crafting_table":9,"minecraft:spruce_planks":6276,"minecraft:iron_helmet":3,"minecraft:wooden_pickaxe":1,"minecraft:baked_potato":256,"minecraft:spruce_door":3,"minecraft:chainmail_chestplate":7,"minecraft:smithing_table":1,"minecraft:red_wool":4,"minecraft:fletching_table":2,"minecraft:birch_planks":200,"minecraft:stone_brick_stairs":56,"minecraft:spruce_trapdoor":30,"minecraft:lectern":4,"minecraft:iron_chestplate":3,"minecraft:diamond_pickaxe":3,"minecraft:stick":15579,"minecraft:iron_ingot":45,"minecraft:iron_block":133,"minecraft:snow_block":2,"minecraft:gold_ingot":27,"minecraft:shears":1,"minecraft:stone_shovel":14,"minecraft:furnace":13,"minecraft:blast_furnace":4,"minecraft:bone_meal":684,"minecraft:oak_trapdoor":6,"minecraft:flint_and_steel":1,"minecraft:spruce_stairs":80,"minecraft:iron_axe":17,"minecraft:ladder":6,"minecraft:iron_hoe":4,"minecraft:spruce_slab":282,"minecraft:stone_pickaxe":21,"minecraft:diamond_boots":4,"minecraft:spruce_boat":1,"minecraft:minecart":2,"minecraft:wheat":90,"minecraft:sugar":1,"minecraft:crimson_planks":636,"minecraft:diamond_sword":2,"minecraft:yellow_carpet":3,"minecraft:iron_sword":2,"minecraft:red_bed":2,"minecraft:red_carpet":12,"minecraft:stone_axe":2,"minecraft:enchanted_book":13,"minecraft:bread":35,"minecraft:air":0,"minecraft:golden_apple":7,"minecraft:fermented_spider_eye":1,"minecraft:iron_shovel":7,"minecraft:iron_leggings":3,"minecraft:anvil":1,"minecraft:diamond_chestplate":4},"minecraft:dropped":{"minecraft:iron_sword":1,"minecraft:birch_planks":3,"minecraft:diamond_axe":3,"minecraft:oak_pressure_plate":1,"minecraft:warped_fungus":1,"minecraft:baked_potato":54,"minecraft:ender_pearl":10,"minecraft:crafting_table":1,"minecraft:iron_horse_armor":1,"minecraft:saddle":1,"minecraft:birch_slab":2,"minecraft:flint":1,"minecraft:emerald":11,"minecraft:spruce_leaves":22,"minecraft:dirt":116,"minecraft:grass":2,"minecraft:cornflower":1,"minecraft:gold_nugget":16,"minecraft:sand":1,"minecraft:bone":2,"minecraft:gold_ingot":2,"minecraft:stone_axe":5,"minecraft:golden_chestplate":2,"minecraft:birch_sapling":1,"minecraft:rotten_flesh":6,"minecraft:oak_planks":3,"minecraft:diamond_shovel":3,"minecraft:white_bed":1,"minecraft:carrot":196,"minecraft:chainmail_chestplate":11,"minecraft:poppy":7,"minecraft:tipped_arrow":3,"minecraft:hopper":9,"minecraft:arrow":132,"minecraft:glass":1,"minecraft:stone_brick_stairs":2,"minecraft:splash_potion":1,"minecraft:oak_leaves":4,"minecraft:lectern":1,"minecraft:water_bucket":1,"minecraft:stone_hoe":17,"minecraft:iron_ingot":21,"minecraft:bread":40,"minecraft:wheat_seeds":12,"minecraft:minecart":1,"minecraft:diamond_leggings":3,"minecraft:poisonous_potato":2,"minecraft:iron_helmet":3,"minecraft:golden_axe":1,"minecraft:cobblestone":15,"minecraft:book":35,"minecraft:apple":2,"minecraft:granite":6,"minecraft:coal":37,"minecraft:stick":17,"minecraft:lava_bucket":1,"minecraft:torch":9,"minecraft:nether_wart_block":1,"minecraft:iron_door":1,"minecraft:diamond_helmet":3,"minecraft:potion":13,"minecraft:iron_leggings":2,"minecraft:white_banner":4,"minecraft:iron_axe":28,"minecraft:iron_shovel":4,"minecraft:chainmail_leggings":3,"minecraft:paper":1,"minecraft:string":7,"minecraft:dandelion":6,"minecraft:stone_brick_slab":8,"minecraft:blaze_rod":23,"minecraft:composter":1,"minecraft:stone_shovel":14,"minecraft:wither_skeleton_skull":1,"minecraft:iron_boots":5,"minecraft:iron_hoe":1,"minecraft:ender_eye":1,"minecraft:totem_of_undying":4,"minecraft:shears":1,"minecraft:flint_and_steel":1,"minecraft:diamond_sword":3,"minecraft:potato":771,"minecraft:stone":5,"minecraft:shield":1,"minecraft:diamond_chestplate":1,"minecraft:spruce_planks":1,"minecraft:diamond_pickaxe":1,"minecraft:iron_chestplate":4,"minecraft:andesite":4,"minecraft:oak_sapling":30,"minecraft:spider_eye":1,"minecraft:diamond_boots":4,"minecraft:spruce_log":2,"minecraft:bow":2,"minecraft:stone_pickaxe":30,"minecraft:wooden_pickaxe":2},"minecraft:custom":{"minecraft:interact_with_crafting_table":137,"minecraft:open_barrel":2,"minecraft:bell_ring":6,"minecraft:leave_game":10,"minecraft:time_since_death":223614,"minecraft:sprint_one_cm":2700006,"minecraft:drop":325,"minecraft:talked_to_villager":1335,"minecraft:play_time":918803,"minecraft:deaths":19,"minecraft:jump":17575,"minecraft:interact_with_brewingstand":66,"minecraft:walk_on_water_one_cm":67981,"minecraft:interact_with_furnace":113,"minecraft:traded_with_villager":1050,"minecraft:interact_with_cartography_table":1,"minecraft:sleep_in_bed":56,"minecraft:damage_dealt":86494,"minecraft:crouch_one_cm":290417,"minecraft:interact_with_smoker":22,"minecraft:horse_one_cm":1225,"minecraft:interact_with_anvil":19,"minecraft:mob_kills":230,"minecraft:climb_one_cm":144433,"minecraft:walk_one_cm":2333791,"minecraft:raid_win":2,"minecraft:sneak_time":83277,"minecraft:walk_under_water_one_cm":41524,"minecraft:boat_one_cm":329,"minecraft:interact_with_blast_furnace":6,"minecraft:total_world_time":918803,"minecraft:interact_with_grindstone":8,"minecraft:time_since_rest":966,"minecraft:damage_absorbed":240,"minecraft:damage_taken":17546,"minecraft:swim_one_cm":75137,"minecraft:fly_one_cm":3613593,"minecraft:open_chest":457,"minecraft:fall_one_cm":508978},"minecraft:broken":{"minecraft:iron_leggings":1,"minecraft:diamond_pickaxe":1,"minecraft:stone_shovel":1,"minecraft:iron_hoe":4,"minecraft:iron_axe":1},"minecraft:mined":{"minecraft:spruce_planks":18,"minecraft:oak_sapling":1,"minecraft:white_bed":6,"minecraft:farmland":49,"minecraft:cobblestone_stairs":3,"minecraft:brewing_stand":1,"minecraft:spruce_trapdoor":5,"minecraft:granite":10,"minecraft:grass_block":974,"minecraft:yellow_carpet":9,"minecraft:crimson_fungus":1,"minecraft:composter":11,"minecraft:hopper":5,"minecraft:nether_wart":40,"minecraft:smooth_stone":1,"minecraft:weeping_vines_plant":1,"minecraft:tall_seagrass":1,"minecraft:iron_ore":2,"minecraft:fire":15,"minecraft:fletching_table":12,"minecraft:oak_sign":1,"minecraft:dirt_path":34,"minecraft:oak_stairs":89,"minecraft:iron_block":1,"minecraft:spruce_slab":1,"minecraft:brown_mushroom":4,"minecraft:red_bed":1,"minecraft:crimson_nylium":318,"minecraft:soul_fire":3,"minecraft:torch":2,"minecraft:poppy":4,"minecraft:chest":12,"minecraft:nether_quartz_ore":258,"minecraft:cobblestone":207,"minecraft:oak_planks":110,"minecraft:sugar_cane":12,"minecraft:grindstone":20,"minecraft:iron_door":1,"minecraft:seagrass":1,"minecraft:warped_nylium":40,"minecraft:nether_wart_block":6,"minecraft:yellow_wool":6,"minecraft:birch_log":54,"minecraft:wheat":15,"minecraft:stripped_oak_wood":1,"minecraft:warped_fungus":6,"minecraft:stone_brick_stairs":17,"minecraft:smooth_stone_slab":1,"minecraft:grass":245,"minecraft:oak_log":693,"minecraft:sand":173,"minecraft:dirt":1613,"minecraft:crimson_planks":1,"minecraft:netherrack":1277,"minecraft:deepslate":53,"minecraft:oak_leaves":1224,"minecraft:nether_gold_ore":20,"minecraft:tuff":5,"minecraft:red_carpet":22,"minecraft:mossy_cobblestone":15,"minecraft:deepslate_diamond_ore":8,"minecraft:oak_door":1,"minecraft:nether_bricks":25,"minecraft:ladder":11,"minecraft:spruce_fence":3,"minecraft:crimson_roots":10,"minecraft:weeping_vines":1,"minecraft:spruce_leaves":77,"minecraft:cartography_table":2,"minecraft:crimson_stem":142,"minecraft:hay_block":10,"minecraft:spruce_sapling":3,"minecraft:furnace":6,"minecraft:carrots":82,"minecraft:nether_sprouts":1,"minecraft:andesite":6,"minecraft:stripped_spruce_log":1,"minecraft:gold_block":2,"minecraft:nether_brick_fence":3,"minecraft:bookshelf":24,"minecraft:potatoes":408,"minecraft:shroomlight":4,"minecraft:rail":25,"minecraft:stripped_oak_log":1,"minecraft:stone":1011,"minecraft:bone_block":124,"minecraft:white_wool":6,"minecraft:podzol":1,"minecraft:smithing_table":2,"minecraft:oak_slab":12,"minecraft:glass_pane":5,"minecraft:soul_sand":78,"minecraft:infested_stone_bricks":2,"minecraft:dandelion":1,"minecraft:spruce_door":3,"minecraft:oak_fence":25,"minecraft:crafting_table":5,"minecraft:warped_roots":2,"minecraft:lectern":702,"minecraft:tall_grass":21,"minecraft:quartz_bricks":1,"minecraft:lapis_ore":4,"minecraft:spruce_stairs":15,"minecraft:birch_leaves":63,"minecraft:spruce_log":1588,"minecraft:yellow_bed":5,"minecraft:coal_ore":141,"minecraft:gravel":271,"minecraft:cobweb":1,"minecraft:cracked_stone_bricks":4,"minecraft:stone_bricks":32,"minecraft:mossy_stone_bricks":9},"minecraft:killed_by":{"minecraft:ravager":1,"minecraft:vindicator":5,"minecraft:piglin":1,"minecraft:blaze":2,"minecraft:zombie":2,"minecraft:stray":1,"minecraft:iron_golem":3,"minecraft:skeleton":1},"minecraft:killed":{"minecraft:witch":4,"minecraft:spider":5,"minecraft:skeleton":14,"minecraft:chicken":3,"minecraft:piglin":9,"minecraft:salmon":9,"minecraft:iron_golem":51,"minecraft:creeper":4,"minecraft:pillager":25,"minecraft:zombie":30,"minecraft:stray":1,"minecraft:cow":2,"minecraft:blaze":15,"minecraft:evoker":7,"minecraft:vindicator":17,"minecraft:ravager":1,"minecraft:hoglin":2,"minecraft:wither_skeleton":8,"minecraft:enderman":9},"minecraft:used":{"minecraft:beetroot":3,"minecraft:nether_brick_fence":2,"minecraft:iron_shovel":155,"minecraft:spruce_slab":44,"minecraft:ladder":18,"minecraft:poppy":4,"minecraft:bone_block":1,"minecraft:chest":112,"minecraft:iron_sword":47,"minecraft:nether_wart":20,"minecraft:bell":1,"minecraft:rotten_flesh":27,"minecraft:spruce_leaves":6,"minecraft:soul_sand":20,"minecraft:nether_bricks":23,"minecraft:carrot":112,"minecraft:glass":1,"minecraft:spruce_boat":2,"minecraft:lava_bucket":2,"minecraft:grass_block":2,"minecraft:iron_helmet":2,"minecraft:stone_brick_stairs":71,"minecraft:stone_bricks":62,"minecraft:item_frame":1,"minecraft:red_carpet":32,"minecraft:bow":18,"minecraft:warped_fungus":5,"minecraft:furnace":7,"minecraft:egg":6,"minecraft:potato":425,"minecraft:golden_boots":5,"minecraft:diamond_boots":8,"minecraft:spruce_door":4,"minecraft:birch_leaves":2,"minecraft:stone_pickaxe":165,"minecraft:oak_planks":4,"minecraft:ender_pearl":10,"minecraft:wooden_pickaxe":3,"minecraft:composter":8,"minecraft:diamond_axe":3140,"minecraft:oak_leaves":126,"minecraft:crossbow":7,"minecraft:shears":233,"minecraft:bread":19,"minecraft:lectern":707,"minecraft:gravel":19,"minecraft:nether_wart_block":32,"minecraft:diamond_sword":612,"minecraft:grindstone":21,"minecraft:smithing_table":3,"minecraft:andesite":1,"minecraft:birch_log":3,"minecraft:air":3,"minecraft:bone_meal":653,"minecraft:oak_trapdoor":6,"minecraft:flint_and_steel":1,"minecraft:stone_shovel":259,"minecraft:spruce_planks":12,"minecraft:cooked_salmon":9,"minecraft:stone_hoe":10,"minecraft:netherrack":1113,"minecraft:torch":8,"minecraft:dirt":1543,"minecraft:brewing_stand":2,"minecraft:anvil":1,"minecraft:hopper":5,"minecraft:spruce_stairs":74,"minecraft:diamond_helmet":5,"minecraft:yellow_carpet":9,"minecraft:spruce_fence":3,"minecraft:shroomlight":4,"minecraft:iron_hoe":1002,"minecraft:stone_brick_slab":12,"minecraft:iron_block":128,"minecraft:iron_axe":682,"minecraft:iron_boots":1,"minecraft:crimson_planks":25,"minecraft:totem_of_undying":5,"minecraft:diamond_chestplate":3,"minecraft:beef":2,"minecraft:goat_horn":2,"minecraft:minecart":1,"minecraft:iron_leggings":5,"minecraft:quartz_bricks":65,"minecraft:water_bucket":19,"minecraft:snow_block":2,"minecraft:glass_bottle":40,"minecraft:baked_potato":243,"minecraft:cartography_table":2,"minecraft:fletching_table":14,"minecraft:mossy_cobblestone":3,"minecraft:rail":25,"minecraft:crafting_table":9,"minecraft:red_bed":3,"minecraft:white_bed":8,"minecraft:spruce_log":5,"minecraft:smoker":1,"minecraft:oak_log":123,"minecraft:diamond_pickaxe":3496,"minecraft:apple":13,"minecraft:diamond_shovel":2720,"minecraft:chicken":3,"minecraft:iron_pickaxe":1,"minecraft:spruce_trapdoor":19,"minecraft:spruce_sapling":83,"minecraft:stone_axe":152,"minecraft:cobblestone":16,"minecraft:potion":23,"minecraft:porkchop":4,"minecraft:bucket":20,"minecraft:yellow_bed":6,"minecraft:splash_potion":5,"minecraft:diamond_leggings":3,"minecraft:smooth_stone":1,"minecraft:chainmail_leggings":3}},"DataVersion":3465}