{"stats":{"minecraft:picked_up":{"minecraft:iron_chestplate":5,"minecraft:chainmail_boots":2,"minecraft:smithing_table":5,"minecraft:lead":16,"minecraft:diamond_sword":20,"minecraft:oak_stairs":126,"minecraft:enchanted_book":1,"minecraft:birch_button":1,"minecraft:brewing_stand":4,"minecraft:golden_sword":1,"minecraft:string":814,"minecraft:soul_soil":54,"minecraft:cooked_salmon":9,"minecraft:shroomlight":7,"minecraft:beetroot":3,"minecraft:diamond_leggings":7,"minecraft:gold_nugget":576,"minecraft:cobbled_deepslate":81,"minecraft:spruce_planks":92,"minecraft:composter":25,"minecraft:purpur_pillar":3,"minecraft:golden_axe":2,"minecraft:golden_chestplate":2,"minecraft:stone_sword":3,"minecraft:iron_block":222,"minecraft:end_rod":7,"minecraft:blaze_rod":91,"minecraft:iron_bars":44,"minecraft:snowball":209,"minecraft:birch_log":54,"minecraft:feather":8,"minecraft:iron_door":1,"minecraft:water_bucket":3,"minecraft:smoker":4,"minecraft:flint":66,"minecraft:rabbit":6,"minecraft:diamond_helmet":13,"minecraft:glowstone_dust":137,"minecraft:stripped_spruce_log":2,"minecraft:barrel":52,"minecraft:quartz_bricks":10,"minecraft:iron_hoe":1,"minecraft:dispenser":4,"minecraft:lever":3,"minecraft:granite":13,"minecraft:chainmail_helmet":1,"minecraft:bread":144,"minecraft:diamond_pickaxe":12,"minecraft:crimson_roots":95,"minecraft:spruce_leaves":37,"minecraft:mud":1,"minecraft:crafting_table":16,"minecraft:nether_wart":127,"minecraft:leather_leggings":2,"minecraft:dragon_head":3,"minecraft:purpur_block":5,"minecraft:cornflower":1,"minecraft:elytra":5,"minecraft:red_bed":5,"minecraft:flint_and_steel":1,"minecraft:white_carpet":27,"minecraft:iron_shovel":2,"minecraft:cracked_stone_bricks":83,"minecraft:cartography_table":3,"minecraft:beef":2,"minecraft:poppy":90,"minecraft:spruce_slab":214,"minecraft:minecart":3,"minecraft:chest":118,"minecraft:birch_sapling":13,"minecraft:egg":12,"minecraft:copper_ore":2,"minecraft:stone":1675,"minecraft:oak_door":3,"minecraft:spruce_fence":9,"minecraft:carrot":879,"minecraft:redstone":122,"minecraft:stone_shovel":2,"minecraft:diamond_chestplate":14,"minecraft:beetroot_seeds":8,"minecraft:shears":4,"minecraft:diamond_boots":14,"minecraft:hay_block":92,"minecraft:purpur_slab":3,"minecraft:gold_ingot":45,"minecraft:totem_of_undying":11,"minecraft:mutton":2,"minecraft:white_wool":92,"minecraft:bone_block":315,"minecraft:rail":110,"minecraft:stripped_oak_log":1,"minecraft:birch_leaves":11,"minecraft:yellow_shulker_box":23,"minecraft:tripwire_hook":4,"minecraft:oak_log":864,"minecraft:golden_boots":4,"minecraft:blue_bed":3,"minecraft:paper":43,"minecraft:white_banner":27,"minecraft:apple":16,"minecraft:stone_bricks":203,"minecraft:stone_pickaxe":11,"minecraft:iron_ore":1,"minecraft:glass_bottle":71,"minecraft:iron_sword":9,"minecraft:red_wool":12,"minecraft:gravel":241,"minecraft:spruce_sapling":158,"minecraft:spruce_log":1728,"minecraft:dragon_egg":4,"minecraft:leather_helmet":1,"minecraft:firework_rocket":55,"minecraft:diamond_shovel":11,"minecraft:coal_ore":97,"minecraft:stone_axe":7,"minecraft:diamond_axe":8,"minecraft:warped_roots":9,"minecraft:baked_potato":430,"minecraft:warped_nylium":6,"minecraft:hopper":14,"minecraft:ender_pearl":676,"minecraft:shulker_shell":11,"minecraft:wheat":15,"minecraft:nether_brick_fence":7,"minecraft:ender_chest":1,"minecraft:yellow_wool":10,"minecraft:potion":14,"minecraft:stone_brick_stairs":34,"minecraft:crimson_planks":1,"minecraft:smooth_stone_slab":4,"minecraft:iron_leggings":7,"minecraft:smooth_stone":841,"minecraft:bucket":2,"minecraft:red_dye":24,"minecraft:ender_eye":6,"minecraft:iron_boots":6,"minecraft:furnace":25,"minecraft:tipped_arrow":11,"minecraft:stick":695,"minecraft:oak_fence":25,"minecraft:torch":99,"minecraft:spruce_stairs":84,"minecraft:porkchop":17,"minecraft:diorite":2,"minecraft:goat_horn":2,"minecraft:quartz_block":54,"minecraft:rotten_flesh":239,"minecraft:obsidian":221,"minecraft:blaze_powder":5,"minecraft:cobblestone":1762,"minecraft:magma_cream":10,"minecraft:andesite":5,"minecraft:golden_leggings":1,"minecraft:beacon":1,"minecraft:potato":1482,"minecraft:tuff":4,"minecraft:wither_skeleton_skull":10,"minecraft:lapis_lazuli":18,"minecraft:dirt":4701,"minecraft:name_tag":2,"minecraft:glass":35,"minecraft:bone":290,"minecraft:bow":7,"minecraft:wheat_seeds":125,"minecraft:raw_gold":41,"minecraft:bell":2,"minecraft:grindstone":22,"minecraft:mossy_stone_bricks":171,"minecraft:fletching_table":14,"minecraft:oak_planks":123,"minecraft:stone_hoe":5,"minecraft:oak_pressure_plate":2,"minecraft:poisonous_potato":20,"minecraft:sand":120,"minecraft:grass_block":5,"minecraft:mossy_cobblestone":22,"minecraft:shulker_box":1,"minecraft:sugar":11,"minecraft:yellow_carpet":9,"minecraft:diamond":37,"minecraft:spruce_boat":4,"minecraft:crossbow":27,"minecraft:grass":2,"minecraft:bone_meal":64,"minecraft:golden_apple":2,"minecraft:emerald":417,"minecraft:oak_sapling":113,"minecraft:netherrack":1680,"minecraft:chorus_fruit":57,"minecraft:oak_leaves":396,"minecraft:nether_star":1,"minecraft:end_stone_bricks":14,"minecraft:end_stone_brick_stairs":76,"minecraft:splash_potion":2,"minecraft:chicken":4,"minecraft:ladder":24,"minecraft:brown_mushroom":4,"minecraft:wooden_pickaxe":3,"minecraft:gold_block":2,"minecraft:diamond_horse_armor":6,"minecraft:shield":5,"minecraft:oak_trapdoor":7,"minecraft:iron_axe":28,"minecraft:item_frame":1,"minecraft:blackstone":4,"minecraft:observer":6,"minecraft:lectern":1014,"minecraft:sugar_cane":171,"minecraft:spruce_trapdoor":55,"minecraft:raw_iron":8,"minecraft:end_stone":644,"minecraft:iron_horse_armor":3,"minecraft:weeping_vines":4,"minecraft:arrow":193,"minecraft:red_shulker_box":6,"minecraft:pumpkin_pie":42,"minecraft:nether_bricks":36,"minecraft:saddle":7,"minecraft:golden_carrot":78,"minecraft:crimson_stem":159,"minecraft:magenta_banner":5,"minecraft:leather":58,"minecraft:crimson_fungus":9,"minecraft:chainmail_chestplate":5,"minecraft:yellow_bed":9,"minecraft:nether_wart_block":69,"minecraft:gunpowder":93,"minecraft:cobblestone_stairs":3,"minecraft:red_carpet":35,"minecraft:rabbit_hide":7,"minecraft:iron_ingot":514,"minecraft:stripped_oak_wood":1,"minecraft:soul_sand":117,"minecraft:book":149,"minecraft:oak_slab":12,"minecraft:warped_fungus":10,"minecraft:stone_brick_slab":24,"minecraft:quartz":417,"minecraft:dandelion":11,"minecraft:lava_bucket":4,"minecraft:blast_furnace":8,"minecraft:white_bed":25,"minecraft:spruce_door":7,"minecraft:spider_eye":15,"minecraft:chainmail_leggings":4,"minecraft:iron_helmet":10,"minecraft:end_stone_brick_slab":9,"minecraft:coal":790},"minecraft:crafted":{"minecraft:ender_chest":5,"minecraft:smooth_stone":1237,"minecraft:blaze_powder":27,"minecraft:chain":1,"minecraft:birch_slab":6,"minecraft:lever":2,"minecraft:diamond_shovel":6,"minecraft:bookshelf":15,"minecraft:shulker_box":5,"minecraft:iron_bars":16,"minecraft:quartz_block":91,"minecraft:glass":101,"minecraft:diamond_helmet":11,"minecraft:diamond_leggings":10,"minecraft:beacon":1,"minecraft:glass_bottle":75,"minecraft:emerald":1446,"minecraft:diamond_axe":8,"minecraft:spruce_door":3,"minecraft:smithing_table":2,"minecraft:fletching_table":2,"minecraft:end_stone_brick_stairs":76,"minecraft:end_stone_brick_slab":318,"minecraft:stone_brick_stairs":56,"minecraft:lectern":10,"minecraft:iron_block":137,"minecraft:gold_ingot":65,"minecraft:golden_carrot":72,"minecraft:stone_shovel":14,"minecraft:smooth_stone_slab":36,"minecraft:iron_nugget":18,"minecraft:bone_meal":1116,"minecraft:white_carpet":156,"minecraft:spruce_stairs":80,"minecraft:ladder":54,"minecraft:spruce_slab":288,"minecraft:red_shulker_box":5,"minecraft:stone_pickaxe":21,"minecraft:diamond_boots":11,"minecraft:spruce_boat":1,"minecraft:wheat":540,"minecraft:red_bed":2,"minecraft:red_carpet":12,"minecraft:enchanted_book":39,"minecraft:golden_apple":10,"minecraft:fermented_spider_eye":3,"minecraft:iron_shovel":8,"minecraft:iron_leggings":3,"minecraft:white_bed":1,"minecraft:oak_planks":2468,"minecraft:barrel":52,"minecraft:quartz_bricks":88,"minecraft:stone":212,"minecraft:heavy_weighted_pressure_plate":28,"minecraft:suspicious_stew":12,"minecraft:hopper":21,"minecraft:stone_brick_slab":24,"minecraft:bow":3,"minecraft:iron_boots":4,"minecraft:chest":114,"minecraft:stone_hoe":12,"minecraft:ender_eye":15,"minecraft:stone_bricks":148,"minecraft:oak_fence":48,"minecraft:golden_boots":1,"minecraft:smoker":4,"minecraft:oak_slab":36,"minecraft:arrow":320,"minecraft:crafting_table":15,"minecraft:spruce_planks":7024,"minecraft:iron_helmet":3,"minecraft:wooden_pickaxe":1,"minecraft:baked_potato":256,"minecraft:chainmail_chestplate":7,"minecraft:red_wool":4,"minecraft:birch_planks":204,"minecraft:apple":68,"minecraft:spruce_trapdoor":218,"minecraft:iron_chestplate":3,"minecraft:paper":87,"minecraft:diamond_pickaxe":6,"minecraft:yellow_dye":3,"minecraft:shield":1,"minecraft:stick":15875,"minecraft:iron_ingot":280,"minecraft:snow_block":6,"minecraft:shears":3,"minecraft:cookie":216,"minecraft:furnace":22,"minecraft:blast_furnace":4,"minecraft:end_stone_bricks":276,"minecraft:oak_trapdoor":26,"minecraft:flint_and_steel":2,"minecraft:yellow_shulker_box":2,"minecraft:iron_axe":17,"minecraft:iron_hoe":6,"minecraft:observer":10,"minecraft:minecart":5,"minecraft:sugar":1,"minecraft:red_dye":8,"minecraft:crimson_planks":636,"minecraft:diamond_sword":4,"minecraft:yellow_carpet":3,"minecraft:iron_sword":2,"minecraft:bucket":10,"minecraft:stone_axe":2,"minecraft:air":0,"minecraft:bread":249,"minecraft:white_wool":100,"minecraft:anvil":2,"minecraft:pumpkin_pie":44,"minecraft:torch":256,"minecraft:diamond_chestplate":11,"minecraft:firework_rocket":210},"minecraft:dropped":{"minecraft:iron_sword":1,"minecraft:porkchop":1,"minecraft:oak_pressure_plate":1,"minecraft:chorus_fruit":20,"minecraft:glass_bottle":2,"minecraft:crafting_table":2,"minecraft:cookie":216,"minecraft:cracked_stone_bricks":9,"minecraft:saddle":1,"minecraft:rail":134,"minecraft:emerald":11,"minecraft:dirt":596,"minecraft:grass":2,"minecraft:yellow_dye":1,"minecraft:gold_nugget":28,"minecraft:bone_meal":285,"minecraft:sand":1,"minecraft:white_wool":77,"minecraft:bone":2,"minecraft:stone_axe":5,"minecraft:iron_nugget":16,"minecraft:golden_chestplate":2,"minecraft:cobbled_deepslate":17,"minecraft:birch_sapling":1,"minecraft:rotten_flesh":20,"minecraft:oak_planks":11,"minecraft:end_stone":2,"minecraft:white_bed":1,"minecraft:tipped_arrow":3,"minecraft:hopper":9,"minecraft:ladder":2,"minecraft:leather_leggings":2,"minecraft:spruce_slab":5,"minecraft:end_stone_bricks":6,"minecraft:glass":1,"minecraft:stone_brick_stairs":4,"minecraft:lectern":1,"minecraft:enchanted_book":11,"minecraft:iron_ingot":33,"minecraft:wheat_seeds":20,"minecraft:oak_fence":17,"minecraft:purpur_slab":1,"minecraft:book":35,"minecraft:iron_helmet":3,"minecraft:cobblestone":259,"minecraft:apple":2,"minecraft:granite":12,"minecraft:coal":38,"minecraft:lava_bucket":1,"minecraft:golden_carrot":17,"minecraft:diamond_helmet":7,"minecraft:potion":13,"minecraft:white_banner":4,"minecraft:red_dye":99,"minecraft:chainmail_leggings":3,"minecraft:iron_shovel":5,"minecraft:paper":1,"minecraft:string":99,"minecraft:spruce_sapling":1,"minecraft:stone_brick_slab":8,"minecraft:bowl":6,"minecraft:stone_shovel":14,"minecraft:white_carpet":45,"minecraft:iron_boots":5,"minecraft:shears":1,"minecraft:suspicious_stew":6,"minecraft:diamond_sword":5,"minecraft:potato":772,"minecraft:stone":27,"minecraft:spruce_trapdoor":9,"minecraft:spruce_planks":9,"minecraft:diamond_pickaxe":4,"minecraft:spider_eye":1,"minecraft:stone_bricks":1,"minecraft:bow":2,"minecraft:birch_planks":3,"minecraft:diamond_axe":5,"minecraft:warped_fungus":1,"minecraft:baked_potato":96,"minecraft:ender_pearl":210,"minecraft:leather":4,"minecraft:iron_horse_armor":1,"minecraft:birch_slab":2,"minecraft:flint":1,"minecraft:spruce_leaves":31,"minecraft:cornflower":1,"minecraft:crimson_roots":4,"minecraft:snowball":25,"minecraft:gold_ingot":2,"minecraft:gravel":5,"minecraft:crimson_fungus":2,"minecraft:blackstone":1,"minecraft:diamond_shovel":3,"minecraft:carrot":600,"minecraft:chainmail_chestplate":11,"minecraft:poppy":1035,"minecraft:beetroot_seeds":8,"minecraft:iron_ore":1,"minecraft:iron_bars":2,"minecraft:arrow":184,"minecraft:oak_leaves":55,"minecraft:splash_potion":1,"minecraft:netherrack":260,"minecraft:firework_rocket":19,"minecraft:water_bucket":1,"minecraft:stone_hoe":17,"minecraft:bread":40,"minecraft:oak_slab":6,"minecraft:minecart":1,"minecraft:diamond_leggings":7,"minecraft:poisonous_potato":2,"minecraft:golden_axe":1,"minecraft:stick":36,"minecraft:diorite":2,"minecraft:torch":10,"minecraft:nether_wart_block":2,"minecraft:iron_door":1,"minecraft:iron_leggings":2,"minecraft:iron_axe":28,"minecraft:dandelion":7,"minecraft:redstone":3,"minecraft:oak_trapdoor":10,"minecraft:dragon_head":1,"minecraft:blaze_rod":23,"minecraft:tuff":4,"minecraft:composter":1,"minecraft:wither_skeleton_skull":3,"minecraft:iron_hoe":1,"minecraft:ender_eye":1,"minecraft:totem_of_undying":4,"minecraft:flint_and_steel":1,"minecraft:copper_ore":2,"minecraft:shield":2,"minecraft:diamond_chestplate":5,"minecraft:dragon_egg":1,"minecraft:iron_chestplate":4,"minecraft:andesite":4,"minecraft:mossy_stone_bricks":34,"minecraft:oak_sapling":31,"minecraft:golden_sword":1,"minecraft:diamond_boots":10,"minecraft:spruce_log":2,"minecraft:stone_pickaxe":31,"minecraft:wooden_pickaxe":2},"minecraft:custom":{"minecraft:interact_with_crafting_table":219,"minecraft:open_barrel":24,"minecraft:bell_ring":6,"minecraft:leave_game":17,"minecraft:time_since_death":56220,"minecraft:damage_blocked_by_shield":180,"minecraft:play_time":1747325,"minecraft:deaths":24,"minecraft:jump":32512,"minecraft:interact_with_furnace":274,"minecraft:traded_with_villager":1733,"minecraft:interact_with_cartography_table":1,"minecraft:sleep_in_bed":81,"minecraft:damage_dealt":147123,"minecraft:interact_with_smoker":23,"minecraft:inspect_dispenser":1,"minecraft:horse_one_cm":1225,"minecraft:interact_with_anvil":45,"minecraft:inspect_hopper":9,"minecraft:sneak_time":179820,"minecraft:interact_with_blast_furnace":10,"minecraft:total_world_time":1747325,"minecraft:interact_with_stonecutter":1,"minecraft:time_since_rest":46317,"minecraft:swim_one_cm":128145,"minecraft:fly_one_cm":8928570,"minecraft:open_chest":1002,"minecraft:fall_one_cm":985588,"minecraft:open_shulker_box":86,"minecraft:sprint_one_cm":5239193,"minecraft:drop":594,"minecraft:talked_to_villager":2158,"minecraft:interact_with_brewingstand":90,"minecraft:walk_on_water_one_cm":145564,"minecraft:open_enderchest":32,"minecraft:interact_with_beacon":11,"minecraft:crouch_one_cm":657815,"minecraft:mob_kills":2975,"minecraft:climb_one_cm":226992,"minecraft:walk_one_cm":4439898,"minecraft:raid_win":2,"minecraft:walk_under_water_one_cm":76839,"minecraft:boat_one_cm":992,"minecraft:interact_with_grindstone":13,"minecraft:damage_taken":35309,"minecraft:damage_absorbed":240,"minecraft:aviate_one_cm":3518516},"minecraft:broken":{"minecraft:iron_leggings":1,"minecraft:diamond_pickaxe":1,"minecraft:iron_hoe":4,"minecraft:iron_axe":1,"minecraft:stone_shovel":1},"minecraft:mined":{"minecraft:dragon_wall_head":2,"minecraft:red_shulker_box":6,"minecraft:white_bed":27,"minecraft:obsidian":159,"minecraft:granite":18,"minecraft:yellow_carpet":9,"minecraft:purpur_slab":3,"minecraft:hopper":14,"minecraft:crimson_fungus":1,"minecraft:nether_wart":40,"minecraft:spawner":1,"minecraft:weeping_vines_plant":1,"minecraft:tall_seagrass":1,"minecraft:cobbled_deepslate":3,"minecraft:fire":25,"minecraft:fletching_table":14,"minecraft:oak_sign":1,"minecraft:dirt_path":66,"minecraft:oak_stairs":89,"minecraft:iron_block":222,"minecraft:tripwire":1,"minecraft:brown_mushroom":4,"minecraft:red_bed":5,"minecraft:crimson_nylium":318,"minecraft:soul_fire":8,"minecraft:torch":11,"minecraft:blast_furnace":4,"minecraft:sugar_cane":78,"minecraft:mud":1,"minecraft:wheat":15,"minecraft:warped_fungus":7,"minecraft:stone_brick_stairs":28,"minecraft:grass":391,"minecraft:infested_mossy_stone_bricks":3,"minecraft:birch_button":2,"minecraft:piston":2,"minecraft:deepslate":164,"minecraft:mossy_cobblestone":15,"minecraft:shulker_box":1,"minecraft:end_stone":609,"minecraft:nether_bricks":40,"minecraft:spruce_fence":3,"minecraft:crimson_roots":20,"minecraft:cartography_table":2,"minecraft:snow":98,"minecraft:andesite":6,"minecraft:potatoes":408,"minecraft:rail":48,"minecraft:bone_block":124,"minecraft:white_wool":7,"minecraft:ender_chest":1,"minecraft:smithing_table":5,"minecraft:oak_slab":12,"minecraft:glass_pane":6,"minecraft:soul_sand":106,"minecraft:observer":2,"minecraft:dandelion":2,"minecraft:emerald_ore":1,"minecraft:warped_roots":2,"minecraft:purpur_pillar":5,"minecraft:tall_grass":29,"minecraft:copper_ore":1,"minecraft:deepslate_gold_ore":18,"minecraft:diorite":1,"minecraft:stripped_spruce_wood":1,"minecraft:white_carpet":7,"minecraft:spruce_log":1711,"minecraft:birch_leaves":63,"minecraft:gravel":274,"minecraft:cobweb":1,"minecraft:stone_bricks":223,"minecraft:infested_stone":1,"minecraft:spruce_planks":55,"minecraft:oak_sapling":1,"minecraft:farmland":49,"minecraft:cobblestone_stairs":4,"minecraft:brewing_stand":3,"minecraft:spruce_trapdoor":17,"minecraft:grass_block":1579,"minecraft:soul_soil":55,"minecraft:composter":20,"minecraft:smooth_stone":49,"minecraft:sculk_catalyst":1,"minecraft:iron_ore":4,"minecraft:dragon_head":1,"minecraft:iron_bars":45,"minecraft:end_stone_bricks":15,"minecraft:spruce_slab":7,"minecraft:deepslate_redstone_ore":1,"minecraft:blackstone":4,"minecraft:magenta_wall_banner":8,"minecraft:purpur_stairs":3,"minecraft:end_stone_brick_slab":6,"minecraft:poppy":16,"minecraft:beacon":1,"minecraft:chest":25,"minecraft:nether_quartz_ore":266,"minecraft:wither_skeleton_wall_skull":1,"minecraft:cobblestone":228,"minecraft:grindstone":21,"minecraft:oak_planks":110,"minecraft:iron_door":9,"minecraft:wall_torch":2,"minecraft:seagrass":1,"minecraft:warped_nylium":40,"minecraft:nether_wart_block":8,"minecraft:yellow_wool":6,"minecraft:birch_log":54,"minecraft:stripped_oak_wood":1,"minecraft:purpur_block":5,"minecraft:smooth_stone_slab":4,"minecraft:oak_log":748,"minecraft:sand":173,"minecraft:dirt":2535,"minecraft:infested_cracked_stone_bricks":1,"minecraft:crimson_planks":1,"minecraft:wither_skeleton_skull":5,"minecraft:dispenser":1,"minecraft:netherrack":1509,"minecraft:oak_leaves":1424,"minecraft:nether_gold_ore":87,"minecraft:red_carpet":30,"minecraft:tuff":9,"minecraft:deepslate_diamond_ore":15,"minecraft:oak_door":1,"minecraft:lever":1,"minecraft:ladder":17,"minecraft:stone_button":1,"minecraft:weeping_vines":1,"minecraft:spruce_leaves":105,"minecraft:crimson_stem":142,"minecraft:hay_block":92,"minecraft:oak_trapdoor":3,"minecraft:spruce_sapling":3,"minecraft:furnace":22,"minecraft:carrots":213,"minecraft:nether_sprouts":1,"minecraft:stripped_spruce_log":2,"minecraft:gold_block":2,"minecraft:bell":1,"minecraft:nether_brick_fence":4,"minecraft:bookshelf":30,"minecraft:shroomlight":5,"minecraft:stripped_oak_log":1,"minecraft:chorus_plant":2,"minecraft:stone":3077,"minecraft:yellow_shulker_box":21,"minecraft:podzol":196,"minecraft:infested_stone_bricks":10,"minecraft:snow_block":3,"minecraft:spruce_door":3,"minecraft:oak_fence":26,"minecraft:crafting_table":10,"minecraft:lectern":1011,"minecraft:quartz_bricks":6,"minecraft:lapis_ore":4,"minecraft:blue_bed":4,"minecraft:spruce_stairs":15,"minecraft:end_stone_brick_stairs":23,"minecraft:yellow_bed":8,"minecraft:coal_ore":350,"minecraft:end_rod":8,"minecraft:cracked_stone_bricks":103,"minecraft:mossy_stone_bricks":179},"minecraft:killed_by":{"minecraft:ravager":1,"minecraft:vindicator":5,"minecraft:zombie":2,"minecraft:stray":1,"minecraft:piglin":1,"minecraft:blaze":2,"minecraft:iron_golem":3,"minecraft:skeleton":2},"minecraft:killed":{"minecraft:shulker":19,"minecraft:skeleton":43,"minecraft:chicken":3,"minecraft:magma_cube":6,"minecraft:salmon":9,"minecraft:iron_golem":56,"minecraft:pillager":25,"minecraft:zombie":90,"minecraft:cow":3,"minecraft:evoker":7,"minecraft:vindicator":17,"minecraft:endermite":1,"minecraft:snow_golem":1,"minecraft:wandering_trader":3,"minecraft:ravager":1,"minecraft:enderman":2499,"minecraft:zombified_piglin":6,"minecraft:witch":5,"minecraft:spider":13,"minecraft:wither":1,"minecraft:silverfish":4,"minecraft:piglin":15,"minecraft:zombie_villager":1,"minecraft:creeper":46,"minecraft:sheep":2,"minecraft:trader_llama":6,"minecraft:stray":1,"minecraft:ghast":2,"minecraft:blaze":29,"minecraft:hoglin":4,"minecraft:wither_skeleton":37},"minecraft:used":{"minecraft:beetroot":3,"minecraft:nether_brick_fence":2,"minecraft:dispenser":4,"minecraft:elytra":42,"minecraft:spruce_slab":51,"minecraft:ladder":68,"minecraft:poppy":5,"minecraft:chest":113,"minecraft:stone":78,"minecraft:rotten_flesh":77,"minecraft:soul_sand":37,"minecraft:snowball":19,"minecraft:spruce_boat":2,"minecraft:lava_bucket":8,"minecraft:grass_block":2,"minecraft:stone_brick_stairs":82,"minecraft:bow":159,"minecraft:furnace":32,"minecraft:egg":7,"minecraft:end_stone_brick_stairs":46,"minecraft:potato":425,"minecraft:dragon_head":2,"minecraft:mossy_stone_bricks":137,"minecraft:end_stone_bricks":11,"minecraft:spruce_door":4,"minecraft:chorus_fruit":24,"minecraft:blackstone":3,"minecraft:wooden_pickaxe":3,"minecraft:composter":18,"minecraft:purpur_pillar":3,"minecraft:oak_leaves":261,"minecraft:blast_furnace":2,"minecraft:crying_obsidian":8,"minecraft:lectern":1023,"minecraft:nether_wart_block":32,"minecraft:diamond_sword":1562,"minecraft:smithing_table":7,"minecraft:birch_log":3,"minecraft:oak_trapdoor":17,"minecraft:iron_bars":42,"minecraft:cooked_salmon":9,"minecraft:netherrack":1248,"minecraft:torch":296,"minecraft:dragon_egg":3,"minecraft:brewing_stand":3,"minecraft:anvil":2,"minecraft:yellow_carpet":9,"minecraft:shroomlight":4,"minecraft:red_shulker_box":7,"minecraft:iron_axe":702,"minecraft:iron_block":349,"minecraft:totem_of_undying":6,"minecraft:diamond_chestplate":38,"minecraft:tripwire_hook":4,"minecraft:beef":2,"minecraft:goat_horn":2,"minecraft:cobbled_deepslate":4,"minecraft:observer":4,"minecraft:water_bucket":279,"minecraft:yellow_shulker_box":21,"minecraft:cartography_table":2,"minecraft:fletching_table":16,"minecraft:cracked_stone_bricks":74,"minecraft:mossy_cobblestone":3,"minecraft:rail":36,"minecraft:crafting_table":17,"minecraft:red_bed":6,"minecraft:white_bed":21,"minecraft:spruce_log":5,"minecraft:oak_log":125,"minecraft:ender_eye":8,"minecraft:diamond_pickaxe":8048,"minecraft:diamond_shovel":4547,"minecraft:iron_pickaxe":1,"minecraft:suspicious_stew":6,"minecraft:spruce_trapdoor":131,"minecraft:spruce_sapling":83,"minecraft:cobblestone":123,"minecraft:potion":25,"minecraft:porkchop":4,"minecraft:diamond_leggings":7,"minecraft:iron_shovel":239,"minecraft:bone_block":1,"minecraft:shield":3,"minecraft:iron_sword":358,"minecraft:nether_wart":20,"minecraft:bell":2,"minecraft:spruce_leaves":6,"minecraft:nether_bricks":36,"minecraft:carrot":243,"minecraft:obsidian":94,"minecraft:glass":1,"minecraft:coal_ore":76,"minecraft:iron_helmet":2,"minecraft:crimson_roots":5,"minecraft:stone_bricks":228,"minecraft:item_frame":1,"minecraft:birch_button":1,"minecraft:red_carpet":40,"minecraft:warped_fungus":5,"minecraft:golden_boots":5,"minecraft:diamond_boots":13,"minecraft:wither_skeleton_skull":6,"minecraft:birch_leaves":2,"minecraft:stone_pickaxe":170,"minecraft:oak_planks":4,"minecraft:ender_pearl":84,"minecraft:end_stone_brick_slab":326,"minecraft:sugar_cane":221,"minecraft:diamond_axe":3737,"minecraft:blue_bed":3,"minecraft:white_wool":1,"minecraft:crossbow":7,"minecraft:end_stone":132,"minecraft:shears":434,"minecraft:lever":4,"minecraft:firework_rocket":149,"minecraft:bread":79,"minecraft:string":7,"minecraft:gravel":20,"minecraft:grindstone":22,"minecraft:andesite":1,"minecraft:chain":1,"minecraft:smooth_stone_slab":32,"minecraft:air":3,"minecraft:bone_meal":864,"minecraft:purpur_block":5,"minecraft:flint_and_steel":9,"minecraft:stone_shovel":259,"minecraft:redstone":3,"minecraft:spruce_planks":45,"minecraft:ender_chest":6,"minecraft:stone_hoe":10,"minecraft:dirt":2585,"minecraft:white_carpet":134,"minecraft:hopper":26,"minecraft:spruce_stairs":74,"minecraft:diamond_helmet":7,"minecraft:shulker_box":1,"minecraft:spruce_fence":3,"minecraft:iron_hoe":1087,"minecraft:stone_brick_slab":12,"minecraft:bookshelf":5,"minecraft:iron_boots":1,"minecraft:crimson_planks":25,"minecraft:golden_carrot":69,"minecraft:soul_soil":54,"minecraft:minecart":4,"minecraft:iron_leggings":5,"minecraft:quartz_bricks":70,"minecraft:snow_block":6,"minecraft:glass_bottle":64,"minecraft:baked_potato":383,"minecraft:beacon":2,"minecraft:smoker":1,"minecraft:apple":73,"minecraft:chicken":3,"minecraft:stone_axe":152,"minecraft:bucket":289,"minecraft:pumpkin_pie":2,"minecraft:yellow_bed":9,"minecraft:smooth_stone":1355,"minecraft:splash_potion":9,"minecraft:chainmail_leggings":3}},"DataVersion":3465}