{"stats":{"minecraft:crafted":{"minecraft:ender_chest":15,"minecraft:smooth_stone":1237,"minecraft:blaze_powder":43,"minecraft:chain":1,"minecraft:birch_slab":6,"minecraft:lever":2,"minecraft:diamond_shovel":7,"minecraft:bookshelf":54,"minecraft:shulker_box":9,"minecraft:iron_bars":16,"minecraft:quartz_block":91,"minecraft:glass":101,"minecraft:diamond_helmet":15,"minecraft:diamond_leggings":14,"minecraft:beacon":1,"minecraft:glass_bottle":75,"minecraft:emerald":1967,"minecraft:diamond_axe":11,"minecraft:spruce_door":3,"minecraft:smithing_table":2,"minecraft:fletching_table":2,"minecraft:end_stone_brick_stairs":76,"minecraft:end_stone_brick_slab":318,"minecraft:stone_brick_stairs":56,"minecraft:lectern":11,"minecraft:iron_pickaxe":3,"minecraft:iron_block":188,"minecraft:gold_ingot":65,"minecraft:netherite_ingot":3,"minecraft:golden_carrot":207,"minecraft:stone_shovel":36,"minecraft:smooth_stone_slab":36,"minecraft:iron_nugget":18,"minecraft:diamond_hoe":3,"minecraft:bone_meal":1116,"minecraft:white_carpet":156,"minecraft:lantern":1,"minecraft:spruce_stairs":80,"minecraft:ladder":54,"minecraft:spruce_slab":294,"minecraft:red_shulker_box":9,"minecraft:stone_pickaxe":21,"minecraft:diamond_boots":15,"minecraft:spruce_boat":1,"minecraft:wheat":540,"minecraft:red_bed":2,"minecraft:red_carpet":108,"minecraft:enchanted_book":235,"minecraft:golden_apple":10,"minecraft:fermented_spider_eye":3,"minecraft:iron_shovel":8,"minecraft:iron_leggings":3,"minecraft:white_bed":64,"minecraft:oak_planks":2472,"minecraft:barrel":52,"minecraft:quartz_bricks":88,"minecraft:stone":212,"minecraft:heavy_weighted_pressure_plate":28,"minecraft:suspicious_stew":12,"minecraft:hopper":21,"minecraft:stone_brick_slab":24,"minecraft:bow":3,"minecraft:iron_boots":4,"minecraft:chest":132,"minecraft:stone_hoe":24,"minecraft:ender_eye":25,"minecraft:stone_bricks":148,"minecraft:oak_fence":48,"minecraft:golden_boots":1,"minecraft:smoker":4,"minecraft:oak_slab":36,"minecraft:arrow":320,"minecraft:crafting_table":15,"minecraft:spruce_planks":7400,"minecraft:iron_helmet":3,"minecraft:wooden_pickaxe":1,"minecraft:baked_potato":256,"minecraft:chainmail_chestplate":7,"minecraft:red_wool":68,"minecraft:birch_planks":204,"minecraft:apple":72,"minecraft:spruce_trapdoor":218,"minecraft:iron_chestplate":3,"minecraft:paper":498,"minecraft:diamond_pickaxe":8,"minecraft:yellow_dye":3,"minecraft:shield":1,"minecraft:stick":15875,"minecraft:iron_ingot":631,"minecraft:snow_block":6,"minecraft:shears":3,"minecraft:cookie":396,"minecraft:furnace":22,"minecraft:blast_furnace":4,"minecraft:end_stone_bricks":288,"minecraft:oak_trapdoor":26,"minecraft:flint_and_steel":2,"minecraft:yellow_shulker_box":2,"minecraft:iron_axe":17,"minecraft:iron_hoe":6,"minecraft:netherite_scrap":13,"minecraft:observer":10,"minecraft:minecart":5,"minecraft:sugar":1,"minecraft:red_dye":136,"minecraft:crimson_planks":636,"minecraft:diamond_sword":4,"minecraft:yellow_carpet":3,"minecraft:iron_sword":2,"minecraft:bell":3,"minecraft:bucket":10,"minecraft:stone_axe":2,"minecraft:air":0,"minecraft:bread":270,"minecraft:white_wool":356,"minecraft:anvil":6,"minecraft:pumpkin_pie":44,"minecraft:torch":256,"minecraft:diamond_chestplate":16,"minecraft:firework_rocket":630},"minecraft:killed_by":{"minecraft:ravager":1,"minecraft:vindicator":7,"minecraft:zombie":2,"minecraft:vex":1,"minecraft:stray":1,"minecraft:evoker":1,"minecraft:piglin":1,"minecraft:blaze":2,"minecraft:iron_golem":3,"minecraft:skeleton":2},"minecraft:dropped":{"minecraft:iron_sword":1,"minecraft:porkchop":1,"minecraft:oak_pressure_plate":1,"minecraft:chorus_fruit":20,"minecraft:glass_bottle":5,"minecraft:crafting_table":2,"minecraft:crossbow":1,"minecraft:cookie":240,"minecraft:cracked_stone_bricks":15,"minecraft:saddle":1,"minecraft:elytra":1,"minecraft:rail":134,"minecraft:leather_helmet":2,"minecraft:emerald":85,"minecraft:dirt":607,"minecraft:grass":2,"minecraft:yellow_dye":1,"minecraft:gold_nugget":123,"minecraft:bone_meal":285,"minecraft:sand":1,"minecraft:iron_pickaxe":9,"minecraft:white_wool":84,"minecraft:bone":4,"minecraft:stone_axe":18,"minecraft:sugar_cane":129,"minecraft:iron_nugget":17,"minecraft:golden_chestplate":2,"minecraft:cobbled_deepslate":97,"minecraft:birch_sapling":1,"minecraft:rotten_flesh":49,"minecraft:oak_planks":15,"minecraft:end_stone":66,"minecraft:nether_brick_fence":2,"minecraft:white_bed":42,"minecraft:tipped_arrow":3,"minecraft:hopper":9,"minecraft:leather_boots":3,"minecraft:ladder":6,"minecraft:leather_leggings":3,"minecraft:spruce_slab":7,"minecraft:end_stone_bricks":10,"minecraft:glass":1,"minecraft:stone_brick_stairs":4,"minecraft:lectern":1,"minecraft:enchanted_book":53,"minecraft:iron_ingot":36,"minecraft:wheat_seeds":25,"minecraft:oak_fence":18,"minecraft:purpur_slab":1,"minecraft:iron_helmet":3,"minecraft:feather":4,"minecraft:cobblestone":437,"minecraft:book":106,"minecraft:apple":2,"minecraft:granite":12,"minecraft:spruce_door":1,"minecraft:yellow_carpet":2,"minecraft:chainmail_helmet":1,"minecraft:coal":39,"minecraft:golden_apple":1,"minecraft:lava_bucket":1,"minecraft:golden_carrot":17,"minecraft:diamond_helmet":12,"minecraft:potion":13,"minecraft:white_banner":5,"minecraft:red_dye":159,"minecraft:chainmail_leggings":9,"minecraft:iron_shovel":8,"minecraft:paper":34,"minecraft:string":164,"minecraft:spruce_sapling":7,"minecraft:stone_brick_slab":8,"minecraft:soul_soil":10,"minecraft:netherite_ingot":2,"minecraft:stone_sword":3,"minecraft:bowl":6,"minecraft:diamond_hoe":2,"minecraft:stone_shovel":57,"minecraft:white_carpet":45,"minecraft:iron_boots":6,"minecraft:shears":1,"minecraft:suspicious_stew":6,"minecraft:diamond_sword":8,"minecraft:potato":772,"minecraft:stone":27,"minecraft:spruce_trapdoor":9,"minecraft:spruce_planks":15,"minecraft:diamond_pickaxe":5,"minecraft:spider_eye":1,"minecraft:stone_bricks":5,"minecraft:bow":3,"minecraft:bell":12,"minecraft:blue_shulker_box":1,"minecraft:birch_planks":3,"minecraft:soul_sand":16,"minecraft:diamond_axe":12,"minecraft:warped_fungus":1,"minecraft:baked_potato":166,"minecraft:ender_pearl":610,"minecraft:leather":4,"minecraft:iron_horse_armor":1,"minecraft:birch_slab":2,"minecraft:cobblestone_stairs":10,"minecraft:flint":1,"minecraft:spruce_leaves":31,"minecraft:polished_blackstone_brick_stairs":2,"minecraft:cornflower":1,"minecraft:crimson_roots":24,"minecraft:snowball":25,"minecraft:gilded_blackstone":1,"minecraft:pumpkin_pie":1,"minecraft:gold_ingot":2,"minecraft:gravel":5,"minecraft:chiseled_polished_blackstone":1,"minecraft:crimson_fungus":2,"minecraft:blackstone":40,"minecraft:diamond_shovel":3,"minecraft:carrot":600,"minecraft:chainmail_chestplate":13,"minecraft:poppy":1035,"minecraft:leather_chestplate":2,"minecraft:gunpowder":257,"minecraft:beetroot_seeds":8,"minecraft:chainmail_boots":3,"minecraft:iron_ore":1,"minecraft:iron_bars":2,"minecraft:arrow":346,"minecraft:quartz":1,"minecraft:oak_leaves":55,"minecraft:splash_potion":1,"minecraft:netherrack":1138,"minecraft:firework_rocket":83,"minecraft:water_bucket":2,"minecraft:stone_hoe":36,"minecraft:bread":40,"minecraft:oak_slab":6,"minecraft:stripped_spruce_log":1,"minecraft:mossy_cobblestone":23,"minecraft:minecart":1,"minecraft:diamond_leggings":11,"minecraft:poisonous_potato":3,"minecraft:golden_axe":3,"minecraft:stick":44,"minecraft:diorite":2,"minecraft:torch":13,"minecraft:nether_wart_block":2,"minecraft:iron_door":1,"minecraft:iron_leggings":2,"minecraft:iron_axe":30,"minecraft:dandelion":9,"minecraft:redstone":3,"minecraft:oak_trapdoor":10,"minecraft:dragon_head":1,"minecraft:nether_wart":2,"minecraft:blaze_rod":23,"minecraft:tuff":4,"minecraft:composter":1,"minecraft:wither_skeleton_skull":3,"minecraft:iron_hoe":2,"minecraft:ender_eye":1,"minecraft:totem_of_undying":6,"minecraft:flint_and_steel":2,"minecraft:copper_ore":2,"minecraft:shield":2,"minecraft:diamond_chestplate":10,"minecraft:dragon_egg":1,"minecraft:iron_chestplate":4,"minecraft:andesite":4,"minecraft:mossy_stone_bricks":34,"minecraft:oak_sapling":35,"minecraft:golden_sword":2,"minecraft:diamond_boots":18,"minecraft:spruce_log":2,"minecraft:stone_pickaxe":45,"minecraft:wooden_pickaxe":2},"minecraft:picked_up":{"minecraft:iron_chestplate":6,"minecraft:chainmail_boots":4,"minecraft:smithing_table":5,"minecraft:lead":16,"minecraft:diamond_sword":28,"minecraft:oak_stairs":126,"minecraft:enchanted_book":42,"minecraft:birch_button":1,"minecraft:brewing_stand":4,"minecraft:golden_sword":3,"minecraft:polished_blackstone_brick_stairs":2,"minecraft:string":2080,"minecraft:soul_soil":85,"minecraft:cooked_salmon":9,"minecraft:shroomlight":7,"minecraft:beetroot":3,"minecraft:diamond_leggings":14,"minecraft:gold_nugget":817,"minecraft:cobbled_deepslate":165,"minecraft:spruce_planks":104,"minecraft:composter":25,"minecraft:purpur_pillar":5,"minecraft:golden_axe":4,"minecraft:golden_chestplate":2,"minecraft:stone_sword":3,"minecraft:iron_block":528,"minecraft:bookshelf":570,"minecraft:end_rod":7,"minecraft:blaze_rod":93,"minecraft:iron_bars":44,"minecraft:snowball":209,"minecraft:birch_log":54,"minecraft:feather":8,"minecraft:iron_door":1,"minecraft:water_bucket":4,"minecraft:smoker":4,"minecraft:flint":67,"minecraft:rabbit":6,"minecraft:diamond_helmet":20,"minecraft:glowstone_dust":144,"minecraft:chiseled_polished_blackstone":1,"minecraft:stripped_spruce_log":2,"minecraft:barrel":52,"minecraft:quartz_bricks":10,"minecraft:iron_hoe":1,"minecraft:dispenser":4,"minecraft:lever":3,"minecraft:granite":13,"minecraft:chainmail_helmet":2,"minecraft:bread":264,"minecraft:crimson_roots":115,"minecraft:diamond_pickaxe":14,"minecraft:spruce_leaves":37,"minecraft:mud":1,"minecraft:crafting_table":16,"minecraft:nether_wart":328,"minecraft:leather_leggings":4,"minecraft:dragon_head":4,"minecraft:purpur_block":8,"minecraft:cornflower":1,"minecraft:red_bed":5,"minecraft:elytra":9,"minecraft:flint_and_steel":2,"minecraft:white_carpet":27,"minecraft:iron_shovel":2,"minecraft:cracked_stone_bricks":92,"minecraft:cartography_table":3,"minecraft:beef":2,"minecraft:poppy":90,"minecraft:spruce_slab":214,"minecraft:minecart":3,"minecraft:chest":120,"minecraft:birch_sapling":13,"minecraft:egg":12,"minecraft:copper_ore":2,"minecraft:stone":1675,"minecraft:oak_door":7,"minecraft:spruce_fence":9,"minecraft:carrot":1052,"minecraft:redstone":122,"minecraft:stone_shovel":23,"minecraft:diamond_chestplate":21,"minecraft:beetroot_seeds":8,"minecraft:shears":5,"minecraft:diamond_boots":23,"minecraft:hay_block":92,"minecraft:purpur_slab":3,"minecraft:gold_ingot":45,"minecraft:totem_of_undying":21,"minecraft:mutton":2,"minecraft:white_wool":100,"minecraft:bone_block":315,"minecraft:rail":110,"minecraft:stripped_oak_log":1,"minecraft:birch_leaves":11,"minecraft:yellow_shulker_box":23,"minecraft:tripwire_hook":4,"minecraft:oak_log":872,"minecraft:ancient_debris":12,"minecraft:golden_boots":4,"minecraft:blue_bed":3,"minecraft:paper":75,"minecraft:white_banner":49,"minecraft:apple":16,"minecraft:stone_bricks":208,"minecraft:stone_pickaxe":26,"minecraft:iron_ore":1,"minecraft:glass_bottle":71,"minecraft:iron_sword":9,"minecraft:red_wool":12,"minecraft:gravel":241,"minecraft:spruce_sapling":170,"minecraft:spruce_log":1823,"minecraft:dragon_egg":4,"minecraft:leather_helmet":3,"minecraft:firework_rocket":182,"minecraft:diamond_shovel":16,"minecraft:coal_ore":97,"minecraft:stone_axe":19,"minecraft:diamond_axe":19,"minecraft:warped_roots":9,"minecraft:baked_potato":614,"minecraft:warped_nylium":6,"minecraft:hopper":14,"minecraft:ender_pearl":1377,"minecraft:shulker_shell":20,"minecraft:wheat":15,"minecraft:ender_chest":1,"minecraft:nether_brick_fence":9,"minecraft:yellow_wool":10,"minecraft:potion":27,"minecraft:stone_brick_stairs":34,"minecraft:crimson_planks":1,"minecraft:smooth_stone_slab":4,"minecraft:iron_leggings":7,"minecraft:netherite_ingot":2,"minecraft:smooth_stone":860,"minecraft:bucket":2,"minecraft:red_dye":24,"minecraft:cobblestone_slab":1,"minecraft:ender_eye":6,"minecraft:iron_pickaxe":6,"minecraft:iron_boots":6,"minecraft:furnace":25,"minecraft:tipped_arrow":12,"minecraft:stick":713,"minecraft:oak_fence":26,"minecraft:torch":106,"minecraft:spruce_stairs":84,"minecraft:porkchop":27,"minecraft:diorite":2,"minecraft:goat_horn":3,"minecraft:quartz_block":54,"minecraft:rotten_flesh":289,"minecraft:obsidian":458,"minecraft:blaze_powder":9,"minecraft:cobblestone":1971,"minecraft:leather_chestplate":2,"minecraft:magma_cream":12,"minecraft:andesite":5,"minecraft:golden_leggings":1,"minecraft:beacon":5,"minecraft:potato":1544,"minecraft:tuff":4,"minecraft:wither_skeleton_skull":11,"minecraft:lapis_lazuli":18,"minecraft:dirt":5071,"minecraft:name_tag":2,"minecraft:leather_boots":4,"minecraft:glass":35,"minecraft:bone":294,"minecraft:bow":10,"minecraft:wheat_seeds":135,"minecraft:raw_gold":41,"minecraft:bell":11,"minecraft:grindstone":22,"minecraft:mossy_stone_bricks":172,"minecraft:fletching_table":14,"minecraft:oak_planks":127,"minecraft:stone_hoe":12,"minecraft:cooked_porkchop":2,"minecraft:oak_pressure_plate":2,"minecraft:poisonous_potato":21,"minecraft:sand":120,"minecraft:grass_block":5,"minecraft:mossy_cobblestone":45,"minecraft:shulker_box":1,"minecraft:sugar":11,"minecraft:yellow_carpet":9,"minecraft:diamond":44,"minecraft:spruce_boat":4,"minecraft:cracked_polished_blackstone_bricks":62,"minecraft:crossbow":30,"minecraft:grass":2,"minecraft:bone_meal":64,"minecraft:golden_apple":3,"minecraft:emerald":621,"minecraft:oak_sapling":116,"minecraft:netherrack":3878,"minecraft:chorus_fruit":57,"minecraft:oak_leaves":396,"minecraft:nether_star":1,"minecraft:end_stone_bricks":26,"minecraft:end_stone_brick_stairs":76,"minecraft:splash_potion":2,"minecraft:chicken":4,"minecraft:ladder":34,"minecraft:brown_mushroom":4,"minecraft:wooden_pickaxe":3,"minecraft:gold_block":39,"minecraft:diamond_horse_armor":6,"minecraft:shield":9,"minecraft:oak_trapdoor":7,"minecraft:iron_axe":29,"minecraft:item_frame":1,"minecraft:blackstone":64,"minecraft:observer":6,"minecraft:lectern":1019,"minecraft:blue_shulker_box":1,"minecraft:sugar_cane":1116,"minecraft:phantom_membrane":16,"minecraft:spruce_trapdoor":55,"minecraft:raw_iron":8,"minecraft:end_stone":1139,"minecraft:polished_blackstone_bricks":91,"minecraft:cookie":6,"minecraft:iron_horse_armor":3,"minecraft:weeping_vines":4,"minecraft:arrow":444,"minecraft:red_shulker_box":11,"minecraft:pumpkin_pie":47,"minecraft:nether_bricks":40,"minecraft:saddle":25,"minecraft:basalt":20,"minecraft:golden_carrot":110,"minecraft:crimson_stem":159,"minecraft:magenta_banner":5,"minecraft:leather":58,"minecraft:crimson_fungus":11,"minecraft:chainmail_chestplate":7,"minecraft:yellow_bed":9,"minecraft:nether_wart_block":69,"minecraft:gunpowder":260,"minecraft:cobblestone_stairs":13,"minecraft:red_carpet":54,"minecraft:rabbit_hide":7,"minecraft:iron_ingot":561,"minecraft:stripped_oak_wood":1,"minecraft:soul_sand":133,"minecraft:book":454,"minecraft:oak_slab":12,"minecraft:warped_fungus":11,"minecraft:stone_brick_slab":24,"minecraft:quartz":582,"minecraft:dandelion":14,"minecraft:lava_bucket":4,"minecraft:blast_furnace":8,"minecraft:white_bed":67,"minecraft:spruce_door":7,"minecraft:spider_eye":27,"minecraft:chainmail_leggings":10,"minecraft:iron_helmet":10,"minecraft:end_stone_brick_slab":9,"minecraft:coal":791},"minecraft:used":{"minecraft:beetroot":3,"minecraft:nether_brick_fence":2,"minecraft:dispenser":4,"minecraft:elytra":58,"minecraft:spruce_slab":51,"minecraft:ladder":72,"minecraft:poppy":5,"minecraft:chest":129,"minecraft:stone":78,"minecraft:rotten_flesh":77,"minecraft:soul_sand":37,"minecraft:snowball":19,"minecraft:spruce_boat":2,"minecraft:lava_bucket":8,"minecraft:grass_block":2,"minecraft:stone_brick_stairs":82,"minecraft:bow":164,"minecraft:furnace":32,"minecraft:egg":7,"minecraft:end_stone_brick_stairs":46,"minecraft:potato":425,"minecraft:dragon_head":2,"minecraft:mossy_stone_bricks":138,"minecraft:end_stone_bricks":31,"minecraft:spruce_door":4,"minecraft:chorus_fruit":24,"minecraft:blackstone":14,"minecraft:wooden_pickaxe":3,"minecraft:composter":18,"minecraft:purpur_pillar":5,"minecraft:oak_leaves":261,"minecraft:blast_furnace":2,"minecraft:crying_obsidian":8,"minecraft:lectern":1029,"minecraft:nether_wart_block":32,"minecraft:diamond_sword":2600,"minecraft:smithing_table":7,"minecraft:birch_log":3,"minecraft:oak_trapdoor":17,"minecraft:iron_bars":42,"minecraft:cooked_salmon":9,"minecraft:netherrack":1998,"minecraft:torch":296,"minecraft:dragon_egg":3,"minecraft:brewing_stand":3,"minecraft:anvil":6,"minecraft:yellow_carpet":9,"minecraft:shroomlight":4,"minecraft:red_shulker_box":13,"minecraft:iron_axe":702,"minecraft:iron_block":655,"minecraft:totem_of_undying":9,"minecraft:diamond_chestplate":55,"minecraft:tripwire_hook":4,"minecraft:beef":2,"minecraft:goat_horn":3,"minecraft:cobbled_deepslate":6,"minecraft:observer":4,"minecraft:water_bucket":279,"minecraft:yellow_shulker_box":21,"minecraft:cartography_table":2,"minecraft:fletching_table":16,"minecraft:cracked_stone_bricks":74,"minecraft:polished_blackstone_bricks":91,"minecraft:mossy_cobblestone":3,"minecraft:rail":36,"minecraft:crafting_table":17,"minecraft:red_bed":6,"minecraft:white_bed":46,"minecraft:spruce_log":6,"minecraft:oak_log":125,"minecraft:ender_eye":8,"minecraft:diamond_pickaxe":13577,"minecraft:diamond_shovel":4557,"minecraft:iron_pickaxe":120,"minecraft:suspicious_stew":6,"minecraft:spruce_trapdoor":131,"minecraft:spruce_sapling":83,"minecraft:cobblestone":203,"minecraft:potion":34,"minecraft:cooked_porkchop":2,"minecraft:porkchop":4,"minecraft:diamond_leggings":10,"minecraft:iron_shovel":239,"minecraft:bone_block":1,"minecraft:shield":3,"minecraft:iron_sword":358,"minecraft:nether_wart":20,"minecraft:bell":2,"minecraft:spruce_leaves":6,"minecraft:nether_bricks":38,"minecraft:carrot":316,"minecraft:obsidian":128,"minecraft:glass":1,"minecraft:coal_ore":76,"minecraft:lantern":1,"minecraft:iron_helmet":2,"minecraft:crimson_roots":5,"minecraft:stone_bricks":229,"minecraft:item_frame":1,"minecraft:birch_button":1,"minecraft:red_carpet":155,"minecraft:warped_fungus":6,"minecraft:golden_boots":5,"minecraft:diamond_boots":13,"minecraft:wither_skeleton_skull":6,"minecraft:birch_leaves":2,"minecraft:stone_pickaxe":174,"minecraft:oak_planks":7,"minecraft:ender_pearl":149,"minecraft:end_stone_brick_slab":326,"minecraft:sugar_cane":248,"minecraft:diamond_axe":4275,"minecraft:blue_bed":3,"minecraft:white_wool":1,"minecraft:crossbow":7,"minecraft:end_stone":391,"minecraft:shears":435,"minecraft:lever":4,"minecraft:firework_rocket":332,"minecraft:bread":163,"minecraft:string":7,"minecraft:gravel":20,"minecraft:grindstone":22,"minecraft:andesite":1,"minecraft:smooth_stone_slab":32,"minecraft:chain":1,"minecraft:air":3,"minecraft:bone_meal":864,"minecraft:purpur_block":8,"minecraft:flint_and_steel":9,"minecraft:stone_shovel":259,"minecraft:redstone":3,"minecraft:spruce_planks":52,"minecraft:ender_chest":8,"minecraft:stone_hoe":10,"minecraft:dirt":2656,"minecraft:white_carpet":134,"minecraft:hopper":26,"minecraft:spruce_stairs":74,"minecraft:diamond_helmet":8,"minecraft:shulker_box":1,"minecraft:spruce_fence":3,"minecraft:iron_hoe":1087,"minecraft:stone_brick_slab":12,"minecraft:bookshelf":43,"minecraft:iron_boots":1,"minecraft:crimson_planks":25,"minecraft:golden_carrot":92,"minecraft:soul_soil":74,"minecraft:minecart":4,"minecraft:iron_leggings":5,"minecraft:quartz_bricks":70,"minecraft:snow_block":6,"minecraft:glass_bottle":67,"minecraft:baked_potato":459,"minecraft:beacon":6,"minecraft:cobblestone_slab":1,"minecraft:smoker":1,"minecraft:apple":73,"minecraft:cracked_polished_blackstone_bricks":13,"minecraft:chicken":3,"minecraft:stone_axe":152,"minecraft:white_banner":1,"minecraft:bucket":289,"minecraft:pumpkin_pie":5,"minecraft:yellow_bed":9,"minecraft:smooth_stone":1394,"minecraft:splash_potion":9,"minecraft:chainmail_leggings":3},"minecraft:killed":{"minecraft:shulker":35,"minecraft:skeleton":47,"minecraft:chicken":3,"minecraft:magma_cube":35,"minecraft:salmon":9,"minecraft:iron_golem":57,"minecraft:pillager":47,"minecraft:zombie":112,"minecraft:cow":3,"minecraft:evoker":11,"minecraft:vindicator":34,"minecraft:endermite":1,"minecraft:snow_golem":1,"minecraft:wandering_trader":3,"minecraft:ravager":7,"minecraft:enderman":6499,"minecraft:zombified_piglin":6,"minecraft:witch":6,"minecraft:spider":15,"minecraft:wither":1,"minecraft:silverfish":4,"minecraft:piglin_brute":5,"minecraft:piglin":30,"minecraft:zombie_villager":1,"minecraft:creeper":49,"minecraft:sheep":2,"minecraft:trader_llama":6,"minecraft:stray":1,"minecraft:ghast":2,"minecraft:blaze":32,"minecraft:vex":1,"minecraft:phantom":5,"minecraft:hoglin":4,"minecraft:wither_skeleton":38},"minecraft:broken":{"minecraft:diamond_helmet":1,"minecraft:iron_leggings":1,"minecraft:diamond_pickaxe":1,"minecraft:iron_hoe":4,"minecraft:iron_axe":1,"minecraft:stone_shovel":1},"minecraft:mined":{"minecraft:dragon_wall_head":3,"minecraft:red_shulker_box":11,"minecraft:white_bed":28,"minecraft:obsidian":380,"minecraft:granite":18,"minecraft:chiseled_polished_blackstone":1,"minecraft:yellow_carpet":9,"minecraft:purpur_slab":3,"minecraft:hopper":14,"minecraft:crimson_fungus":1,"minecraft:nether_wart":41,"minecraft:spawner":1,"minecraft:polished_blackstone_bricks":95,"minecraft:weeping_vines_plant":2,"minecraft:tall_seagrass":1,"minecraft:magma_block":4,"minecraft:cobbled_deepslate":4,"minecraft:fire":78,"minecraft:fletching_table":14,"minecraft:oak_sign":1,"minecraft:dirt_path":66,"minecraft:oak_stairs":89,"minecraft:iron_block":528,"minecraft:tripwire":1,"minecraft:brown_mushroom":4,"minecraft:red_bed":5,"minecraft:crimson_nylium":323,"minecraft:soul_fire":47,"minecraft:torch":13,"minecraft:blast_furnace":4,"minecraft:sugar_cane":592,"minecraft:mud":1,"minecraft:wheat":15,"minecraft:warped_fungus":7,"minecraft:stone_brick_stairs":28,"minecraft:grass":402,"minecraft:infested_mossy_stone_bricks":3,"minecraft:birch_button":2,"minecraft:piston":2,"minecraft:deepslate":180,"minecraft:mossy_cobblestone":38,"minecraft:shulker_box":1,"minecraft:end_stone":1107,"minecraft:nether_bricks":44,"minecraft:spruce_fence":3,"minecraft:crimson_roots":25,"minecraft:cartography_table":2,"minecraft:snow":98,"minecraft:andesite":6,"minecraft:potatoes":410,"minecraft:cobblestone_slab":1,"minecraft:rail":48,"minecraft:bone_block":124,"minecraft:white_wool":7,"minecraft:ender_chest":3,"minecraft:smithing_table":5,"minecraft:oak_slab":12,"minecraft:glass_pane":10,"minecraft:soul_sand":107,"minecraft:observer":2,"minecraft:dandelion":2,"minecraft:emerald_ore":1,"minecraft:warped_roots":2,"minecraft:purpur_pillar":7,"minecraft:tall_grass":29,"minecraft:copper_ore":1,"minecraft:deepslate_gold_ore":18,"minecraft:diorite":1,"minecraft:stripped_spruce_wood":1,"minecraft:white_carpet":7,"minecraft:spruce_log":1806,"minecraft:birch_leaves":63,"minecraft:gravel":275,"minecraft:cobweb":32,"minecraft:stone_bricks":227,"minecraft:infested_stone":1,"minecraft:spruce_planks":56,"minecraft:oak_sapling":1,"minecraft:farmland":49,"minecraft:cobblestone_stairs":15,"minecraft:brewing_stand":3,"minecraft:spruce_trapdoor":17,"minecraft:grass_block":1582,"minecraft:cracked_polished_blackstone_bricks":63,"minecraft:soul_soil":75,"minecraft:composter":20,"minecraft:gilded_blackstone":1,"minecraft:smooth_stone":68,"minecraft:sculk_catalyst":1,"minecraft:iron_ore":4,"minecraft:dragon_head":1,"minecraft:iron_bars":45,"minecraft:end_stone_bricks":27,"minecraft:spruce_slab":7,"minecraft:deepslate_redstone_ore":1,"minecraft:blackstone":70,"minecraft:magenta_wall_banner":8,"minecraft:purpur_stairs":3,"minecraft:end_stone_brick_slab":6,"minecraft:poppy":16,"minecraft:beacon":5,"minecraft:chest":27,"minecraft:nether_quartz_ore":389,"minecraft:wither_skeleton_wall_skull":1,"minecraft:cobblestone":361,"minecraft:grindstone":21,"minecraft:oak_planks":112,"minecraft:iron_door":9,"minecraft:wall_torch":2,"minecraft:seagrass":1,"minecraft:warped_nylium":40,"minecraft:nether_wart_block":8,"minecraft:yellow_wool":6,"minecraft:birch_log":54,"minecraft:stripped_oak_wood":1,"minecraft:purpur_block":8,"minecraft:smooth_stone_slab":4,"minecraft:oak_log":756,"minecraft:sand":173,"minecraft:dirt":2553,"minecraft:infested_cracked_stone_bricks":1,"minecraft:crimson_planks":1,"minecraft:wither_skeleton_skull":5,"minecraft:ancient_debris":12,"minecraft:dispenser":1,"minecraft:netherrack":5418,"minecraft:oak_leaves":1424,"minecraft:nether_gold_ore":105,"minecraft:red_carpet":40,"minecraft:tuff":9,"minecraft:deepslate_diamond_ore":15,"minecraft:oak_door":1,"minecraft:lever":1,"minecraft:ladder":27,"minecraft:stone_button":1,"minecraft:weeping_vines":1,"minecraft:spruce_leaves":123,"minecraft:crimson_stem":142,"minecraft:hay_block":92,"minecraft:oak_trapdoor":3,"minecraft:spruce_sapling":3,"minecraft:furnace":22,"minecraft:carrots":213,"minecraft:nether_sprouts":1,"minecraft:stripped_spruce_log":2,"minecraft:gold_block":39,"minecraft:bell":1,"minecraft:nether_brick_fence":5,"minecraft:bookshelf":353,"minecraft:shroomlight":5,"minecraft:stripped_oak_log":1,"minecraft:chorus_plant":2,"minecraft:stone":3086,"minecraft:yellow_shulker_box":21,"minecraft:podzol":196,"minecraft:magenta_stained_glass":5,"minecraft:infested_stone_bricks":10,"minecraft:snow_block":3,"minecraft:basalt":20,"minecraft:spruce_door":3,"minecraft:oak_fence":26,"minecraft:crafting_table":10,"minecraft:lectern":1016,"minecraft:quartz_bricks":6,"minecraft:lapis_ore":4,"minecraft:polished_blackstone_brick_stairs":2,"minecraft:blue_bed":4,"minecraft:spruce_stairs":15,"minecraft:end_stone_brick_stairs":23,"minecraft:yellow_bed":8,"minecraft:coal_ore":350,"minecraft:end_rod":9,"minecraft:cracked_stone_bricks":106,"minecraft:mossy_stone_bricks":180},"minecraft:custom":{"minecraft:interact_with_crafting_table":256,"minecraft:open_barrel":60,"minecraft:bell_ring":6,"minecraft:leave_game":21,"minecraft:time_since_death":41368,"minecraft:damage_blocked_by_shield":180,"minecraft:play_time":2347417,"minecraft:deaths":29,"minecraft:jump":40932,"minecraft:interact_with_furnace":281,"minecraft:traded_with_villager":2609,"minecraft:interact_with_cartography_table":1,"minecraft:sleep_in_bed":94,"minecraft:damage_dealt":188937,"minecraft:interact_with_smoker":23,"minecraft:interact_with_smithing_table":7,"minecraft:inspect_dispenser":1,"minecraft:horse_one_cm":1225,"minecraft:interact_with_anvil":75,"minecraft:inspect_hopper":21,"minecraft:sneak_time":218733,"minecraft:interact_with_blast_furnace":16,"minecraft:total_world_time":2347417,"minecraft:interact_with_stonecutter":1,"minecraft:time_since_rest":41406,"minecraft:swim_one_cm":132525,"minecraft:fly_one_cm":11751586,"minecraft:open_chest":1654,"minecraft:fall_one_cm":1283116,"minecraft:open_shulker_box":118,"minecraft:sprint_one_cm":6650464,"minecraft:drop":1033,"minecraft:talked_to_villager":2587,"minecraft:interact_with_brewingstand":113,"minecraft:walk_on_water_one_cm":176596,"minecraft:open_enderchest":52,"minecraft:interact_with_beacon":40,"minecraft:crouch_one_cm":818848,"minecraft:mob_kills":7136,"minecraft:climb_one_cm":263636,"minecraft:walk_one_cm":5679138,"minecraft:raid_win":4,"minecraft:walk_under_water_one_cm":81761,"minecraft:boat_one_cm":992,"minecraft:interact_with_grindstone":20,"minecraft:damage_taken":48095,"minecraft:damage_absorbed":322,"minecraft:aviate_one_cm":8834803}},"DataVersion":3465}