{"stats":{"minecraft:broken":{"minecraft:iron_leggings":1,"minecraft:diamond_pickaxe":1,"minecraft:iron_hoe":4,"minecraft:iron_axe":1,"minecraft:stone_shovel":1},"minecraft:custom":{"minecraft:interact_with_crafting_table":155,"minecraft:open_barrel":2,"minecraft:bell_ring":6,"minecraft:leave_game":15,"minecraft:time_since_death":537597,"minecraft:play_time":1232848,"minecraft:deaths":19,"minecraft:jump":23694,"minecraft:interact_with_furnace":116,"minecraft:traded_with_villager":1310,"minecraft:interact_with_cartography_table":1,"minecraft:sleep_in_bed":65,"minecraft:damage_dealt":111511,"minecraft:interact_with_smoker":23,"minecraft:horse_one_cm":1225,"minecraft:interact_with_anvil":27,"minecraft:sneak_time":113945,"minecraft:interact_with_blast_furnace":7,"minecraft:total_world_time":1232848,"minecraft:time_since_rest":81298,"minecraft:swim_one_cm":75137,"minecraft:fly_one_cm":5653730,"minecraft:open_chest":610,"minecraft:fall_one_cm":697730,"minecraft:open_shulker_box":7,"minecraft:sprint_one_cm":3643219,"minecraft:drop":413,"minecraft:talked_to_villager":1746,"minecraft:interact_with_brewingstand":68,"minecraft:walk_on_water_one_cm":94859,"minecraft:open_enderchest":8,"minecraft:crouch_one_cm":417500,"minecraft:mob_kills":362,"minecraft:climb_one_cm":176664,"minecraft:walk_one_cm":3054784,"minecraft:raid_win":2,"minecraft:walk_under_water_one_cm":52317,"minecraft:boat_one_cm":329,"minecraft:interact_with_grindstone":9,"minecraft:damage_taken":23432,"minecraft:damage_absorbed":240,"minecraft:aviate_one_cm":517281},"minecraft:mined":{"minecraft:dragon_wall_head":2,"minecraft:white_bed":17,"minecraft:obsidian":77,"minecraft:granite":10,"minecraft:yellow_carpet":9,"minecraft:purpur_slab":3,"minecraft:hopper":5,"minecraft:crimson_fungus":1,"minecraft:nether_wart":40,"minecraft:spawner":1,"minecraft:weeping_vines_plant":1,"minecraft:tall_seagrass":1,"minecraft:cobbled_deepslate":3,"minecraft:fire":16,"minecraft:fletching_table":14,"minecraft:oak_sign":1,"minecraft:dirt_path":53,"minecraft:oak_stairs":89,"minecraft:iron_block":1,"minecraft:brown_mushroom":4,"minecraft:red_bed":4,"minecraft:crimson_nylium":318,"minecraft:soul_fire":3,"minecraft:torch":2,"minecraft:blast_furnace":3,"minecraft:sugar_cane":17,"minecraft:mud":1,"minecraft:wheat":15,"minecraft:warped_fungus":6,"minecraft:stone_brick_stairs":28,"minecraft:grass":299,"minecraft:infested_mossy_stone_bricks":3,"minecraft:birch_button":2,"minecraft:piston":2,"minecraft:deepslate":55,"minecraft:mossy_cobblestone":15,"minecraft:end_stone":377,"minecraft:nether_bricks":40,"minecraft:spruce_fence":3,"minecraft:crimson_roots":15,"minecraft:cartography_table":2,"minecraft:snow":93,"minecraft:andesite":6,"minecraft:potatoes":408,"minecraft:rail":25,"minecraft:bone_block":124,"minecraft:white_wool":6,"minecraft:smithing_table":5,"minecraft:oak_slab":12,"minecraft:glass_pane":6,"minecraft:soul_sand":98,"minecraft:dandelion":1,"minecraft:warped_roots":2,"minecraft:purpur_pillar":5,"minecraft:tall_grass":28,"minecraft:stripped_spruce_wood":1,"minecraft:spruce_log":1671,"minecraft:birch_leaves":63,"minecraft:gravel":271,"minecraft:cobweb":1,"minecraft:stone_bricks":201,"minecraft:spruce_planks":55,"minecraft:oak_sapling":1,"minecraft:farmland":49,"minecraft:cobblestone_stairs":3,"minecraft:brewing_stand":1,"minecraft:spruce_trapdoor":9,"minecraft:grass_block":1215,"minecraft:soul_soil":5,"minecraft:composter":11,"minecraft:smooth_stone":1,"minecraft:iron_ore":2,"minecraft:dragon_head":1,"minecraft:iron_bars":45,"minecraft:end_stone_bricks":15,"minecraft:spruce_slab":1,"minecraft:magenta_wall_banner":8,"minecraft:purpur_stairs":3,"minecraft:end_stone_brick_slab":6,"minecraft:poppy":9,"minecraft:chest":12,"minecraft:nether_quartz_ore":258,"minecraft:wither_skeleton_wall_skull":1,"minecraft:cobblestone":219,"minecraft:grindstone":21,"minecraft:oak_planks":110,"minecraft:iron_door":1,"minecraft:seagrass":1,"minecraft:warped_nylium":40,"minecraft:nether_wart_block":6,"minecraft:birch_log":54,"minecraft:yellow_wool":6,"minecraft:stripped_oak_wood":1,"minecraft:purpur_block":5,"minecraft:smooth_stone_slab":1,"minecraft:oak_log":706,"minecraft:sand":173,"minecraft:dirt":2135,"minecraft:infested_cracked_stone_bricks":1,"minecraft:crimson_planks":1,"minecraft:wither_skeleton_skull":5,"minecraft:netherrack":1334,"minecraft:oak_leaves":1227,"minecraft:nether_gold_ore":20,"minecraft:red_carpet":30,"minecraft:tuff":5,"minecraft:deepslate_diamond_ore":10,"minecraft:oak_door":1,"minecraft:ladder":17,"minecraft:weeping_vines":1,"minecraft:spruce_leaves":86,"minecraft:crimson_stem":142,"minecraft:hay_block":10,"minecraft:spruce_sapling":3,"minecraft:furnace":6,"minecraft:carrots":213,"minecraft:nether_sprouts":1,"minecraft:stripped_spruce_log":2,"minecraft:gold_block":2,"minecraft:bell":1,"minecraft:nether_brick_fence":3,"minecraft:bookshelf":24,"minecraft:shroomlight":5,"minecraft:stripped_oak_log":1,"minecraft:chorus_plant":2,"minecraft:stone":1023,"minecraft:podzol":179,"minecraft:infested_stone_bricks":9,"minecraft:snow_block":3,"minecraft:spruce_door":3,"minecraft:oak_fence":26,"minecraft:crafting_table":7,"minecraft:lectern":957,"minecraft:quartz_bricks":1,"minecraft:lapis_ore":4,"minecraft:blue_bed":3,"minecraft:spruce_stairs":15,"minecraft:yellow_bed":6,"minecraft:coal_ore":141,"minecraft:end_rod":8,"minecraft:cracked_stone_bricks":94,"minecraft:mossy_stone_bricks":168},"minecraft:picked_up":{"minecraft:iron_chestplate":5,"minecraft:chainmail_boots":2,"minecraft:smithing_table":5,"minecraft:lead":10,"minecraft:diamond_sword":15,"minecraft:oak_stairs":126,"minecraft:birch_button":1,"minecraft:enchanted_book":1,"minecraft:brewing_stand":2,"minecraft:string":26,"minecraft:soul_soil":5,"minecraft:cooked_salmon":9,"minecraft:shroomlight":7,"minecraft:beetroot":3,"minecraft:diamond_leggings":4,"minecraft:cobbled_deepslate":64,"minecraft:gold_nugget":252,"minecraft:spruce_planks":88,"minecraft:composter":13,"minecraft:purpur_pillar":3,"minecraft:golden_axe":2,"minecraft:golden_chestplate":2,"minecraft:stone_sword":3,"minecraft:iron_block":1,"minecraft:end_rod":7,"minecraft:blaze_rod":73,"minecraft:iron_bars":44,"minecraft:snowball":192,"minecraft:birch_log":54,"minecraft:feather":8,"minecraft:iron_door":1,"minecraft:water_bucket":2,"minecraft:smoker":4,"minecraft:flint":63,"minecraft:rabbit":6,"minecraft:diamond_helmet":10,"minecraft:glowstone_dust":137,"minecraft:stripped_spruce_log":2,"minecraft:barrel":52,"minecraft:quartz_bricks":1,"minecraft:iron_hoe":1,"minecraft:granite":6,"minecraft:bread":18,"minecraft:diamond_pickaxe":4,"minecraft:crimson_roots":92,"minecraft:spruce_leaves":29,"minecraft:mud":1,"minecraft:crafting_table":13,"minecraft:nether_wart":112,"minecraft:leather_leggings":1,"minecraft:dragon_head":3,"minecraft:purpur_block":5,"minecraft:cornflower":1,"minecraft:red_bed":4,"minecraft:elytra":2,"minecraft:flint_and_steel":1,"minecraft:iron_shovel":2,"minecraft:cracked_stone_bricks":83,"minecraft:cartography_table":3,"minecraft:beef":2,"minecraft:poppy":79,"minecraft:spruce_slab":206,"minecraft:minecart":1,"minecraft:chest":105,"minecraft:birch_sapling":13,"minecraft:egg":9,"minecraft:stone":3,"minecraft:oak_door":3,"minecraft:spruce_fence":9,"minecraft:carrot":879,"minecraft:redstone":9,"minecraft:stone_shovel":2,"minecraft:diamond_chestplate":11,"minecraft:beetroot_seeds":8,"minecraft:shears":1,"minecraft:diamond_boots":9,"minecraft:hay_block":10,"minecraft:purpur_slab":3,"minecraft:gold_ingot":45,"minecraft:totem_of_undying":11,"minecraft:rail":23,"minecraft:bone_block":315,"minecraft:white_wool":6,"minecraft:stripped_oak_log":1,"minecraft:birch_leaves":11,"minecraft:oak_log":822,"minecraft:golden_boots":3,"minecraft:blue_bed":3,"minecraft:paper":1,"minecraft:white_banner":27,"minecraft:stone_bricks":202,"minecraft:apple":16,"minecraft:stone_pickaxe":11,"minecraft:glass_bottle":44,"minecraft:iron_sword":9,"minecraft:red_wool":12,"minecraft:gravel":240,"minecraft:spruce_sapling":157,"minecraft:spruce_log":1688,"minecraft:dragon_egg":4,"minecraft:firework_rocket":14,"minecraft:diamond_shovel":8,"minecraft:stone_axe":7,"minecraft:diamond_axe":6,"minecraft:warped_roots":9,"minecraft:baked_potato":353,"minecraft:warped_nylium":6,"minecraft:hopper":5,"minecraft:ender_pearl":91,"minecraft:shulker_shell":11,"minecraft:wheat":15,"minecraft:nether_brick_fence":6,"minecraft:yellow_wool":10,"minecraft:potion":7,"minecraft:stone_brick_stairs":34,"minecraft:crimson_planks":1,"minecraft:iron_leggings":7,"minecraft:smooth_stone":1,"minecraft:bucket":2,"minecraft:red_dye":16,"minecraft:ender_eye":1,"minecraft:furnace":9,"minecraft:iron_boots":6,"minecraft:tipped_arrow":11,"minecraft:stick":692,"minecraft:oak_fence":25,"minecraft:torch":52,"minecraft:spruce_stairs":84,"minecraft:porkchop":13,"minecraft:goat_horn":2,"minecraft:quartz_block":54,"minecraft:rotten_flesh":144,"minecraft:obsidian":83,"minecraft:cobblestone":1508,"minecraft:magma_cream":5,"minecraft:andesite":5,"minecraft:potato":1480,"minecraft:wither_skeleton_skull":9,"minecraft:dirt":3968,"minecraft:lapis_lazuli":18,"minecraft:glass":17,"minecraft:bone":227,"minecraft:bow":3,"minecraft:wheat_seeds":117,"minecraft:bell":2,"minecraft:grindstone":22,"minecraft:mossy_stone_bricks":165,"minecraft:fletching_table":14,"minecraft:oak_planks":118,"minecraft:stone_hoe":5,"minecraft:oak_pressure_plate":2,"minecraft:poisonous_potato":20,"minecraft:sand":120,"minecraft:grass_block":5,"minecraft:mossy_cobblestone":22,"minecraft:sugar":9,"minecraft:yellow_carpet":9,"minecraft:diamond":27,"minecraft:spruce_boat":2,"minecraft:crossbow":27,"minecraft:bone_meal":64,"minecraft:grass":2,"minecraft:emerald":364,"minecraft:oak_sapling":112,"minecraft:netherrack":1507,"minecraft:chorus_fruit":57,"minecraft:oak_leaves":193,"minecraft:nether_star":1,"minecraft:end_stone_bricks":14,"minecraft:splash_potion":1,"minecraft:chicken":4,"minecraft:ladder":24,"minecraft:brown_mushroom":4,"minecraft:wooden_pickaxe":3,"minecraft:gold_block":2,"minecraft:diamond_horse_armor":6,"minecraft:shield":4,"minecraft:iron_axe":28,"minecraft:item_frame":1,"minecraft:lectern":960,"minecraft:sugar_cane":25,"minecraft:spruce_trapdoor":33,"minecraft:raw_iron":5,"minecraft:end_stone":364,"minecraft:iron_horse_armor":3,"minecraft:weeping_vines":4,"minecraft:arrow":68,"minecraft:nether_bricks":36,"minecraft:saddle":7,"minecraft:magenta_banner":5,"minecraft:crimson_stem":159,"minecraft:leather":51,"minecraft:crimson_fungus":9,"minecraft:chainmail_chestplate":5,"minecraft:nether_wart_block":68,"minecraft:yellow_bed":7,"minecraft:gunpowder":38,"minecraft:cobblestone_stairs":3,"minecraft:red_carpet":35,"minecraft:rabbit_hide":7,"minecraft:iron_ingot":481,"minecraft:stripped_oak_wood":1,"minecraft:soul_sand":109,"minecraft:book":131,"minecraft:oak_slab":12,"minecraft:warped_fungus":10,"minecraft:stone_brick_slab":24,"minecraft:quartz":410,"minecraft:dandelion":8,"minecraft:lava_bucket":4,"minecraft:blast_furnace":7,"minecraft:white_bed":21,"minecraft:spruce_door":6,"minecraft:spider_eye":13,"minecraft:chainmail_leggings":4,"minecraft:iron_helmet":9,"minecraft:end_stone_brick_slab":9,"minecraft:coal":305},"minecraft:killed_by":{"minecraft:ravager":1,"minecraft:vindicator":5,"minecraft:zombie":2,"minecraft:stray":1,"minecraft:piglin":1,"minecraft:blaze":2,"minecraft:iron_golem":3,"minecraft:skeleton":1},"minecraft:used":{"minecraft:beetroot":3,"minecraft:nether_brick_fence":2,"minecraft:spruce_slab":50,"minecraft:poppy":4,"minecraft:ladder":68,"minecraft:elytra":16,"minecraft:chest":112,"minecraft:rotten_flesh":45,"minecraft:soul_sand":29,"minecraft:snowball":11,"minecraft:spruce_boat":2,"minecraft:lava_bucket":8,"minecraft:grass_block":2,"minecraft:stone_brick_stairs":82,"minecraft:bow":115,"minecraft:furnace":7,"minecraft:egg":7,"minecraft:potato":425,"minecraft:dragon_head":2,"minecraft:mossy_stone_bricks":131,"minecraft:end_stone_bricks":9,"minecraft:spruce_door":4,"minecraft:chorus_fruit":24,"minecraft:wooden_pickaxe":3,"minecraft:composter":8,"minecraft:purpur_pillar":3,"minecraft:oak_leaves":126,"minecraft:blast_furnace":2,"minecraft:crying_obsidian":8,"minecraft:lectern":969,"minecraft:nether_wart_block":32,"minecraft:diamond_sword":1000,"minecraft:smithing_table":7,"minecraft:birch_log":3,"minecraft:oak_trapdoor":6,"minecraft:iron_bars":42,"minecraft:cooked_salmon":9,"minecraft:netherrack":1167,"minecraft:torch":10,"minecraft:dragon_egg":3,"minecraft:brewing_stand":2,"minecraft:anvil":2,"minecraft:yellow_carpet":9,"minecraft:shroomlight":4,"minecraft:red_shulker_box":1,"minecraft:iron_block":128,"minecraft:iron_axe":682,"minecraft:totem_of_undying":6,"minecraft:diamond_chestplate":14,"minecraft:beef":2,"minecraft:goat_horn":2,"minecraft:cobbled_deepslate":4,"minecraft:water_bucket":54,"minecraft:cartography_table":2,"minecraft:fletching_table":16,"minecraft:cracked_stone_bricks":74,"minecraft:mossy_cobblestone":3,"minecraft:rail":25,"minecraft:crafting_table":12,"minecraft:red_bed":6,"minecraft:white_bed":20,"minecraft:spruce_log":5,"minecraft:oak_log":123,"minecraft:diamond_pickaxe":4604,"minecraft:diamond_shovel":3808,"minecraft:iron_pickaxe":1,"minecraft:spruce_trapdoor":22,"minecraft:spruce_sapling":83,"minecraft:cobblestone":85,"minecraft:potion":25,"minecraft:porkchop":4,"minecraft:diamond_leggings":5,"minecraft:iron_shovel":155,"minecraft:bone_block":1,"minecraft:iron_sword":47,"minecraft:nether_wart":20,"minecraft:bell":2,"minecraft:spruce_leaves":6,"minecraft:nether_bricks":36,"minecraft:carrot":243,"minecraft:obsidian":24,"minecraft:glass":1,"minecraft:iron_helmet":2,"minecraft:crimson_roots":2,"minecraft:stone_bricks":227,"minecraft:item_frame":1,"minecraft:birch_button":1,"minecraft:red_carpet":40,"minecraft:warped_fungus":5,"minecraft:golden_boots":5,"minecraft:diamond_boots":8,"minecraft:wither_skeleton_skull":6,"minecraft:birch_leaves":2,"minecraft:stone_pickaxe":165,"minecraft:oak_planks":4,"minecraft:ender_pearl":23,"minecraft:end_stone_brick_slab":326,"minecraft:blue_bed":3,"minecraft:diamond_axe":3579,"minecraft:crossbow":7,"minecraft:end_stone":66,"minecraft:shears":233,"minecraft:firework_rocket":17,"minecraft:bread":23,"minecraft:gravel":19,"minecraft:grindstone":22,"minecraft:andesite":1,"minecraft:air":3,"minecraft:bone_meal":864,"minecraft:purpur_block":5,"minecraft:flint_and_steel":1,"minecraft:stone_shovel":259,"minecraft:spruce_planks":12,"minecraft:stone_hoe":10,"minecraft:dirt":2153,"minecraft:hopper":5,"minecraft:spruce_stairs":74,"minecraft:diamond_helmet":5,"minecraft:spruce_fence":3,"minecraft:iron_hoe":1002,"minecraft:stone_brick_slab":12,"minecraft:iron_boots":1,"minecraft:crimson_planks":25,"minecraft:soul_soil":5,"minecraft:minecart":1,"minecraft:iron_leggings":5,"minecraft:quartz_bricks":65,"minecraft:snow_block":6,"minecraft:glass_bottle":49,"minecraft:baked_potato":366,"minecraft:beacon":1,"minecraft:smoker":1,"minecraft:apple":13,"minecraft:chicken":3,"minecraft:stone_axe":152,"minecraft:bucket":62,"minecraft:yellow_bed":7,"minecraft:smooth_stone":1,"minecraft:splash_potion":5,"minecraft:chainmail_leggings":3},"minecraft:killed":{"minecraft:shulker":19,"minecraft:skeleton":21,"minecraft:chicken":3,"minecraft:magma_cube":1,"minecraft:salmon":9,"minecraft:iron_golem":53,"minecraft:pillager":25,"minecraft:zombie":43,"minecraft:cow":3,"minecraft:evoker":7,"minecraft:vindicator":17,"minecraft:snow_golem":1,"minecraft:wandering_trader":2,"minecraft:ravager":1,"minecraft:enderman":40,"minecraft:witch":4,"minecraft:spider":7,"minecraft:wither":1,"minecraft:silverfish":3,"minecraft:piglin":12,"minecraft:zombie_villager":1,"minecraft:creeper":15,"minecraft:trader_llama":4,"minecraft:stray":1,"minecraft:ghast":1,"minecraft:blaze":19,"minecraft:hoglin":2,"minecraft:wither_skeleton":28},"minecraft:crafted":{"minecraft:smooth_stone":12,"minecraft:blaze_powder":17,"minecraft:birch_slab":6,"minecraft:diamond_shovel":6,"minecraft:bookshelf":10,"minecraft:shulker_box":4,"minecraft:quartz_block":91,"minecraft:glass":83,"minecraft:diamond_helmet":4,"minecraft:diamond_leggings":3,"minecraft:beacon":1,"minecraft:glass_bottle":60,"minecraft:emerald":1161,"minecraft:diamond_axe":7,"minecraft:spruce_door":3,"minecraft:smithing_table":2,"minecraft:fletching_table":2,"minecraft:end_stone_brick_slab":318,"minecraft:stone_brick_stairs":56,"minecraft:lectern":10,"minecraft:iron_block":137,"minecraft:gold_ingot":27,"minecraft:stone_shovel":14,"minecraft:bone_meal":1116,"minecraft:spruce_stairs":80,"minecraft:ladder":54,"minecraft:spruce_slab":288,"minecraft:red_shulker_box":1,"minecraft:stone_pickaxe":21,"minecraft:diamond_boots":4,"minecraft:spruce_boat":1,"minecraft:wheat":90,"minecraft:red_bed":2,"minecraft:red_carpet":12,"minecraft:enchanted_book":27,"minecraft:golden_apple":7,"minecraft:fermented_spider_eye":1,"minecraft:iron_shovel":7,"minecraft:iron_leggings":3,"minecraft:oak_planks":2308,"minecraft:barrel":52,"minecraft:quartz_bricks":88,"minecraft:stone":212,"minecraft:heavy_weighted_pressure_plate":28,"minecraft:hopper":9,"minecraft:stone_brick_slab":24,"minecraft:bow":3,"minecraft:iron_boots":4,"minecraft:chest":113,"minecraft:stone_hoe":12,"minecraft:stone_bricks":148,"minecraft:golden_boots":1,"minecraft:smoker":4,"minecraft:oak_slab":30,"minecraft:arrow":320,"minecraft:crafting_table":11,"minecraft:spruce_planks":6428,"minecraft:wooden_pickaxe":1,"minecraft:baked_potato":256,"minecraft:iron_helmet":3,"minecraft:chainmail_chestplate":7,"minecraft:red_wool":4,"minecraft:birch_planks":200,"minecraft:spruce_trapdoor":62,"minecraft:iron_chestplate":3,"minecraft:paper":24,"minecraft:diamond_pickaxe":4,"minecraft:stick":15691,"minecraft:iron_ingot":54,"minecraft:snow_block":6,"minecraft:shears":1,"minecraft:furnace":13,"minecraft:blast_furnace":4,"minecraft:oak_trapdoor":6,"minecraft:end_stone_bricks":160,"minecraft:flint_and_steel":1,"minecraft:iron_axe":17,"minecraft:iron_hoe":4,"minecraft:minecart":2,"minecraft:sugar":1,"minecraft:red_dye":1,"minecraft:crimson_planks":636,"minecraft:diamond_sword":3,"minecraft:yellow_carpet":3,"minecraft:iron_sword":2,"minecraft:stone_axe":2,"minecraft:air":0,"minecraft:bread":35,"minecraft:anvil":2,"minecraft:diamond_chestplate":4,"minecraft:firework_rocket":57},"minecraft:dropped":{"minecraft:iron_sword":1,"minecraft:oak_pressure_plate":1,"minecraft:chorus_fruit":20,"minecraft:glass_bottle":2,"minecraft:crafting_table":1,"minecraft:cracked_stone_bricks":8,"minecraft:saddle":1,"minecraft:emerald":11,"minecraft:dirt":416,"minecraft:grass":2,"minecraft:gold_nugget":16,"minecraft:bone_meal":285,"minecraft:sand":1,"minecraft:bone":2,"minecraft:stone_axe":5,"minecraft:golden_chestplate":2,"minecraft:birch_sapling":1,"minecraft:rotten_flesh":6,"minecraft:oak_planks":3,"minecraft:end_stone":2,"minecraft:white_bed":1,"minecraft:tipped_arrow":3,"minecraft:hopper":9,"minecraft:ladder":2,"minecraft:leather_leggings":1,"minecraft:end_stone_bricks":6,"minecraft:glass":1,"minecraft:stone_brick_stairs":2,"minecraft:lectern":1,"minecraft:iron_ingot":21,"minecraft:enchanted_book":11,"minecraft:wheat_seeds":17,"minecraft:purpur_slab":1,"minecraft:iron_helmet":3,"minecraft:cobblestone":18,"minecraft:book":35,"minecraft:apple":2,"minecraft:granite":6,"minecraft:coal":37,"minecraft:lava_bucket":1,"minecraft:diamond_helmet":3,"minecraft:potion":13,"minecraft:white_banner":4,"minecraft:chainmail_leggings":3,"minecraft:iron_shovel":4,"minecraft:paper":1,"minecraft:string":17,"minecraft:stone_brick_slab":8,"minecraft:stone_shovel":14,"minecraft:iron_boots":5,"minecraft:shears":1,"minecraft:diamond_sword":3,"minecraft:potato":771,"minecraft:stone":5,"minecraft:spruce_trapdoor":9,"minecraft:spruce_planks":1,"minecraft:diamond_pickaxe":2,"minecraft:spider_eye":1,"minecraft:stone_bricks":1,"minecraft:bow":2,"minecraft:birch_planks":3,"minecraft:diamond_axe":4,"minecraft:warped_fungus":1,"minecraft:baked_potato":96,"minecraft:ender_pearl":10,"minecraft:iron_horse_armor":1,"minecraft:birch_slab":2,"minecraft:flint":1,"minecraft:spruce_leaves":23,"minecraft:cornflower":1,"minecraft:crimson_roots":4,"minecraft:snowball":25,"minecraft:gold_ingot":2,"minecraft:diamond_shovel":3,"minecraft:carrot":600,"minecraft:chainmail_chestplate":11,"minecraft:poppy":7,"minecraft:iron_bars":2,"minecraft:arrow":182,"minecraft:oak_leaves":4,"minecraft:splash_potion":1,"minecraft:firework_rocket":10,"minecraft:stone_hoe":17,"minecraft:water_bucket":1,"minecraft:bread":40,"minecraft:minecart":1,"minecraft:diamond_leggings":3,"minecraft:poisonous_potato":2,"minecraft:golden_axe":1,"minecraft:stick":17,"minecraft:torch":10,"minecraft:nether_wart_block":1,"minecraft:iron_door":1,"minecraft:iron_leggings":2,"minecraft:iron_axe":28,"minecraft:dandelion":6,"minecraft:redstone":3,"minecraft:dragon_head":1,"minecraft:blaze_rod":23,"minecraft:composter":1,"minecraft:wither_skeleton_skull":3,"minecraft:iron_hoe":1,"minecraft:ender_eye":1,"minecraft:totem_of_undying":4,"minecraft:flint_and_steel":1,"minecraft:shield":1,"minecraft:diamond_chestplate":1,"minecraft:dragon_egg":1,"minecraft:iron_chestplate":4,"minecraft:andesite":4,"minecraft:mossy_stone_bricks":28,"minecraft:oak_sapling":30,"minecraft:diamond_boots":4,"minecraft:spruce_log":2,"minecraft:stone_pickaxe":30,"minecraft:wooden_pickaxe":2}},"DataVersion":3465}