{"stats":{"minecraft:broken":{"minecraft:iron_axe":1,"minecraft:stone_shovel":1},"minecraft:custom":{"minecraft:interact_with_anvil":2,"minecraft:mob_kills":56,"minecraft:interact_with_crafting_table":84,"minecraft:open_barrel":2,"minecraft:bell_ring":2,"minecraft:leave_game":3,"minecraft:time_since_death":173120,"minecraft:climb_one_cm":33951,"minecraft:sprint_one_cm":844517,"minecraft:walk_one_cm":861026,"minecraft:drop":88,"minecraft:talked_to_villager":264,"minecraft:play_time":312449,"minecraft:sneak_time":27966,"minecraft:deaths":3,"minecraft:walk_under_water_one_cm":4480,"minecraft:jump":5477,"minecraft:walk_on_water_one_cm":22701,"minecraft:total_world_time":312449,"minecraft:interact_with_furnace":90,"minecraft:traded_with_villager":189,"minecraft:interact_with_cartography_table":1,"minecraft:interact_with_grindstone":2,"minecraft:sleep_in_bed":25,"minecraft:time_since_rest":0,"minecraft:damage_taken":2456,"minecraft:damage_dealt":35920,"minecraft:swim_one_cm":14542,"minecraft:fly_one_cm":1104412,"minecraft:open_chest":156,"minecraft:crouch_one_cm":89209,"minecraft:interact_with_smoker":1,"minecraft:fall_one_cm":140800},"minecraft:mined":{"minecraft:white_bed":3,"minecraft:spruce_planks":2,"minecraft:farmland":49,"minecraft:oak_sapling":1,"minecraft:mossy_cobblestone":15,"minecraft:oak_door":1,"minecraft:cobblestone_stairs":3,"minecraft:brewing_stand":1,"minecraft:spruce_trapdoor":3,"minecraft:ladder":2,"minecraft:spruce_fence":1,"minecraft:grass_block":762,"minecraft:yellow_carpet":8,"minecraft:spruce_leaves":47,"minecraft:composter":11,"minecraft:cartography_table":2,"minecraft:hopper":5,"minecraft:hay_block":10,"minecraft:smooth_stone":1,"minecraft:carrots":13,"minecraft:spruce_sapling":2,"minecraft:furnace":6,"minecraft:andesite":1,"minecraft:fletching_table":10,"minecraft:bookshelf":11,"minecraft:potatoes":2,"minecraft:oak_sign":1,"minecraft:dirt_path":23,"minecraft:oak_stairs":89,"minecraft:stone":747,"minecraft:white_wool":6,"minecraft:spruce_slab":1,"minecraft:smithing_table":2,"minecraft:oak_slab":12,"minecraft:glass_pane":5,"minecraft:spruce_door":3,"minecraft:oak_fence":25,"minecraft:torch":2,"minecraft:crafting_table":4,"minecraft:chest":6,"minecraft:lectern":142,"minecraft:cobblestone":198,"minecraft:oak_planks":97,"minecraft:grindstone":5,"minecraft:spruce_stairs":15,"minecraft:birch_log":43,"minecraft:yellow_wool":6,"minecraft:wheat":15,"minecraft:spruce_log":405,"minecraft:birch_leaves":11,"minecraft:stone_brick_stairs":17,"minecraft:yellow_bed":4,"minecraft:grass":158,"minecraft:coal_ore":80,"minecraft:oak_log":546,"minecraft:gravel":257,"minecraft:dirt":1185,"minecraft:stone_bricks":17,"minecraft:red_carpet":2,"minecraft:oak_leaves":241},"minecraft:picked_up":{"minecraft:spruce_leaves":24,"minecraft:crafting_table":10,"minecraft:wheat":15,"minecraft:chicken":4,"minecraft:ladder":3,"minecraft:yellow_wool":10,"minecraft:smithing_table":2,"minecraft:wooden_pickaxe":1,"minecraft:oak_stairs":126,"minecraft:stone_brick_stairs":21,"minecraft:brewing_stand":2,"minecraft:cornflower":1,"minecraft:string":4,"minecraft:iron_axe":3,"minecraft:iron_leggings":1,"minecraft:iron_shovel":1,"minecraft:beetroot":3,"minecraft:cartography_table":3,"minecraft:smooth_stone":1,"minecraft:spruce_planks":5,"minecraft:beef":2,"minecraft:red_dye":16,"minecraft:poppy":44,"minecraft:spruce_slab":206,"minecraft:lectern":142,"minecraft:chest":99,"minecraft:birch_sapling":12,"minecraft:spruce_trapdoor":27,"minecraft:furnace":9,"minecraft:iron_boots":2,"minecraft:egg":4,"minecraft:stick":532,"minecraft:stone":3,"minecraft:oak_door":3,"minecraft:composter":13,"minecraft:oak_fence":24,"minecraft:torch":28,"minecraft:spruce_stairs":84,"minecraft:spruce_fence":1,"minecraft:carrot":105,"minecraft:arrow":5,"minecraft:rotten_flesh":26,"minecraft:beetroot_seeds":8,"minecraft:shears":1,"minecraft:diamond_boots":1,"minecraft:hay_block":10,"minecraft:white_wool":6,"minecraft:cobblestone":1289,"minecraft:birch_log":43,"minecraft:birch_leaves":11,"minecraft:feather":8,"minecraft:water_bucket":1,"minecraft:andesite":1,"minecraft:leather":4,"minecraft:smoker":4,"minecraft:potato":24,"minecraft:flint":59,"minecraft:chainmail_chestplate":1,"minecraft:oak_log":663,"minecraft:yellow_bed":4,"minecraft:gunpowder":4,"minecraft:cobblestone_stairs":3,"minecraft:dirt":2209,"minecraft:paper":1,"minecraft:red_carpet":2,"minecraft:bone":9,"minecraft:apple":8,"minecraft:stone_bricks":21,"minecraft:wheat_seeds":84,"minecraft:bell":1,"minecraft:grindstone":6,"minecraft:iron_ingot":330,"minecraft:stone_pickaxe":10,"minecraft:fletching_table":10,"minecraft:stone_hoe":1,"minecraft:oak_planks":101,"minecraft:book":33,"minecraft:oak_slab":12,"minecraft:red_wool":12,"minecraft:stone_brick_slab":16,"minecraft:dandelion":6,"minecraft:oak_pressure_plate":2,"minecraft:gravel":229,"minecraft:lava_bucket":1,"minecraft:spruce_sapling":49,"minecraft:blast_furnace":4,"minecraft:white_bed":7,"minecraft:spruce_log":420,"minecraft:spruce_door":3,"minecraft:spider_eye":1,"minecraft:barrel":52,"minecraft:mossy_cobblestone":22,"minecraft:diamond_shovel":4,"minecraft:yellow_carpet":8,"minecraft:diamond":1,"minecraft:stone_axe":1,"minecraft:iron_helmet":1,"minecraft:diamond_axe":2,"minecraft:grass":2,"minecraft:emerald":37,"minecraft:bread":18,"minecraft:oak_sapling":78,"minecraft:coal":96,"minecraft:oak_leaves":189,"minecraft:hopper":5,"minecraft:iron_chestplate":1,"minecraft:diamond_pickaxe":3},"minecraft:killed_by":{"minecraft:iron_golem":2,"minecraft:skeleton":1},"minecraft:used":{"minecraft:oak_trapdoor":6,"minecraft:beetroot":3,"minecraft:iron_shovel":154,"minecraft:spruce_slab":44,"minecraft:stone_shovel":256,"minecraft:ladder":9,"minecraft:poppy":2,"minecraft:chest":103,"minecraft:spruce_planks":2,"minecraft:bell":1,"minecraft:stone_hoe":10,"minecraft:rotten_flesh":23,"minecraft:spruce_leaves":4,"minecraft:brewing_stand":1,"minecraft:torch":5,"minecraft:dirt":250,"minecraft:anvil":1,"minecraft:hopper":5,"minecraft:spruce_stairs":74,"minecraft:carrot":41,"minecraft:yellow_carpet":9,"minecraft:spruce_fence":1,"minecraft:stone_brick_slab":12,"minecraft:lava_bucket":1,"minecraft:iron_block":61,"minecraft:iron_axe":339,"minecraft:iron_boots":1,"minecraft:stone_brick_stairs":71,"minecraft:stone_bricks":62,"minecraft:red_carpet":12,"minecraft:beef":2,"minecraft:furnace":7,"minecraft:egg":4,"minecraft:potato":8,"minecraft:diamond_boots":1,"minecraft:spruce_door":4,"minecraft:birch_leaves":2,"minecraft:stone_pickaxe":165,"minecraft:oak_planks":3,"minecraft:cartography_table":2,"minecraft:wooden_pickaxe":3,"minecraft:diamond_axe":1304,"minecraft:composter":8,"minecraft:fletching_table":12,"minecraft:oak_leaves":126,"minecraft:mossy_cobblestone":3,"minecraft:crafting_table":6,"minecraft:white_bed":6,"minecraft:shears":233,"minecraft:smoker":1,"minecraft:oak_log":123,"minecraft:diamond_pickaxe":931,"minecraft:apple":13,"minecraft:diamond_shovel":1868,"minecraft:chicken":3,"minecraft:bread":19,"minecraft:spruce_trapdoor":13,"minecraft:lectern":143,"minecraft:gravel":19,"minecraft:spruce_sapling":42,"minecraft:stone_axe":152,"minecraft:cobblestone":13,"minecraft:grindstone":6,"minecraft:smithing_table":3,"minecraft:andesite":1,"minecraft:bucket":1,"minecraft:yellow_bed":4,"minecraft:bone_meal":21,"minecraft:smooth_stone":1},"minecraft:killed":{"minecraft:spider":2,"minecraft:skeleton":3,"minecraft:chicken":3,"minecraft:iron_golem":34,"minecraft:creeper":3,"minecraft:zombie":7,"minecraft:cow":2},"minecraft:crafted":{"minecraft:smooth_stone":12,"minecraft:oak_planks":1664,"minecraft:stone_shovel":2,"minecraft:barrel":52,"minecraft:birch_slab":6,"minecraft:furnace":13,"minecraft:blast_furnace":4,"minecraft:stone":164,"minecraft:bone_meal":21,"minecraft:diamond_shovel":3,"minecraft:bookshelf":1,"minecraft:oak_trapdoor":6,"minecraft:hopper":9,"minecraft:stone_brick_slab":24,"minecraft:spruce_stairs":80,"minecraft:iron_boots":1,"minecraft:iron_axe":3,"minecraft:ladder":6,"minecraft:spruce_slab":282,"minecraft:stone_pickaxe":21,"minecraft:chest":106,"minecraft:stone_hoe":2,"minecraft:stone_bricks":148,"minecraft:minecart":1,"minecraft:smoker":4,"minecraft:wheat":90,"minecraft:emerald":152,"minecraft:diamond_axe":1,"minecraft:crafting_table":7,"minecraft:spruce_planks":1552,"minecraft:wooden_pickaxe":1,"minecraft:iron_helmet":1,"minecraft:yellow_carpet":3,"minecraft:chainmail_chestplate":7,"minecraft:spruce_door":3,"minecraft:red_wool":4,"minecraft:smithing_table":1,"minecraft:fletching_table":2,"minecraft:birch_planks":172,"minecraft:red_carpet":12,"minecraft:stone_axe":2,"minecraft:enchanted_book":1,"minecraft:bread":35,"minecraft:air":0,"minecraft:stone_brick_stairs":56,"minecraft:spruce_trapdoor":26,"minecraft:lectern":1,"minecraft:iron_chestplate":1,"minecraft:diamond_pickaxe":1,"minecraft:iron_ingot":45,"minecraft:stick":3804,"minecraft:iron_block":42,"minecraft:iron_shovel":3,"minecraft:iron_leggings":1,"minecraft:anvil":1,"minecraft:shears":1,"minecraft:diamond_chestplate":1},"minecraft:dropped":{"minecraft:stone_hoe":3,"minecraft:water_bucket":1,"minecraft:iron_ingot":3,"minecraft:bread":40,"minecraft:birch_planks":3,"minecraft:wheat_seeds":6,"minecraft:oak_pressure_plate":1,"minecraft:crafting_table":1,"minecraft:minecart":1,"minecraft:birch_slab":2,"minecraft:stick":2,"minecraft:spruce_leaves":20,"minecraft:lava_bucket":1,"minecraft:dirt":1,"minecraft:grass":2,"minecraft:cornflower":1,"minecraft:iron_axe":1,"minecraft:paper":1,"minecraft:iron_shovel":1,"minecraft:string":4,"minecraft:dandelion":6,"minecraft:stone_axe":1,"minecraft:composter":1,"minecraft:iron_boots":1,"minecraft:oak_planks":1,"minecraft:diamond_shovel":1,"minecraft:white_bed":1,"minecraft:carrot":32,"minecraft:chainmail_chestplate":8,"minecraft:potato":9,"minecraft:stone":3,"minecraft:hopper":9,"minecraft:spider_eye":1,"minecraft:spruce_log":2,"minecraft:stone_pickaxe":30,"minecraft:wooden_pickaxe":1}},"DataVersion":3465}