{"stats":{"minecraft:broken":{"minecraft:stone_shovel":1},"minecraft:custom":{"minecraft:interact_with_furnace":1,"minecraft:mob_kills":1,"minecraft:interact_with_crafting_table":11,"minecraft:bell_ring":1,"minecraft:time_since_death":23075,"minecraft:sleep_in_bed":1,"minecraft:time_since_rest":11166,"minecraft:sprint_one_cm":81057,"minecraft:damage_taken":80,"minecraft:walk_one_cm":57746,"minecraft:drop":7,"minecraft:damage_dealt":631,"minecraft:talked_to_villager":3,"minecraft:fly_one_cm":101274,"minecraft:open_chest":6,"minecraft:crouch_one_cm":14339,"minecraft:play_time":23075,"minecraft:sneak_time":3517,"minecraft:jump":457,"minecraft:total_world_time":23075,"minecraft:fall_one_cm":11288},"minecraft:mined":{"minecraft:oak_slab":12,"minecraft:white_bed":2,"minecraft:oak_sapling":1,"minecraft:mossy_cobblestone":2,"minecraft:oak_door":1,"minecraft:oak_fence":24,"minecraft:crafting_table":1,"minecraft:torch":2,"minecraft:grass_block":69,"minecraft:cobblestone":31,"minecraft:oak_planks":27,"minecraft:composter":2,"minecraft:hay_block":10,"minecraft:furnace":2,"minecraft:yellow_wool":6,"minecraft:yellow_bed":1,"minecraft:grass":6,"minecraft:oak_log":51,"minecraft:dirt_path":23,"minecraft:oak_stairs":10,"minecraft:dirt":160,"minecraft:white_wool":6,"minecraft:oak_leaves":2},"minecraft:picked_up":{"minecraft:crafting_table":1,"minecraft:yellow_wool":6,"minecraft:wooden_pickaxe":1,"minecraft:oak_stairs":8,"minecraft:potato":1,"minecraft:oak_log":49,"minecraft:brewing_stand":1,"minecraft:yellow_bed":1,"minecraft:paper":1,"minecraft:dirt":252,"minecraft:apple":2,"minecraft:wheat_seeds":5,"minecraft:cartography_table":1,"minecraft:bell":1,"minecraft:iron_ingot":4,"minecraft:grindstone":1,"minecraft:oak_planks":27,"minecraft:iron_boots":1,"minecraft:furnace":2,"minecraft:oak_slab":12,"minecraft:stick":10,"minecraft:oak_door":1,"minecraft:composter":4,"minecraft:oak_fence":23,"minecraft:torch":7,"minecraft:white_bed":6,"minecraft:carrot":1,"minecraft:mossy_cobblestone":2,"minecraft:diamond":1,"minecraft:hay_block":10,"minecraft:bread":18,"minecraft:oak_sapling":10,"minecraft:white_wool":6,"minecraft:cobblestone":31},"minecraft:used":{"minecraft:stone_shovel":256,"minecraft:stone_pickaxe":33,"minecraft:cartography_table":1,"minecraft:chest":2,"minecraft:wooden_pickaxe":3,"minecraft:composter":4,"minecraft:bell":1,"minecraft:stone_hoe":10,"minecraft:brewing_stand":1,"minecraft:dirt":46,"minecraft:crafting_table":3,"minecraft:white_bed":6,"minecraft:apple":1,"minecraft:iron_axe":75,"minecraft:bread":3,"minecraft:stone_axe":56,"minecraft:furnace":2,"minecraft:grindstone":1,"minecraft:yellow_bed":1},"minecraft:killed":{"minecraft:iron_golem":1},"minecraft:crafted":{"minecraft:oak_planks":24,"minecraft:stone_shovel":2,"minecraft:crafting_table":2,"minecraft:wooden_pickaxe":1,"minecraft:stone_axe":1,"minecraft:bread":30,"minecraft:iron_axe":1,"minecraft:stick":8,"minecraft:stone_pickaxe":1,"minecraft:chest":2,"minecraft:stone_hoe":1,"minecraft:wheat":90},"minecraft:dropped":{"minecraft:bread":40,"minecraft:stone_axe":1,"minecraft:iron_boots":1,"minecraft:potato":2,"minecraft:paper":1}},"DataVersion":3465}