{"stats":{"minecraft:crafted":{"minecraft:smooth_stone":6,"minecraft:oak_planks":420,"minecraft:oak_sign":3,"minecraft:stone":6,"minecraft:diamond_shovel":1,"minecraft:cooked_mutton":5,"minecraft:diamond_helmet":1,"minecraft:bow":1,"minecraft:diamond_leggings":1,"minecraft:iron_boots":1,"minecraft:chest":6,"minecraft:birch_button":1,"minecraft:stone_hoe":1,"minecraft:smoker":2,"minecraft:wooden_shovel":2,"minecraft:emerald":457,"minecraft:arrow":80,"minecraft:cooked_porkchop":5,"minecraft:diamond_axe":2,"minecraft:crafting_table":5,"minecraft:spruce_planks":6396,"minecraft:iron_helmet":1,"minecraft:wooden_pickaxe":2,"minecraft:baked_potato":279,"minecraft:spruce_door":3,"minecraft:copper_ingot":2,"minecraft:birch_planks":68,"minecraft:end_stone_brick_slab":288,"minecraft:iron_chestplate":1,"minecraft:paper":9,"minecraft:diamond_pickaxe":2,"minecraft:shield":4,"minecraft:stick":13525,"minecraft:iron_ingot":53,"minecraft:iron_pickaxe":4,"minecraft:iron_block":17,"minecraft:stone_sword":2,"minecraft:snow_block":87,"minecraft:gold_ingot":53,"minecraft:shears":4,"minecraft:spyglass":1,"minecraft:furnace":8,"minecraft:blast_furnace":1,"minecraft:piston":1,"minecraft:bone_meal":6,"minecraft:end_stone_bricks":144,"minecraft:iron_hoe":2,"minecraft:stone_pickaxe":2,"minecraft:diamond_boots":1,"minecraft:crimson_planks":24,"minecraft:crossbow":1,"minecraft:diamond_sword":1,"minecraft:iron_sword":2,"minecraft:bucket":6,"minecraft:stone_axe":3,"minecraft:glowstone":1,"minecraft:enchanted_book":6,"minecraft:air":0,"minecraft:bread":12,"minecraft:oak_boat":1,"minecraft:white_wool":2,"minecraft:iron_shovel":2,"minecraft:iron_leggings":2,"minecraft:anvil":2,"minecraft:armor_stand":1,"minecraft:torch":32,"minecraft:diamond_chestplate":1,"minecraft:firework_rocket":27},"minecraft:dropped":{"minecraft:porkchop":6,"minecraft:diamond_axe":2,"minecraft:baked_potato":12,"minecraft:chorus_fruit":7,"minecraft:glass_bottle":7,"minecraft:ender_pearl":14,"minecraft:diamond":3,"minecraft:cooked_porkchop":5,"minecraft:weeping_vines":2,"minecraft:leather":3,"minecraft:cracked_stone_bricks":3,"minecraft:rail":74,"minecraft:emerald":38,"minecraft:dirt":34,"minecraft:crimson_roots":4,"minecraft:gold_nugget":8,"minecraft:blue_bed":1,"minecraft:bone":3,"minecraft:gold_ingot":31,"minecraft:stone_axe":1,"minecraft:goat_horn":1,"minecraft:cobbled_deepslate":4,"minecraft:nether_brick":4,"minecraft:obsidian":7,"minecraft:beetroot":1,"minecraft:grindstone":1,"minecraft:rotten_flesh":12,"minecraft:diamond_shovel":1,"minecraft:white_bed":4,"minecraft:carrot":1360,"minecraft:poppy":2,"minecraft:tipped_arrow":1,"minecraft:gunpowder":6,"minecraft:beetroot_seeds":4,"minecraft:arrow":1,"minecraft:oak_leaves":57,"minecraft:cartography_table":1,"minecraft:lectern":2,"minecraft:firework_rocket":14,"minecraft:enchanted_book":1,"minecraft:water_bucket":1,"minecraft:iron_ingot":14,"minecraft:bread":8,"minecraft:oak_slab":9,"minecraft:wheat_seeds":55,"minecraft:golden_helmet":1,"minecraft:mossy_cobblestone":5,"minecraft:poisonous_potato":2,"minecraft:iron_helmet":1,"minecraft:oak_fence":2,"minecraft:feather":1,"minecraft:cobblestone":1,"minecraft:apple":5,"minecraft:granite":7,"minecraft:coal":12,"minecraft:stick":2,"minecraft:lava_bucket":1,"minecraft:brewing_stand":1,"minecraft:iron_door":1,"minecraft:diamond_helmet":1,"minecraft:potion":2,"minecraft:iron_leggings":1,"minecraft:iron_axe":1,"minecraft:iron_shovel":3,"minecraft:paper":1,"minecraft:string":1,"minecraft:bucket":1,"minecraft:spruce_sapling":2,"minecraft:redstone":51,"minecraft:dandelion":1,"minecraft:stone_sword":1,"minecraft:blaze_rod":5,"minecraft:bowl":1,"minecraft:composter":2,"minecraft:chicken":2,"minecraft:wither_skeleton_skull":2,"minecraft:iron_boots":2,"minecraft:shears":1,"minecraft:diamond_sword":2,"minecraft:potato":417,"minecraft:shield":2,"minecraft:andesite":10,"minecraft:mossy_stone_bricks":1,"minecraft:wooden_shovel":4,"minecraft:spider_eye":7,"minecraft:stone_bricks":6,"minecraft:wooden_pickaxe":1,"minecraft:magma_cream":5},"minecraft:killed_by":{"minecraft:ghast":1,"minecraft:wither_skeleton":4,"minecraft:creeper":2,"minecraft:pillager":1,"minecraft:ravager":10,"minecraft:vindicator":21,"minecraft:cave_spider":3,"minecraft:blaze":1,"minecraft:zombie":7,"minecraft:vex":1,"minecraft:iron_golem":10,"minecraft:hoglin":2,"minecraft:skeleton":1},"minecraft:picked_up":{"minecraft:shulker_shell":8,"minecraft:iron_chestplate":4,"minecraft:wheat":42,"minecraft:chainmail_boots":2,"minecraft:nether_brick_fence":7,"minecraft:anvil":1,"minecraft:diamond_sword":7,"minecraft:oak_stairs":63,"minecraft:potion":15,"minecraft:enchanted_book":3,"minecraft:birch_button":4,"minecraft:nether_brick":14,"minecraft:brewing_stand":1,"minecraft:amethyst_block":3,"minecraft:string":49,"minecraft:raw_copper":10,"minecraft:smooth_stone_slab":1,"minecraft:iron_leggings":6,"minecraft:oak_sign":1,"minecraft:beetroot":2,"minecraft:diamond_leggings":15,"minecraft:gold_nugget":455,"minecraft:cobbled_deepslate":212,"minecraft:bucket":5,"minecraft:spruce_planks":44,"minecraft:rose_bush":21,"minecraft:calcite":2,"minecraft:ender_eye":2,"minecraft:wooden_shovel":3,"minecraft:iron_pickaxe":7,"minecraft:iron_boots":6,"minecraft:furnace":7,"minecraft:tipped_arrow":3,"minecraft:golden_helmet":2,"minecraft:stick":348,"minecraft:purpur_pillar":9,"minecraft:composter":2,"minecraft:oak_fence":7,"minecraft:torch":35,"minecraft:porkchop":47,"minecraft:pointed_dripstone":2,"minecraft:golden_chestplate":1,"minecraft:goat_horn":1,"minecraft:stone_sword":5,"minecraft:rotten_flesh":88,"minecraft:iron_block":51,"minecraft:carved_pumpkin":38,"minecraft:end_rod":6,"minecraft:blaze_rod":17,"minecraft:obsidian":17,"minecraft:snowball":545,"minecraft:cobblestone":370,"minecraft:birch_log":32,"minecraft:feather":2,"minecraft:magma_cream":5,"minecraft:iron_door":1,"minecraft:water_bucket":7,"minecraft:andesite":24,"minecraft:smoker":2,"minecraft:potato":2133,"minecraft:wither_skeleton_skull":3,"minecraft:lapis_lazuli":20,"minecraft:dirt":1079,"minecraft:lantern":9,"minecraft:name_tag":2,"minecraft:bone":90,"minecraft:bow":4,"minecraft:stonecutter":1,"minecraft:wheat_seeds":313,"minecraft:raw_gold":24,"minecraft:grindstone":1,"minecraft:mossy_stone_bricks":7,"minecraft:diamond_helmet":12,"minecraft:glowstone_dust":28,"minecraft:powered_rail":2,"minecraft:stone_hoe":6,"minecraft:oak_planks":120,"minecraft:cooked_porkchop":10,"minecraft:poisonous_potato":11,"minecraft:sand":36,"minecraft:stripped_spruce_log":1,"minecraft:grass_block":1,"minecraft:spectral_arrow":13,"minecraft:mossy_cobblestone":15,"minecraft:diamond":20,"minecraft:crossbow":18,"minecraft:granite":13,"minecraft:bone_meal":221,"minecraft:golden_apple":1,"minecraft:chainmail_helmet":3,"minecraft:emerald":86,"minecraft:bread":36,"minecraft:oak_sapling":53,"minecraft:netherrack":104,"minecraft:chorus_fruit":105,"minecraft:oak_leaves":714,"minecraft:crimson_roots":8,"minecraft:diamond_pickaxe":3,"minecraft:end_stone_bricks":10,"minecraft:spruce_leaves":3,"minecraft:crafting_table":15,"minecraft:splash_potion":1,"minecraft:chicken":4,"minecraft:ladder":3,"minecraft:chest_minecart":2,"minecraft:leather_leggings":1,"minecraft:purpur_block":9,"minecraft:shield":4,"minecraft:red_bed":7,"minecraft:iron_axe":4,"minecraft:flint_and_steel":4,"minecraft:iron_shovel":4,"minecraft:blackstone":8,"minecraft:cracked_stone_bricks":7,"minecraft:cartography_table":1,"minecraft:beef":5,"minecraft:oak_boat":3,"minecraft:poppy":30,"minecraft:lectern":186,"minecraft:sugar_cane":36,"minecraft:chest":1,"minecraft:birch_sapling":1,"minecraft:piston":5,"minecraft:egg":17,"minecraft:raw_iron":122,"minecraft:end_stone":145,"minecraft:oak_door":1,"minecraft:carrot":3010,"minecraft:redstone":283,"minecraft:iron_horse_armor":1,"minecraft:arrow":350,"minecraft:weeping_vines":3,"minecraft:diamond_chestplate":11,"minecraft:beetroot_seeds":10,"minecraft:nether_bricks":12,"minecraft:shears":4,"minecraft:diamond_boots":17,"minecraft:purpur_slab":1,"minecraft:saddle":13,"minecraft:gold_ingot":3,"minecraft:totem_of_undying":3,"minecraft:mutton":5,"minecraft:bone_block":22,"minecraft:rail":375,"minecraft:white_wool":4,"minecraft:birch_leaves":18,"minecraft:basalt":6,"minecraft:magenta_banner":1,"minecraft:crimson_stem":6,"minecraft:leather":21,"minecraft:birch_planks":5,"minecraft:oak_log":142,"minecraft:chainmail_chestplate":2,"minecraft:golden_boots":1,"minecraft:yellow_bed":4,"minecraft:nether_wart_block":1,"minecraft:gunpowder":48,"minecraft:blue_bed":2,"minecraft:paper":1,"minecraft:white_banner":31,"minecraft:cooked_mutton":6,"minecraft:apple":8,"minecraft:stone_bricks":19,"minecraft:iron_ingot":319,"minecraft:glass_bottle":60,"minecraft:iron_sword":14,"minecraft:soul_sand":33,"minecraft:book":9,"minecraft:oak_slab":9,"minecraft:smooth_basalt":2,"minecraft:warped_fungus":1,"minecraft:pumpkin":27,"minecraft:quartz":5,"minecraft:dandelion":5,"minecraft:dripstone_block":1,"minecraft:gravel":42,"minecraft:amethyst_shard":4,"minecraft:spruce_sapling":174,"minecraft:white_bed":11,"minecraft:spruce_log":2276,"minecraft:crying_obsidian":1,"minecraft:spider_eye":11,"minecraft:dragon_egg":1,"minecraft:diamond_shovel":3,"minecraft:pumpkin_seeds":55,"minecraft:stone_axe":2,"minecraft:chainmail_leggings":2,"minecraft:iron_helmet":4,"minecraft:diamond_axe":23,"minecraft:baked_potato":219,"minecraft:end_stone_brick_slab":15,"minecraft:coal":331,"minecraft:ender_pearl":49},"minecraft:used":{"minecraft:iron_shovel":332,"minecraft:ladder":3,"minecraft:poppy":25,"minecraft:oak_sign":3,"minecraft:chest":7,"minecraft:shield":56,"minecraft:iron_sword":185,"minecraft:rotten_flesh":1,"minecraft:iron_chestplate":3,"minecraft:soul_sand":3,"minecraft:nether_bricks":10,"minecraft:carrot":918,"minecraft:snowball":131,"minecraft:weeping_vines":1,"minecraft:obsidian":10,"minecraft:milk_bucket":1,"minecraft:lava_bucket":3,"minecraft:grass_block":1,"minecraft:lantern":2,"minecraft:birch_sapling":1,"minecraft:iron_helmet":3,"minecraft:crimson_roots":3,"minecraft:stone_bricks":13,"minecraft:birch_button":4,"minecraft:bow":197,"minecraft:warped_fungus":2,"minecraft:oak_sapling":7,"minecraft:furnace":6,"minecraft:egg":15,"minecraft:potato":670,"minecraft:golden_boots":1,"minecraft:end_stone_bricks":10,"minecraft:birch_leaves":14,"minecraft:diamond_boots":10,"minecraft:mossy_stone_bricks":6,"minecraft:oak_planks":45,"minecraft:spruce_door":1,"minecraft:wither_skeleton_skull":1,"minecraft:stone_pickaxe":59,"minecraft:powered_rail":2,"minecraft:chorus_fruit":68,"minecraft:ender_pearl":26,"minecraft:purpur_pillar":4,"minecraft:wooden_pickaxe":19,"minecraft:sugar_cane":17,"minecraft:diamond_axe":2748,"minecraft:chainmail_helmet":1,"minecraft:end_stone_brick_slab":303,"minecraft:blue_bed":1,"minecraft:oak_leaves":460,"minecraft:white_wool":2,"minecraft:sand":10,"minecraft:crossbow":5,"minecraft:dripstone_block":1,"minecraft:end_stone":1,"minecraft:shears":534,"minecraft:crying_obsidian":1,"minecraft:bread":28,"minecraft:lectern":181,"minecraft:gravel":6,"minecraft:diamond_sword":538,"minecraft:nether_wart_block":1,"minecraft:purpur_block":4,"minecraft:andesite":12,"minecraft:chest_minecart":1,"minecraft:air":3,"minecraft:oak_boat":3,"minecraft:bone_meal":227,"minecraft:stone_sword":21,"minecraft:flint_and_steel":1,"minecraft:carved_pumpkin":37,"minecraft:armor_stand":1,"minecraft:spruce_planks":50,"minecraft:stone_hoe":19,"minecraft:wooden_shovel":2,"minecraft:netherrack":53,"minecraft:spyglass":86,"minecraft:anvil":3,"minecraft:torch":31,"minecraft:dragon_egg":1,"minecraft:dirt":507,"minecraft:diamond_helmet":7,"minecraft:granite":4,"minecraft:iron_hoe":679,"minecraft:iron_axe":253,"minecraft:iron_block":34,"minecraft:iron_boots":3,"minecraft:diamond_chestplate":9,"minecraft:basalt":6,"minecraft:goat_horn":5,"minecraft:beetroot_soup":1,"minecraft:cobbled_deepslate":170,"minecraft:pumpkin":27,"minecraft:iron_leggings":4,"minecraft:pointed_dripstone":2,"minecraft:calcite":2,"minecraft:wheat_seeds":12,"minecraft:cooked_mutton":4,"minecraft:water_bucket":128,"minecraft:snow_block":87,"minecraft:glass_bottle":24,"minecraft:baked_potato":223,"minecraft:stonecutter":1,"minecraft:cracked_stone_bricks":4,"minecraft:rail":1,"minecraft:crafting_table":16,"minecraft:red_bed":7,"minecraft:spider_eye":1,"minecraft:white_bed":6,"minecraft:spruce_log":56,"minecraft:smoker":4,"minecraft:oak_log":4,"minecraft:piston":5,"minecraft:diamond_pickaxe":811,"minecraft:apple":1,"minecraft:diamond_shovel":572,"minecraft:iron_pickaxe":485,"minecraft:spruce_sapling":147,"minecraft:stone_axe":207,"minecraft:crimson_fungus":2,"minecraft:cobblestone":166,"minecraft:potion":27,"minecraft:porkchop":4,"minecraft:white_banner":3,"minecraft:bucket":134,"minecraft:yellow_bed":4,"minecraft:dandelion":2,"minecraft:diamond_leggings":10,"minecraft:splash_potion":1},"minecraft:killed":{"minecraft:witch":3,"minecraft:spider":9,"minecraft:shulker":24,"minecraft:skeleton":20,"minecraft:chicken":1,"minecraft:silverfish":2,"minecraft:magma_cube":21,"minecraft:piglin":2,"minecraft:pig":3,"minecraft:iron_golem":28,"minecraft:creeper":18,"minecraft:sheep":4,"minecraft:pillager":18,"minecraft:zombie":36,"minecraft:ghast":2,"minecraft:stray":5,"minecraft:cow":2,"minecraft:blaze":8,"minecraft:vex":5,"minecraft:vindicator":9,"minecraft:snow_golem":2,"minecraft:bat":1,"minecraft:ravager":2,"minecraft:hoglin":11,"minecraft:wither_skeleton":4,"minecraft:villager":1,"minecraft:enderman":22},"minecraft:broken":{"minecraft:shears":2,"minecraft:iron_hoe":3,"minecraft:shield":1,"minecraft:iron_pickaxe":2},"minecraft:mined":{"minecraft:large_amethyst_bud":1,"minecraft:spruce_planks":3,"minecraft:white_bed":11,"minecraft:brewing_stand":1,"minecraft:obsidian":17,"minecraft:carved_pumpkin":9,"minecraft:granite":10,"minecraft:grass_block":498,"minecraft:yellow_carpet":4,"minecraft:oak_pressure_plate":1,"minecraft:purpur_slab":1,"minecraft:composter":2,"minecraft:spawner":3,"minecraft:weeping_vines_plant":2,"minecraft:glowstone":5,"minecraft:iron_ore":33,"minecraft:fire":12,"minecraft:cobbled_deepslate":3,"minecraft:pumpkin":27,"minecraft:anvil":1,"minecraft:deepslate_lapis_ore":1,"minecraft:pointed_dripstone":2,"minecraft:dirt_path":21,"minecraft:oak_stairs":63,"minecraft:end_stone_bricks":9,"minecraft:iron_block":41,"minecraft:piston_head":1,"minecraft:magenta_wall_banner":2,"minecraft:deepslate_redstone_ore":18,"minecraft:red_bed":7,"minecraft:crimson_nylium":2,"minecraft:smoker":2,"minecraft:soul_fire":3,"minecraft:amethyst_cluster":1,"minecraft:torch":11,"minecraft:end_stone_brick_slab":9,"minecraft:calcite":2,"minecraft:poppy":4,"minecraft:chest":1,"minecraft:cobblestone":82,"minecraft:oak_planks":50,"minecraft:sugar_cane":19,"minecraft:grindstone":1,"minecraft:iron_door":1,"minecraft:wall_torch":2,"minecraft:amethyst_block":3,"minecraft:powered_rail":1,"minecraft:nether_wart_block":1,"minecraft:birch_log":20,"minecraft:wheat":45,"minecraft:black_bed":2,"minecraft:purpur_block":12,"minecraft:smooth_stone_slab":1,"minecraft:yellow_stained_glass_pane":1,"minecraft:grass":254,"minecraft:oak_log":133,"minecraft:beetroots":1,"minecraft:birch_button":3,"minecraft:sand":36,"minecraft:dirt":135,"minecraft:piston":2,"minecraft:smooth_basalt":2,"minecraft:wither_skeleton_skull":1,"minecraft:stonecutter":1,"minecraft:netherrack":62,"minecraft:deepslate":186,"minecraft:oak_leaves":1206,"minecraft:nether_gold_ore":51,"minecraft:mossy_cobblestone":5,"minecraft:deepslate_diamond_ore":6,"minecraft:oak_door":1,"minecraft:end_stone":143,"minecraft:nether_bricks":14,"minecraft:ladder":2,"minecraft:crimson_roots":9,"minecraft:weeping_vines":1,"minecraft:spruce_leaves":83,"minecraft:cartography_table":1,"minecraft:crimson_stem":6,"minecraft:oak_trapdoor":6,"minecraft:spruce_sapling":29,"minecraft:furnace":5,"minecraft:carrots":797,"minecraft:snow":296,"minecraft:andesite":18,"minecraft:stripped_spruce_log":1,"minecraft:nether_brick_fence":8,"minecraft:potatoes":616,"minecraft:deepslate_iron_ore":28,"minecraft:rail":74,"minecraft:lantern":1,"minecraft:chorus_plant":8,"minecraft:stone":244,"minecraft:bone_block":23,"minecraft:podzol":15,"minecraft:oak_slab":9,"minecraft:glass_pane":9,"minecraft:magenta_stained_glass":13,"minecraft:infested_stone_bricks":2,"minecraft:snow_block":22,"minecraft:basalt":7,"minecraft:dandelion":2,"minecraft:oak_fence":5,"minecraft:crafting_table":15,"minecraft:lectern":183,"minecraft:purpur_pillar":9,"minecraft:copper_ore":2,"minecraft:tall_grass":13,"minecraft:lapis_ore":1,"minecraft:deepslate_gold_ore":22,"minecraft:blue_bed":1,"minecraft:birch_planks":1,"minecraft:ice":11,"minecraft:white_carpet":4,"minecraft:spruce_log":2283,"minecraft:birch_leaves":31,"minecraft:yellow_bed":4,"minecraft:coal_ore":129,"minecraft:end_rod":6,"minecraft:cobweb":4,"minecraft:cracked_stone_bricks":7,"minecraft:stone_bricks":20,"minecraft:mossy_stone_bricks":7,"minecraft:fern":1},"minecraft:custom":{"minecraft:interact_with_crafting_table":98,"minecraft:bell_ring":3,"minecraft:leave_game":16,"minecraft:time_since_death":397271,"minecraft:sprint_one_cm":3800308,"minecraft:damage_blocked_by_shield":3130,"minecraft:drop":257,"minecraft:talked_to_villager":386,"minecraft:play_time":1034389,"minecraft:deaths":68,"minecraft:jump":22689,"minecraft:interact_with_brewingstand":3,"minecraft:walk_on_water_one_cm":89222,"minecraft:interact_with_furnace":41,"minecraft:traded_with_villager":479,"minecraft:sleep_in_bed":56,"minecraft:open_enderchest":4,"minecraft:damage_dealt":73359,"minecraft:crouch_one_cm":176248,"minecraft:horse_one_cm":293,"minecraft:interact_with_smoker":42,"minecraft:interact_with_anvil":23,"minecraft:mob_kills":273,"minecraft:climb_one_cm":70440,"minecraft:walk_one_cm":2239456,"minecraft:raid_win":2,"minecraft:sneak_time":65157,"minecraft:walk_under_water_one_cm":84766,"minecraft:boat_one_cm":258191,"minecraft:total_world_time":1034389,"minecraft:interact_with_grindstone":4,"minecraft:interact_with_stonecutter":3,"minecraft:time_since_rest":137524,"minecraft:damage_taken":32300,"minecraft:swim_one_cm":43684,"minecraft:fly_one_cm":5683943,"minecraft:open_chest":283,"minecraft:fall_one_cm":690340}},"DataVersion":3465}