{"stats":{"minecraft:broken":{"minecraft:diamond_helmet":2,"minecraft:shears":2,"minecraft:iron_hoe":3,"minecraft:shield":1,"minecraft:iron_pickaxe":2,"minecraft:golden_chestplate":1,"minecraft:diamond_chestplate":1,"minecraft:flint_and_steel":1,"minecraft:golden_axe":1},"minecraft:custom":{"minecraft:interact_with_crafting_table":214,"minecraft:open_barrel":4,"minecraft:bell_ring":9,"minecraft:leave_game":28,"minecraft:time_since_death":361659,"minecraft:damage_blocked_by_shield":7490,"minecraft:play_time":2343062,"minecraft:deaths":81,"minecraft:jump":46493,"minecraft:enchant_item":5,"minecraft:interact_with_furnace":78,"minecraft:traded_with_villager":896,"minecraft:sleep_in_bed":103,"minecraft:damage_dealt":156453,"minecraft:interact_with_smoker":91,"minecraft:horse_one_cm":293,"minecraft:interact_with_smithing_table":2,"minecraft:interact_with_anvil":83,"minecraft:inspect_hopper":16,"minecraft:sneak_time":104066,"minecraft:interact_with_blast_furnace":2,"minecraft:total_world_time":2343062,"minecraft:interact_with_stonecutter":5,"minecraft:time_since_rest":21959,"minecraft:swim_one_cm":129594,"minecraft:fly_one_cm":12415509,"minecraft:open_chest":932,"minecraft:fall_one_cm":1425111,"minecraft:open_shulker_box":83,"minecraft:sprint_one_cm":7939155,"minecraft:drop":982,"minecraft:talked_to_villager":1101,"minecraft:interact_with_brewingstand":24,"minecraft:walk_on_water_one_cm":203248,"minecraft:open_enderchest":45,"minecraft:interact_with_beacon":5,"minecraft:crouch_one_cm":342615,"minecraft:mob_kills":5059,"minecraft:climb_one_cm":156564,"minecraft:walk_one_cm":5071085,"minecraft:raid_win":4,"minecraft:walk_under_water_one_cm":239939,"minecraft:boat_one_cm":323630,"minecraft:raid_trigger":5,"minecraft:interact_with_grindstone":15,"minecraft:damage_taken":63993,"minecraft:damage_absorbed":40,"minecraft:minecart_one_cm":2417,"minecraft:aviate_one_cm":10074354},"minecraft:mined":{"minecraft:dragon_wall_head":1,"minecraft:white_bed":65,"minecraft:carved_pumpkin":12,"minecraft:obsidian":36,"minecraft:granite":76,"minecraft:yellow_carpet":4,"minecraft:oak_pressure_plate":1,"minecraft:purpur_slab":1,"minecraft:nether_wart":20,"minecraft:spawner":3,"minecraft:weeping_vines_plant":2,"minecraft:magma_block":11,"minecraft:cobbled_deepslate":3,"minecraft:fire":91,"minecraft:barrel":2,"minecraft:pumpkin":27,"minecraft:fletching_table":1,"minecraft:deepslate_lapis_ore":10,"minecraft:enchanting_table":1,"minecraft:dirt_path":25,"minecraft:oak_stairs":64,"minecraft:iron_block":55,"minecraft:white_banner":2,"minecraft:tripwire":1,"minecraft:piston_head":1,"minecraft:brown_mushroom":10,"minecraft:red_bed":9,"minecraft:smoker":4,"minecraft:crimson_nylium":20,"minecraft:soul_fire":150,"minecraft:amethyst_cluster":1,"minecraft:torch":23,"minecraft:blast_furnace":2,"minecraft:glass":4,"minecraft:sugar_cane":984,"minecraft:amethyst_block":3,"minecraft:wheat":45,"minecraft:black_bed":2,"minecraft:grass":480,"minecraft:birch_button":3,"minecraft:smooth_basalt":2,"minecraft:stonecutter":1,"minecraft:piston":2,"minecraft:deepslate":285,"minecraft:mossy_cobblestone":5,"minecraft:end_stone":149,"minecraft:nether_bricks":356,"minecraft:crimson_roots":11,"minecraft:orange_shulker_box":5,"minecraft:cartography_table":1,"minecraft:snow":356,"minecraft:andesite":53,"minecraft:potatoes":1160,"minecraft:rail":121,"minecraft:bone_block":33,"minecraft:white_wool":3,"minecraft:ender_chest":4,"minecraft:oak_slab":9,"minecraft:glass_pane":10,"minecraft:soul_sand":72,"minecraft:dandelion":4,"minecraft:spruce_button":1,"minecraft:tall_grass":25,"minecraft:purpur_pillar":9,"minecraft:copper_ore":14,"minecraft:deepslate_gold_ore":46,"minecraft:diorite":32,"minecraft:white_carpet":4,"minecraft:spruce_log":3624,"minecraft:birch_leaves":31,"minecraft:gravel":177,"minecraft:dripstone_block":3,"minecraft:cobweb":4,"minecraft:stone_bricks":20,"minecraft:fern":1,"minecraft:large_amethyst_bud":1,"minecraft:spruce_planks":7,"minecraft:brewing_stand":2,"minecraft:spruce_trapdoor":1,"minecraft:grass_block":662,"minecraft:soul_soil":78,"minecraft:composter":5,"minecraft:smooth_stone":1,"minecraft:raw_iron_block":4,"minecraft:glowstone":7,"minecraft:iron_ore":37,"minecraft:anvil":2,"minecraft:pointed_dripstone":2,"minecraft:end_stone_bricks":11,"minecraft:spruce_slab":52,"minecraft:deepslate_redstone_ore":18,"minecraft:blackstone":8,"minecraft:magenta_wall_banner":2,"minecraft:purpur_stairs":3,"minecraft:end_stone_brick_slab":9,"minecraft:calcite":2,"minecraft:poppy":6,"minecraft:beacon":1,"minecraft:chest":27,"minecraft:mushroom_stem":11,"minecraft:nether_quartz_ore":8,"minecraft:cobblestone":95,"minecraft:grindstone":1,"minecraft:oak_planks":55,"minecraft:iron_door":1,"minecraft:wall_torch":5,"minecraft:powered_rail":1,"minecraft:nether_wart_block":4,"minecraft:birch_log":20,"minecraft:purpur_block":22,"minecraft:smooth_stone_slab":1,"minecraft:yellow_stained_glass_pane":1,"minecraft:oak_log":153,"minecraft:beetroots":1,"minecraft:sand":76,"minecraft:dirt":512,"minecraft:wither_skeleton_skull":1,"minecraft:netherrack":1719,"minecraft:oak_leaves":1208,"minecraft:nether_gold_ore":155,"minecraft:tuff":6,"minecraft:deepslate_diamond_ore":25,"minecraft:oak_door":1,"minecraft:ladder":3,"minecraft:chiseled_bookshelf":2,"minecraft:weeping_vines":1,"minecraft:brown_mushroom_block":90,"minecraft:spruce_leaves":111,"minecraft:crimson_stem":6,"minecraft:oak_trapdoor":6,"minecraft:spruce_sapling":34,"minecraft:furnace":6,"minecraft:carrots":1009,"minecraft:stripped_spruce_log":1,"minecraft:nether_brick_fence":8,"minecraft:bookshelf":1,"minecraft:deepslate_iron_ore":51,"minecraft:lantern":2,"minecraft:chorus_plant":8,"minecraft:stone":1686,"minecraft:podzol":42,"minecraft:magenta_stained_glass":20,"minecraft:infested_stone_bricks":2,"minecraft:snow_block":22,"minecraft:basalt":11,"minecraft:spruce_door":2,"minecraft:oak_fence":5,"minecraft:crafting_table":19,"minecraft:lectern":380,"minecraft:lapis_ore":4,"minecraft:blue_bed":7,"minecraft:birch_planks":1,"minecraft:ice":11,"minecraft:bee_nest":1,"minecraft:yellow_bed":5,"minecraft:coal_ore":139,"minecraft:end_rod":8,"minecraft:cracked_stone_bricks":7,"minecraft:mossy_stone_bricks":7},"minecraft:picked_up":{"minecraft:iron_chestplate":5,"minecraft:chainmail_boots":3,"minecraft:anvil":2,"minecraft:diamond_sword":16,"minecraft:oak_stairs":68,"minecraft:enchanted_book":48,"minecraft:birch_button":4,"minecraft:brewing_stand":2,"minecraft:golden_sword":2,"minecraft:amethyst_block":3,"minecraft:string":906,"minecraft:soul_soil":113,"minecraft:beetroot":2,"minecraft:diamond_leggings":30,"minecraft:gold_nugget":1408,"minecraft:cobbled_deepslate":311,"minecraft:spruce_planks":51,"minecraft:golden_helmet":2,"minecraft:composter":5,"minecraft:purpur_pillar":9,"minecraft:golden_axe":3,"minecraft:golden_chestplate":2,"minecraft:stone_sword":9,"minecraft:iron_block":75,"minecraft:carved_pumpkin":41,"minecraft:end_rod":8,"minecraft:blaze_rod":47,"minecraft:snowball":601,"minecraft:birch_log":32,"minecraft:magma_block":11,"minecraft:feather":8,"minecraft:iron_door":1,"minecraft:water_bucket":9,"minecraft:smoker":4,"minecraft:flint":127,"minecraft:lantern":10,"minecraft:stonecutter":1,"minecraft:diamond_helmet":27,"minecraft:glowstone_dust":49,"minecraft:stripped_spruce_log":2,"minecraft:barrel":2,"minecraft:granite":96,"minecraft:chainmail_helmet":5,"minecraft:spruce_button":1,"minecraft:bread":36,"minecraft:diamond_pickaxe":8,"minecraft:crimson_roots":10,"minecraft:spruce_leaves":3,"minecraft:crafting_table":19,"minecraft:bee_nest":1,"minecraft:nether_wart":103,"minecraft:leather_leggings":2,"minecraft:dragon_head":1,"minecraft:purpur_block":18,"minecraft:red_bed":8,"minecraft:elytra":7,"minecraft:flint_and_steel":4,"minecraft:iron_shovel":5,"minecraft:cracked_stone_bricks":7,"minecraft:cartography_table":1,"minecraft:beef":5,"minecraft:poppy":39,"minecraft:spruce_slab":444,"minecraft:minecart":4,"minecraft:chest":27,"minecraft:birch_sapling":1,"minecraft:piston":5,"minecraft:diamond_hoe":1,"minecraft:copper_ore":4,"minecraft:egg":27,"minecraft:stone":1026,"minecraft:oak_door":1,"minecraft:carrot":4091,"minecraft:redstone":294,"minecraft:stone_shovel":36,"minecraft:diamond_chestplate":25,"minecraft:beetroot_seeds":10,"minecraft:shears":4,"minecraft:diamond_boots":35,"minecraft:purpur_slab":1,"minecraft:gold_ingot":3,"minecraft:totem_of_undying":20,"minecraft:mutton":10,"minecraft:white_wool":10,"minecraft:bone_block":32,"minecraft:rail":580,"minecraft:birch_leaves":18,"minecraft:purpur_stairs":3,"minecraft:oak_log":162,"minecraft:ancient_debris":1,"minecraft:golden_boots":7,"minecraft:blue_bed":7,"minecraft:paper":62,"minecraft:white_banner":70,"minecraft:apple":8,"minecraft:stone_bricks":19,"minecraft:stone_pickaxe":6,"minecraft:glass_bottle":81,"minecraft:iron_sword":14,"minecraft:smooth_basalt":2,"minecraft:gravel":155,"minecraft:spruce_sapling":261,"minecraft:spruce_log":3721,"minecraft:crying_obsidian":1,"minecraft:dragon_egg":1,"minecraft:leather_helmet":1,"minecraft:firework_rocket":100,"minecraft:diamond_shovel":4,"minecraft:coal_ore":3,"minecraft:stone_axe":9,"minecraft:diamond_axe":34,"minecraft:baked_potato":528,"minecraft:ender_pearl":1547,"minecraft:shulker_shell":14,"minecraft:wheat":42,"minecraft:nether_brick_fence":7,"minecraft:ender_chest":4,"minecraft:potion":21,"minecraft:nether_brick":14,"minecraft:raw_copper":30,"minecraft:smooth_stone_slab":1,"minecraft:iron_leggings":6,"minecraft:armor_stand":1,"minecraft:oak_sign":1,"minecraft:smooth_stone":1,"minecraft:bucket":8,"minecraft:rose_bush":21,"minecraft:ender_eye":2,"minecraft:calcite":2,"minecraft:wooden_shovel":3,"minecraft:iron_pickaxe":13,"minecraft:iron_boots":7,"minecraft:furnace":8,"minecraft:tipped_arrow":6,"minecraft:stick":418,"minecraft:orange_shulker_box":5,"minecraft:oak_fence":7,"minecraft:torch":52,"minecraft:porkchop":53,"minecraft:pointed_dripstone":3,"minecraft:diorite":30,"minecraft:goat_horn":1,"minecraft:rotten_flesh":269,"minecraft:music_disc_ward":1,"minecraft:obsidian":33,"minecraft:cobblestone":951,"minecraft:enchanting_table":1,"minecraft:leather_chestplate":2,"minecraft:magma_cream":5,"minecraft:andesite":60,"minecraft:golden_leggings":2,"minecraft:beacon":1,"minecraft:potato":4142,"minecraft:tuff":9,"minecraft:wither_skeleton_skull":4,"minecraft:lapis_lazuli":188,"minecraft:dirt":2491,"minecraft:name_tag":2,"minecraft:leather_boots":2,"minecraft:glass":7,"minecraft:bone":355,"minecraft:bow":17,"minecraft:wheat_seeds":337,"minecraft:raw_gold":78,"minecraft:grindstone":1,"minecraft:mossy_stone_bricks":7,"minecraft:fletching_table":1,"minecraft:powered_rail":2,"minecraft:oak_planks":125,"minecraft:stone_hoe":22,"minecraft:ghast_tear":8,"minecraft:cooked_porkchop":10,"minecraft:poisonous_potato":24,"minecraft:sand":75,"minecraft:grass_block":1,"minecraft:spectral_arrow":13,"minecraft:mossy_cobblestone":15,"minecraft:sugar":8,"minecraft:diamond":70,"minecraft:spruce_boat":51,"minecraft:crossbow":38,"minecraft:golden_apple":2,"minecraft:bone_meal":221,"minecraft:emerald":372,"minecraft:oak_sapling":54,"minecraft:netherrack":1333,"minecraft:chorus_fruit":105,"minecraft:oak_leaves":714,"minecraft:end_stone_bricks":12,"minecraft:splash_potion":3,"minecraft:chicken":6,"minecraft:ladder":4,"minecraft:chest_minecart":2,"minecraft:brown_mushroom":45,"minecraft:shield":10,"minecraft:iron_axe":9,"minecraft:blackstone":16,"minecraft:oak_boat":3,"minecraft:lectern":383,"minecraft:sugar_cane":1586,"minecraft:spruce_trapdoor":2,"minecraft:phantom_membrane":3,"minecraft:raw_iron":189,"minecraft:end_stone":151,"minecraft:cookie":18,"minecraft:iron_horse_armor":1,"minecraft:weeping_vines":3,"minecraft:arrow":639,"minecraft:pumpkin_pie":1,"minecraft:nether_bricks":680,"minecraft:saddle":15,"minecraft:basalt":10,"minecraft:crimson_stem":6,"minecraft:magenta_banner":1,"minecraft:leather":27,"minecraft:birch_planks":5,"minecraft:crimson_fungus":1,"minecraft:chainmail_chestplate":4,"minecraft:yellow_bed":4,"minecraft:nether_wart_block":5,"minecraft:gunpowder":395,"minecraft:cobblestone_stairs":1,"minecraft:cooked_mutton":6,"minecraft:iron_ingot":345,"minecraft:soul_sand":128,"minecraft:book":128,"minecraft:oak_slab":9,"minecraft:warped_fungus":2,"minecraft:pumpkin":27,"minecraft:quartz":19,"minecraft:dandelion":6,"minecraft:dripstone_block":4,"minecraft:raw_iron_block":4,"minecraft:lava_bucket":2,"minecraft:amethyst_shard":4,"minecraft:blast_furnace":2,"minecraft:white_bed":63,"minecraft:spruce_door":2,"minecraft:spider_eye":55,"minecraft:pumpkin_seeds":55,"minecraft:chainmail_leggings":4,"minecraft:iron_helmet":6,"minecraft:black_wool":1,"minecraft:end_stone_brick_slab":15,"minecraft:coal":454},"minecraft:killed_by":{"minecraft:pillager":1,"minecraft:ravager":11,"minecraft:vindicator":22,"minecraft:zombie":11,"minecraft:vex":3,"minecraft:ghast":1,"minecraft:wither_skeleton":4,"minecraft:creeper":3,"minecraft:cave_spider":3,"minecraft:blaze":1,"minecraft:iron_golem":10,"minecraft:hoglin":2,"minecraft:skeleton":2},"minecraft:used":{"minecraft:elytra":79,"minecraft:spruce_slab":61,"minecraft:ladder":4,"minecraft:poppy":26,"minecraft:chest":14,"minecraft:stone":121,"minecraft:rotten_flesh":1,"minecraft:soul_sand":30,"minecraft:snowball":190,"minecraft:weeping_vines":1,"minecraft:spruce_boat":54,"minecraft:lava_bucket":12,"minecraft:grass_block":1,"minecraft:birch_sapling":1,"minecraft:orange_shulker_box":7,"minecraft:bow":496,"minecraft:oak_sapling":8,"minecraft:furnace":9,"minecraft:egg":23,"minecraft:potato":1261,"minecraft:dragon_head":1,"minecraft:mossy_stone_bricks":6,"minecraft:end_stone_bricks":10,"minecraft:spruce_door":4,"minecraft:powered_rail":2,"minecraft:chorus_fruit":79,"minecraft:wooden_pickaxe":19,"minecraft:composter":4,"minecraft:purpur_pillar":4,"minecraft:oak_leaves":460,"minecraft:golden_apple":1,"minecraft:purpur_stairs":1,"minecraft:sand":10,"minecraft:blast_furnace":4,"minecraft:crying_obsidian":1,"minecraft:lectern":378,"minecraft:nether_wart_block":3,"minecraft:diamond_sword":2229,"minecraft:poisonous_potato":1,"minecraft:oak_boat":3,"minecraft:enchanting_table":1,"minecraft:stone_sword":21,"minecraft:carved_pumpkin":40,"minecraft:armor_stand":1,"minecraft:netherrack":611,"minecraft:torch":43,"minecraft:dragon_egg":1,"minecraft:anvil":4,"minecraft:iron_block":52,"minecraft:iron_axe":253,"minecraft:spruce_button":1,"minecraft:totem_of_undying":3,"minecraft:barrel":2,"minecraft:diamond_chestplate":84,"minecraft:basalt":8,"minecraft:glowstone":4,"minecraft:goat_horn":5,"minecraft:cobbled_deepslate":170,"minecraft:golden_axe":32,"minecraft:pointed_dripstone":2,"minecraft:calcite":2,"minecraft:wheat_seeds":12,"minecraft:water_bucket":229,"minecraft:chiseled_bookshelf":2,"minecraft:birch_planks":2,"minecraft:fletching_table":2,"minecraft:cracked_stone_bricks":4,"minecraft:rail":73,"minecraft:crafting_table":20,"minecraft:red_bed":8,"minecraft:white_bed":62,"minecraft:spruce_log":113,"minecraft:oak_log":14,"minecraft:diamond_pickaxe":4933,"minecraft:diamond_shovel":1393,"minecraft:iron_pickaxe":485,"minecraft:spruce_trapdoor":10,"minecraft:spruce_sapling":229,"minecraft:enchanted_book":18,"minecraft:cobblestone":190,"minecraft:potion":36,"minecraft:porkchop":5,"minecraft:dandelion":2,"minecraft:diamond_leggings":15,"minecraft:iron_shovel":395,"minecraft:oak_sign":3,"minecraft:diamond_hoe":16,"minecraft:shield":130,"minecraft:iron_sword":227,"minecraft:nether_wart":20,"minecraft:iron_chestplate":4,"minecraft:nether_bricks":80,"minecraft:carrot":1246,"minecraft:tuff":2,"minecraft:obsidian":10,"minecraft:milk_bucket":1,"minecraft:glass":4,"minecraft:coal_ore":3,"minecraft:lantern":2,"minecraft:iron_helmet":3,"minecraft:crimson_roots":3,"minecraft:stone_bricks":13,"minecraft:birch_button":4,"minecraft:warped_fungus":3,"minecraft:golden_boots":1,"minecraft:diamond_boots":12,"minecraft:wither_skeleton_skull":2,"minecraft:birch_leaves":14,"minecraft:stone_pickaxe":59,"minecraft:oak_planks":55,"minecraft:ender_pearl":67,"minecraft:sugar_cane":101,"minecraft:diamond_axe":4623,"minecraft:chainmail_helmet":1,"minecraft:end_stone_brick_slab":303,"minecraft:blue_bed":5,"minecraft:white_wool":5,"minecraft:crossbow":22,"minecraft:dripstone_block":1,"minecraft:end_stone":1,"minecraft:shears":536,"minecraft:firework_rocket":264,"minecraft:bread":28,"minecraft:string":10,"minecraft:gravel":53,"minecraft:andesite":24,"minecraft:chest_minecart":1,"minecraft:air":3,"minecraft:bone_meal":229,"minecraft:purpur_block":16,"minecraft:flint_and_steel":65,"minecraft:stone_shovel":77,"minecraft:spruce_planks":60,"minecraft:ender_chest":3,"minecraft:wooden_shovel":2,"minecraft:stone_hoe":19,"minecraft:spyglass":86,"minecraft:dirt":1129,"minecraft:diamond_helmet":10,"minecraft:bee_nest":1,"minecraft:raw_iron_block":2,"minecraft:golden_chestplate":1,"minecraft:granite":4,"minecraft:iron_hoe":684,"minecraft:bookshelf":1,"minecraft:oak_stairs":1,"minecraft:iron_boots":4,"minecraft:golden_carrot":7,"minecraft:soul_soil":40,"minecraft:minecart":3,"minecraft:pumpkin":27,"minecraft:beetroot_soup":1,"minecraft:iron_leggings":4,"minecraft:cooked_mutton":4,"minecraft:snow_block":87,"minecraft:glass_bottle":39,"minecraft:baked_potato":840,"minecraft:brown_mushroom":3,"minecraft:beacon":1,"minecraft:stonecutter":1,"minecraft:spider_eye":3,"minecraft:smoker":6,"minecraft:piston":5,"minecraft:black_wool":1,"minecraft:apple":13,"minecraft:stone_axe":207,"minecraft:magenta_banner":1,"minecraft:crimson_fungus":2,"minecraft:end_crystal":4,"minecraft:white_banner":8,"minecraft:bucket":247,"minecraft:yellow_bed":4,"minecraft:smooth_stone":1,"minecraft:splash_potion":4},"minecraft:killed":{"minecraft:shulker":36,"minecraft:skeleton":124,"minecraft:chicken":2,"minecraft:magma_cube":21,"minecraft:salmon":1,"minecraft:iron_golem":33,"minecraft:ender_dragon":1,"minecraft:pillager":116,"minecraft:zombie":123,"minecraft:cow":2,"minecraft:evoker":11,"minecraft:vindicator":96,"minecraft:snow_golem":2,"minecraft:ravager":3,"minecraft:enderman":4217,"minecraft:zombified_piglin":2,"minecraft:witch":32,"minecraft:spider":43,"minecraft:silverfish":2,"minecraft:piglin":14,"minecraft:pig":4,"minecraft:creeper":52,"minecraft:sheep":9,"minecraft:stray":5,"minecraft:ghast":16,"minecraft:blaze":17,"minecraft:vex":7,"minecraft:phantom":3,"minecraft:bat":2,"minecraft:hoglin":16,"minecraft:wither_skeleton":24,"minecraft:villager":1},"minecraft:crafted":{"minecraft:smooth_stone":6,"minecraft:oak_sign":3,"minecraft:blaze_powder":4,"minecraft:diamond_shovel":2,"minecraft:bookshelf":3,"minecraft:cooked_mutton":5,"minecraft:shulker_box":3,"minecraft:glass":35,"minecraft:diamond_helmet":1,"minecraft:diamond_leggings":1,"minecraft:glass_bottle":6,"minecraft:wooden_shovel":2,"minecraft:emerald":798,"minecraft:soul_campfire":9,"minecraft:cooked_porkchop":5,"minecraft:diamond_axe":2,"minecraft:spruce_door":6,"minecraft:copper_ingot":2,"minecraft:fletching_table":1,"minecraft:oak_wood":6,"minecraft:end_stone_brick_slab":288,"minecraft:lectern":2,"minecraft:iron_pickaxe":4,"minecraft:iron_block":21,"minecraft:gold_ingot":170,"minecraft:composter":2,"minecraft:golden_carrot":9,"minecraft:orange_shulker_box":2,"minecraft:spyglass":1,"minecraft:bone_meal":15,"minecraft:spruce_slab":1074,"minecraft:stone_pickaxe":2,"minecraft:diamond_boots":1,"minecraft:spruce_boat":4,"minecraft:crossbow":5,"minecraft:glowstone":4,"minecraft:enchanted_book":56,"minecraft:orange_dye":2,"minecraft:golden_apple":7,"minecraft:fermented_spider_eye":2,"minecraft:iron_shovel":2,"minecraft:iron_leggings":2,"minecraft:armor_stand":1,"minecraft:white_bed":30,"minecraft:oak_planks":512,"minecraft:stone":6,"minecraft:bow":5,"minecraft:iron_boots":1,"minecraft:chest":11,"minecraft:rail":32,"minecraft:birch_button":1,"minecraft:stone_hoe":1,"minecraft:ender_eye":2,"minecraft:smoker":2,"minecraft:arrow":224,"minecraft:crafting_table":7,"minecraft:spruce_planks":11432,"minecraft:iron_helmet":1,"minecraft:wooden_pickaxe":2,"minecraft:baked_potato":969,"minecraft:birch_planks":76,"minecraft:apple":40,"minecraft:spruce_trapdoor":10,"minecraft:emerald_block":21,"minecraft:iron_chestplate":1,"minecraft:book":15,"minecraft:paper":516,"minecraft:diamond_pickaxe":4,"minecraft:yellow_dye":1,"minecraft:shield":8,"minecraft:stick":22201,"minecraft:iron_ingot":65,"minecraft:stone_sword":4,"minecraft:snow_block":87,"minecraft:shears":6,"minecraft:tripwire_hook":2,"minecraft:spruce_button":1,"minecraft:furnace":10,"minecraft:blast_furnace":1,"minecraft:piston":1,"minecraft:end_stone_bricks":144,"minecraft:flint_and_steel":1,"minecraft:spruce_wood":21,"minecraft:iron_hoe":3,"minecraft:chiseled_bookshelf":2,"minecraft:minecart":2,"minecraft:sugar":1,"minecraft:red_dye":1,"minecraft:crimson_planks":24,"minecraft:diamond_sword":2,"minecraft:iron_sword":2,"minecraft:bucket":10,"minecraft:stone_axe":3,"minecraft:air":0,"minecraft:bread":12,"minecraft:oak_boat":1,"minecraft:white_wool":197,"minecraft:anvil":2,"minecraft:torch":64,"minecraft:end_crystal":4,"minecraft:diamond_chestplate":2,"minecraft:firework_rocket":345},"minecraft:dropped":{"minecraft:crimson_stem":7,"minecraft:iron_sword":2,"minecraft:porkchop":48,"minecraft:chorus_fruit":7,"minecraft:glass_bottle":15,"minecraft:diamond":3,"minecraft:crafting_table":1,"minecraft:cooked_porkchop":5,"minecraft:crossbow":8,"minecraft:weeping_vines":5,"minecraft:cracked_stone_bricks":3,"minecraft:elytra":1,"minecraft:rail":175,"minecraft:leather_helmet":1,"minecraft:emerald":195,"minecraft:dirt":58,"minecraft:gold_nugget":18,"minecraft:bone_meal":7,"minecraft:sugar":2,"minecraft:iron_pickaxe":6,"minecraft:white_wool":104,"minecraft:blue_bed":2,"minecraft:bone":7,"minecraft:oak_door":2,"minecraft:stone_axe":7,"minecraft:goat_horn":1,"minecraft:sugar_cane":199,"minecraft:ancient_debris":1,"minecraft:golden_chestplate":1,"minecraft:cobbled_deepslate":16,"minecraft:nether_brick":14,"minecraft:obsidian":7,"minecraft:rotten_flesh":151,"minecraft:grindstone":1,"minecraft:end_stone":6,"minecraft:glowstone_dust":18,"minecraft:white_bed":29,"minecraft:tipped_arrow":3,"minecraft:leather_boots":2,"minecraft:leather_leggings":2,"minecraft:spruce_slab":1429,"minecraft:end_stone_bricks":2,"minecraft:beef":1,"minecraft:enchanted_book":39,"minecraft:cartography_table":1,"minecraft:lectern":2,"minecraft:egg":1,"minecraft:crimson_planks":12,"minecraft:golden_boots":4,"minecraft:iron_ingot":16,"minecraft:wheat_seeds":80,"minecraft:dripstone_block":3,"minecraft:oak_fence":2,"minecraft:iron_helmet":3,"minecraft:feather":7,"minecraft:cobblestone":56,"minecraft:book":60,"minecraft:apple":5,"minecraft:granite":55,"minecraft:spruce_button":1,"minecraft:spruce_door":4,"minecraft:chainmail_helmet":3,"minecraft:coal":13,"minecraft:golden_apple":3,"minecraft:lava_bucket":1,"minecraft:rose_bush":21,"minecraft:diamond_helmet":6,"minecraft:potion":2,"minecraft:oak_stairs":145,"minecraft:white_banner":6,"minecraft:chainmail_leggings":2,"minecraft:iron_shovel":7,"minecraft:paper":1,"minecraft:string":52,"minecraft:spruce_sapling":8,"minecraft:soul_soil":61,"minecraft:stone_sword":2,"minecraft:cobblestone_wall":2,"minecraft:bowl":1,"minecraft:stone_shovel":36,"minecraft:chicken":4,"minecraft:iron_boots":5,"minecraft:white_terracotta":57,"minecraft:nether_bricks":587,"minecraft:oak_sign":2,"minecraft:shears":2,"minecraft:pumpkin_seeds":20,"minecraft:diamond_sword":4,"minecraft:potato":1501,"minecraft:spruce_boat":1,"minecraft:stone":20,"minecraft:spruce_trapdoor":2,"minecraft:spruce_planks":7,"minecraft:diamond_pickaxe":1,"minecraft:wooden_shovel":4,"minecraft:carved_pumpkin":1,"minecraft:spider_eye":9,"minecraft:stone_bricks":6,"minecraft:bow":5,"minecraft:soul_sand":98,"minecraft:diamond_axe":3,"minecraft:baked_potato":165,"minecraft:ender_pearl":1408,"minecraft:leather":4,"minecraft:flint":1,"minecraft:cobblestone_stairs":4,"minecraft:spruce_leaves":3,"minecraft:mutton":5,"minecraft:crimson_roots":21,"minecraft:snowball":16,"minecraft:pumpkin_pie":1,"minecraft:birch_log":8,"minecraft:gold_ingot":32,"minecraft:gravel":67,"minecraft:crimson_fungus":1,"minecraft:blackstone":16,"minecraft:pointed_dripstone":1,"minecraft:beetroot":1,"minecraft:diamond_shovel":2,"minecraft:cooked_mutton":1,"minecraft:carrot":2045,"minecraft:chainmail_chestplate":4,"minecraft:poppy":9,"minecraft:leather_chestplate":2,"minecraft:soul_campfire":9,"minecraft:gunpowder":42,"minecraft:beetroot_seeds":4,"minecraft:chest":21,"minecraft:chainmail_boots":2,"minecraft:basalt":2,"minecraft:arrow":25,"minecraft:quartz":29,"minecraft:oak_leaves":68,"minecraft:splash_potion":2,"minecraft:netherrack":342,"minecraft:firework_rocket":89,"minecraft:stone_hoe":17,"minecraft:water_bucket":1,"minecraft:bread":10,"minecraft:oak_slab":9,"minecraft:golden_helmet":2,"minecraft:mossy_cobblestone":8,"minecraft:minecart":1,"minecraft:diamond_leggings":5,"minecraft:poisonous_potato":17,"minecraft:golden_axe":2,"minecraft:spectral_arrow":10,"minecraft:stick":33,"minecraft:diorite":5,"minecraft:brewing_stand":1,"minecraft:torch":35,"minecraft:nether_wart_block":5,"minecraft:iron_door":1,"minecraft:iron_leggings":1,"minecraft:iron_axe":5,"minecraft:tripwire_hook":2,"minecraft:bucket":2,"minecraft:dandelion":1,"minecraft:redstone":54,"minecraft:nether_wart":82,"minecraft:blaze_rod":5,"minecraft:composter":3,"minecraft:raw_iron":25,"minecraft:wither_skeleton_skull":2,"minecraft:iron_hoe":1,"minecraft:totem_of_undying":4,"minecraft:shulker_box":1,"minecraft:shield":2,"minecraft:diamond_chestplate":1,"minecraft:iron_chestplate":2,"minecraft:andesite":33,"minecraft:mossy_stone_bricks":1,"minecraft:golden_leggings":2,"minecraft:oak_sapling":3,"minecraft:golden_sword":1,"minecraft:diamond_boots":5,"minecraft:stone_pickaxe":6,"minecraft:wooden_pickaxe":1,"minecraft:magma_cream":5}},"DataVersion":3465}