{"stats":{"minecraft:crafted":{"minecraft:smooth_stone":6,"minecraft:oak_planks":388,"minecraft:oak_sign":3,"minecraft:stone":6,"minecraft:diamond_shovel":1,"minecraft:cooked_mutton":5,"minecraft:diamond_helmet":1,"minecraft:diamond_leggings":1,"minecraft:iron_boots":1,"minecraft:chest":4,"minecraft:stone_hoe":1,"minecraft:smoker":2,"minecraft:wooden_shovel":2,"minecraft:emerald":421,"minecraft:cooked_porkchop":5,"minecraft:diamond_axe":2,"minecraft:crafting_table":3,"minecraft:spruce_planks":5928,"minecraft:iron_helmet":1,"minecraft:wooden_pickaxe":2,"minecraft:baked_potato":215,"minecraft:spruce_door":3,"minecraft:copper_ingot":2,"minecraft:birch_planks":68,"minecraft:iron_chestplate":1,"minecraft:diamond_pickaxe":2,"minecraft:shield":4,"minecraft:stick":12389,"minecraft:iron_ingot":53,"minecraft:iron_pickaxe":4,"minecraft:iron_block":17,"minecraft:stone_sword":2,"minecraft:shears":4,"minecraft:spyglass":1,"minecraft:furnace":7,"minecraft:blast_furnace":1,"minecraft:bone_meal":6,"minecraft:stone_pickaxe":2,"minecraft:diamond_boots":1,"minecraft:crossbow":1,"minecraft:diamond_sword":1,"minecraft:iron_sword":2,"minecraft:bucket":5,"minecraft:stone_axe":3,"minecraft:glowstone":1,"minecraft:enchanted_book":6,"minecraft:air":0,"minecraft:bread":12,"minecraft:oak_boat":1,"minecraft:anvil":2,"minecraft:iron_leggings":2,"minecraft:armor_stand":1,"minecraft:torch":32,"minecraft:diamond_chestplate":1},"minecraft:dropped":{"minecraft:diamond_axe":2,"minecraft:baked_potato":5,"minecraft:glass_bottle":7,"minecraft:diamond":1,"minecraft:cooked_porkchop":5,"minecraft:leather":2,"minecraft:rail":74,"minecraft:emerald":35,"minecraft:dirt":33,"minecraft:bone":3,"minecraft:stone_axe":1,"minecraft:goat_horn":1,"minecraft:beetroot":1,"minecraft:rotten_flesh":4,"minecraft:grindstone":1,"minecraft:diamond_shovel":1,"minecraft:white_bed":4,"minecraft:carrot":602,"minecraft:poppy":2,"minecraft:gunpowder":2,"minecraft:beetroot_seeds":4,"minecraft:arrow":1,"minecraft:oak_leaves":57,"minecraft:cartography_table":1,"minecraft:lectern":2,"minecraft:water_bucket":1,"minecraft:iron_ingot":14,"minecraft:bread":8,"minecraft:oak_slab":9,"minecraft:wheat_seeds":49,"minecraft:mossy_cobblestone":5,"minecraft:poisonous_potato":2,"minecraft:iron_helmet":1,"minecraft:oak_fence":2,"minecraft:feather":1,"minecraft:granite":1,"minecraft:coal":10,"minecraft:stick":2,"minecraft:lava_bucket":1,"minecraft:brewing_stand":1,"minecraft:diamond_helmet":1,"minecraft:potion":1,"minecraft:iron_axe":1,"minecraft:iron_shovel":3,"minecraft:paper":1,"minecraft:string":1,"minecraft:bucket":1,"minecraft:spruce_sapling":2,"minecraft:dandelion":1,"minecraft:redstone":51,"minecraft:blaze_rod":3,"minecraft:stone_sword":1,"minecraft:bowl":1,"minecraft:composter":2,"minecraft:chicken":2,"minecraft:wither_skeleton_skull":2,"minecraft:iron_boots":2,"minecraft:shears":1,"minecraft:diamond_sword":2,"minecraft:potato":214,"minecraft:shield":2,"minecraft:wooden_shovel":4,"minecraft:spider_eye":3,"minecraft:wooden_pickaxe":1},"minecraft:killed_by":{"minecraft:ghast":1,"minecraft:wither_skeleton":4,"minecraft:creeper":2,"minecraft:pillager":1,"minecraft:ravager":10,"minecraft:vindicator":21,"minecraft:cave_spider":3,"minecraft:blaze":1,"minecraft:zombie":7,"minecraft:vex":1,"minecraft:iron_golem":10,"minecraft:hoglin":2,"minecraft:skeleton":1},"minecraft:picked_up":{"minecraft:iron_chestplate":4,"minecraft:wheat":42,"minecraft:chainmail_boots":2,"minecraft:nether_brick_fence":7,"minecraft:anvil":1,"minecraft:diamond_sword":7,"minecraft:oak_stairs":63,"minecraft:potion":14,"minecraft:enchanted_book":1,"minecraft:brewing_stand":1,"minecraft:amethyst_block":3,"minecraft:string":14,"minecraft:raw_copper":10,"minecraft:smooth_stone_slab":1,"minecraft:iron_leggings":6,"minecraft:oak_sign":1,"minecraft:beetroot":2,"minecraft:diamond_leggings":15,"minecraft:cobbled_deepslate":32,"minecraft:bucket":5,"minecraft:spruce_planks":44,"minecraft:rose_bush":21,"minecraft:calcite":2,"minecraft:wooden_shovel":3,"minecraft:iron_pickaxe":7,"minecraft:furnace":7,"minecraft:iron_boots":6,"minecraft:tipped_arrow":2,"minecraft:golden_helmet":1,"minecraft:stick":336,"minecraft:composter":2,"minecraft:oak_fence":7,"minecraft:torch":34,"minecraft:porkchop":22,"minecraft:pointed_dripstone":2,"minecraft:golden_chestplate":1,"minecraft:goat_horn":1,"minecraft:stone_sword":5,"minecraft:rotten_flesh":76,"minecraft:iron_block":48,"minecraft:carved_pumpkin":8,"minecraft:blaze_rod":15,"minecraft:snowball":136,"minecraft:cobblestone":259,"minecraft:birch_log":32,"minecraft:feather":2,"minecraft:water_bucket":7,"minecraft:andesite":14,"minecraft:smoker":2,"minecraft:potato":1697,"minecraft:wither_skeleton_skull":3,"minecraft:lapis_lazuli":13,"minecraft:dirt":1038,"minecraft:lantern":9,"minecraft:name_tag":2,"minecraft:bone":53,"minecraft:stonecutter":1,"minecraft:bow":4,"minecraft:wheat_seeds":307,"minecraft:raw_gold":16,"minecraft:grindstone":1,"minecraft:glowstone_dust":28,"minecraft:diamond_helmet":12,"minecraft:powered_rail":2,"minecraft:stone_hoe":6,"minecraft:oak_planks":120,"minecraft:cooked_porkchop":10,"minecraft:poisonous_potato":8,"minecraft:sand":36,"minecraft:stripped_spruce_log":1,"minecraft:grass_block":1,"minecraft:mossy_cobblestone":15,"minecraft:diamond":6,"minecraft:crossbow":18,"minecraft:granite":7,"minecraft:emerald":85,"minecraft:golden_apple":1,"minecraft:chainmail_helmet":3,"minecraft:bread":36,"minecraft:oak_sapling":27,"minecraft:netherrack":55,"minecraft:oak_leaves":713,"minecraft:crimson_roots":1,"minecraft:diamond_pickaxe":3,"minecraft:crafting_table":8,"minecraft:chicken":4,"minecraft:ladder":3,"minecraft:chest_minecart":2,"minecraft:shield":4,"minecraft:red_bed":5,"minecraft:iron_axe":4,"minecraft:flint_and_steel":4,"minecraft:iron_shovel":4,"minecraft:cartography_table":1,"minecraft:beef":5,"minecraft:oak_boat":3,"minecraft:poppy":27,"minecraft:lectern":186,"minecraft:sugar_cane":36,"minecraft:chest":1,"minecraft:birch_sapling":1,"minecraft:egg":15,"minecraft:raw_iron":105,"minecraft:oak_door":1,"minecraft:carrot":2172,"minecraft:redstone":247,"minecraft:iron_horse_armor":1,"minecraft:arrow":273,"minecraft:diamond_chestplate":11,"minecraft:beetroot_seeds":10,"minecraft:nether_bricks":12,"minecraft:shears":4,"minecraft:diamond_boots":17,"minecraft:saddle":13,"minecraft:totem_of_undying":3,"minecraft:mutton":5,"minecraft:rail":375,"minecraft:white_wool":4,"minecraft:birch_leaves":18,"minecraft:leather":7,"minecraft:birch_planks":4,"minecraft:oak_log":138,"minecraft:chainmail_chestplate":2,"minecraft:golden_boots":1,"minecraft:nether_wart_block":1,"minecraft:gunpowder":28,"minecraft:blue_bed":1,"minecraft:paper":1,"minecraft:white_banner":31,"minecraft:cooked_mutton":6,"minecraft:apple":4,"minecraft:iron_ingot":243,"minecraft:glass_bottle":53,"minecraft:iron_sword":14,"minecraft:soul_sand":6,"minecraft:book":9,"minecraft:oak_slab":9,"minecraft:smooth_basalt":2,"minecraft:warped_fungus":1,"minecraft:pumpkin":27,"minecraft:dandelion":5,"minecraft:dripstone_block":1,"minecraft:gravel":1,"minecraft:amethyst_shard":4,"minecraft:spruce_sapling":163,"minecraft:white_bed":10,"minecraft:spruce_log":2007,"minecraft:spider_eye":6,"minecraft:diamond_shovel":3,"minecraft:pumpkin_seeds":51,"minecraft:stone_axe":2,"minecraft:chainmail_leggings":2,"minecraft:iron_helmet":4,"minecraft:diamond_axe":23,"minecraft:baked_potato":213,"minecraft:coal":238},"minecraft:used":{"minecraft:ladder":3,"minecraft:poppy":22,"minecraft:oak_sign":3,"minecraft:chest":5,"minecraft:shield":6,"minecraft:iron_sword":169,"minecraft:rotten_flesh":1,"minecraft:iron_chestplate":3,"minecraft:nether_bricks":10,"minecraft:carrot":655,"minecraft:snowball":70,"minecraft:milk_bucket":1,"minecraft:lava_bucket":3,"minecraft:grass_block":1,"minecraft:lantern":2,"minecraft:birch_sapling":1,"minecraft:iron_helmet":3,"minecraft:bow":53,"minecraft:warped_fungus":2,"minecraft:oak_sapling":7,"minecraft:furnace":5,"minecraft:egg":13,"minecraft:potato":543,"minecraft:golden_boots":1,"minecraft:diamond_boots":10,"minecraft:spruce_door":1,"minecraft:wither_skeleton_skull":1,"minecraft:birch_leaves":14,"minecraft:oak_planks":45,"minecraft:stone_pickaxe":59,"minecraft:powered_rail":2,"minecraft:wooden_pickaxe":19,"minecraft:chainmail_helmet":1,"minecraft:sugar_cane":9,"minecraft:diamond_axe":2430,"minecraft:blue_bed":1,"minecraft:oak_leaves":459,"minecraft:sand":10,"minecraft:crossbow":5,"minecraft:dripstone_block":1,"minecraft:shears":533,"minecraft:bread":21,"minecraft:lectern":181,"minecraft:diamond_sword":69,"minecraft:nether_wart_block":1,"minecraft:andesite":12,"minecraft:chest_minecart":1,"minecraft:air":3,"minecraft:oak_boat":3,"minecraft:bone_meal":6,"minecraft:stone_sword":21,"minecraft:flint_and_steel":1,"minecraft:carved_pumpkin":8,"minecraft:armor_stand":1,"minecraft:spruce_planks":50,"minecraft:stone_hoe":19,"minecraft:wooden_shovel":2,"minecraft:netherrack":19,"minecraft:torch":30,"minecraft:spyglass":86,"minecraft:dirt":436,"minecraft:anvil":3,"minecraft:diamond_helmet":7,"minecraft:granite":4,"minecraft:iron_hoe":179,"minecraft:iron_axe":253,"minecraft:iron_block":34,"minecraft:iron_boots":3,"minecraft:diamond_chestplate":9,"minecraft:goat_horn":5,"minecraft:cobbled_deepslate":14,"minecraft:beetroot_soup":1,"minecraft:pumpkin":26,"minecraft:iron_leggings":4,"minecraft:pointed_dripstone":2,"minecraft:calcite":2,"minecraft:wheat_seeds":12,"minecraft:cooked_mutton":4,"minecraft:water_bucket":73,"minecraft:glass_bottle":22,"minecraft:baked_potato":111,"minecraft:stonecutter":1,"minecraft:rail":1,"minecraft:crafting_table":9,"minecraft:red_bed":5,"minecraft:white_bed":5,"minecraft:spruce_log":46,"minecraft:smoker":4,"minecraft:oak_log":4,"minecraft:diamond_pickaxe":66,"minecraft:apple":1,"minecraft:diamond_shovel":572,"minecraft:iron_pickaxe":485,"minecraft:spruce_sapling":138,"minecraft:stone_axe":207,"minecraft:crimson_fungus":2,"minecraft:cobblestone":30,"minecraft:potion":26,"minecraft:white_banner":3,"minecraft:porkchop":4,"minecraft:bucket":79,"minecraft:dandelion":2,"minecraft:diamond_leggings":10},"minecraft:killed":{"minecraft:witch":3,"minecraft:spider":7,"minecraft:skeleton":6,"minecraft:chicken":1,"minecraft:pig":3,"minecraft:iron_golem":27,"minecraft:creeper":10,"minecraft:sheep":3,"minecraft:pillager":15,"minecraft:zombie":29,"minecraft:stray":4,"minecraft:ghast":1,"minecraft:cow":2,"minecraft:blaze":6,"minecraft:vex":5,"minecraft:vindicator":9,"minecraft:hoglin":4,"minecraft:ravager":2,"minecraft:wither_skeleton":2,"minecraft:villager":1},"minecraft:broken":{"minecraft:shears":2,"minecraft:iron_hoe":1,"minecraft:iron_pickaxe":2},"minecraft:mined":{"minecraft:large_amethyst_bud":1,"minecraft:white_bed":10,"minecraft:spruce_planks":3,"minecraft:brewing_stand":1,"minecraft:carved_pumpkin":8,"minecraft:granite":3,"minecraft:grass_block":492,"minecraft:yellow_carpet":4,"minecraft:oak_pressure_plate":1,"minecraft:composter":2,"minecraft:spawner":2,"minecraft:glowstone":5,"minecraft:iron_ore":25,"minecraft:cobbled_deepslate":1,"minecraft:fire":3,"minecraft:pumpkin":27,"minecraft:deepslate_lapis_ore":1,"minecraft:anvil":1,"minecraft:pointed_dripstone":2,"minecraft:dirt_path":21,"minecraft:oak_stairs":63,"minecraft:iron_block":38,"minecraft:deepslate_redstone_ore":12,"minecraft:red_bed":5,"minecraft:smoker":2,"minecraft:crimson_nylium":1,"minecraft:soul_fire":1,"minecraft:amethyst_cluster":1,"minecraft:torch":11,"minecraft:calcite":2,"minecraft:poppy":4,"minecraft:chest":1,"minecraft:cobblestone":69,"minecraft:grindstone":1,"minecraft:sugar_cane":19,"minecraft:oak_planks":50,"minecraft:wall_torch":2,"minecraft:amethyst_block":3,"minecraft:powered_rail":1,"minecraft:nether_wart_block":1,"minecraft:birch_log":20,"minecraft:wheat":45,"minecraft:black_bed":1,"minecraft:smooth_stone_slab":1,"minecraft:yellow_stained_glass_pane":1,"minecraft:grass":192,"minecraft:oak_log":129,"minecraft:beetroots":1,"minecraft:sand":36,"minecraft:dirt":124,"minecraft:smooth_basalt":2,"minecraft:wither_skeleton_skull":1,"minecraft:stonecutter":1,"minecraft:netherrack":11,"minecraft:deepslate":15,"minecraft:oak_leaves":714,"minecraft:mossy_cobblestone":5,"minecraft:deepslate_diamond_ore":2,"minecraft:oak_door":1,"minecraft:ladder":2,"minecraft:nether_bricks":14,"minecraft:crimson_roots":1,"minecraft:spruce_leaves":71,"minecraft:cartography_table":1,"minecraft:oak_trapdoor":6,"minecraft:spruce_sapling":25,"minecraft:furnace":5,"minecraft:carrots":566,"minecraft:andesite":10,"minecraft:stripped_spruce_log":1,"minecraft:nether_brick_fence":8,"minecraft:potatoes":494,"minecraft:deepslate_iron_ore":28,"minecraft:rail":74,"minecraft:lantern":1,"minecraft:stone":149,"minecraft:podzol":15,"minecraft:oak_slab":9,"minecraft:glass_pane":6,"minecraft:dandelion":2,"minecraft:oak_fence":5,"minecraft:crafting_table":8,"minecraft:lectern":183,"minecraft:copper_ore":2,"minecraft:tall_grass":7,"minecraft:deepslate_gold_ore":16,"minecraft:blue_bed":1,"minecraft:ice":11,"minecraft:white_carpet":4,"minecraft:spruce_log":2014,"minecraft:birch_leaves":19,"minecraft:coal_ore":87,"minecraft:cobweb":2,"minecraft:fern":1},"minecraft:custom":{"minecraft:interact_with_crafting_table":70,"minecraft:bell_ring":3,"minecraft:leave_game":13,"minecraft:time_since_death":34485,"minecraft:sprint_one_cm":2541878,"minecraft:damage_blocked_by_shield":510,"minecraft:drop":169,"minecraft:talked_to_villager":365,"minecraft:play_time":671603,"minecraft:deaths":68,"minecraft:jump":14901,"minecraft:interact_with_brewingstand":1,"minecraft:walk_on_water_one_cm":24940,"minecraft:interact_with_furnace":36,"minecraft:traded_with_villager":437,"minecraft:sleep_in_bed":47,"minecraft:damage_dealt":47582,"minecraft:crouch_one_cm":101335,"minecraft:interact_with_smoker":30,"minecraft:interact_with_anvil":11,"minecraft:mob_kills":147,"minecraft:climb_one_cm":55988,"minecraft:walk_one_cm":1535275,"minecraft:raid_win":2,"minecraft:sneak_time":41439,"minecraft:walk_under_water_one_cm":19983,"minecraft:boat_one_cm":258191,"minecraft:total_world_time":671603,"minecraft:interact_with_grindstone":2,"minecraft:interact_with_stonecutter":3,"minecraft:time_since_rest":6081,"minecraft:damage_taken":25405,"minecraft:swim_one_cm":19370,"minecraft:fly_one_cm":3291010,"minecraft:open_chest":210,"minecraft:fall_one_cm":451732}},"DataVersion":3465}