{"stats":{"minecraft:broken":{"minecraft:shears":2,"minecraft:iron_pickaxe":1},"minecraft:custom":{"minecraft:mob_kills":47,"minecraft:interact_with_crafting_table":41,"minecraft:leave_game":3,"minecraft:time_since_death":24952,"minecraft:climb_one_cm":9295,"minecraft:sprint_one_cm":984865,"minecraft:walk_one_cm":760800,"minecraft:damage_blocked_by_shield":120,"minecraft:drop":73,"minecraft:talked_to_villager":41,"minecraft:play_time":258502,"minecraft:sneak_time":21580,"minecraft:deaths":13,"minecraft:walk_under_water_one_cm":19484,"minecraft:boat_one_cm":258191,"minecraft:jump":5584,"minecraft:walk_on_water_one_cm":18618,"minecraft:total_world_time":258502,"minecraft:interact_with_furnace":36,"minecraft:traded_with_villager":81,"minecraft:interact_with_stonecutter":1,"minecraft:sleep_in_bed":22,"minecraft:time_since_rest":0,"minecraft:damage_taken":5058,"minecraft:damage_dealt":23710,"minecraft:swim_one_cm":18270,"minecraft:fly_one_cm":1134261,"minecraft:open_chest":21,"minecraft:crouch_one_cm":50935,"minecraft:interact_with_smoker":7,"minecraft:fall_one_cm":143062},"minecraft:mined":{"minecraft:large_amethyst_bud":1,"minecraft:white_bed":10,"minecraft:mossy_cobblestone":5,"minecraft:deepslate_diamond_ore":2,"minecraft:oak_door":1,"minecraft:brewing_stand":1,"minecraft:ladder":2,"minecraft:granite":2,"minecraft:grass_block":462,"minecraft:yellow_carpet":4,"minecraft:oak_pressure_plate":1,"minecraft:spruce_leaves":32,"minecraft:composter":2,"minecraft:cartography_table":1,"minecraft:spawner":2,"minecraft:oak_trapdoor":6,"minecraft:spruce_sapling":12,"minecraft:furnace":5,"minecraft:carrots":90,"minecraft:iron_ore":25,"minecraft:cobbled_deepslate":1,"minecraft:andesite":10,"minecraft:deepslate_lapis_ore":1,"minecraft:potatoes":73,"minecraft:pointed_dripstone":2,"minecraft:deepslate_iron_ore":28,"minecraft:dirt_path":19,"minecraft:rail":74,"minecraft:oak_stairs":63,"minecraft:lantern":1,"minecraft:stone":82,"minecraft:podzol":7,"minecraft:deepslate_redstone_ore":12,"minecraft:oak_slab":9,"minecraft:glass_pane":6,"minecraft:red_bed":5,"minecraft:amethyst_cluster":1,"minecraft:dandelion":1,"minecraft:oak_fence":5,"minecraft:crafting_table":8,"minecraft:torch":10,"minecraft:poppy":3,"minecraft:calcite":2,"minecraft:chest":1,"minecraft:lectern":1,"minecraft:tall_grass":4,"minecraft:copper_ore":2,"minecraft:cobblestone":63,"minecraft:blue_bed":1,"minecraft:deepslate_gold_ore":16,"minecraft:grindstone":1,"minecraft:oak_planks":39,"minecraft:wall_torch":1,"minecraft:amethyst_block":3,"minecraft:powered_rail":1,"minecraft:birch_log":6,"minecraft:wheat":43,"minecraft:ice":11,"minecraft:white_carpet":4,"minecraft:spruce_log":518,"minecraft:birch_leaves":19,"minecraft:yellow_stained_glass_pane":1,"minecraft:grass":109,"minecraft:oak_log":85,"minecraft:coal_ore":86,"minecraft:beetroots":1,"minecraft:sand":36,"minecraft:dirt":92,"minecraft:cobweb":2,"minecraft:smooth_basalt":2,"minecraft:stonecutter":1,"minecraft:oak_leaves":528,"minecraft:deepslate":15,"minecraft:fern":1},"minecraft:picked_up":{"minecraft:crafting_table":8,"minecraft:iron_chestplate":4,"minecraft:wheat":42,"minecraft:chicken":4,"minecraft:ladder":3,"minecraft:chest_minecart":2,"minecraft:oak_stairs":63,"minecraft:brewing_stand":1,"minecraft:amethyst_block":3,"minecraft:red_bed":5,"minecraft:string":10,"minecraft:raw_copper":10,"minecraft:flint_and_steel":1,"minecraft:iron_leggings":4,"minecraft:iron_shovel":1,"minecraft:oak_sign":1,"minecraft:beetroot":2,"minecraft:cartography_table":1,"minecraft:cobbled_deepslate":32,"minecraft:bucket":3,"minecraft:beef":5,"minecraft:rose_bush":21,"minecraft:oak_boat":3,"minecraft:wooden_shovel":3,"minecraft:calcite":2,"minecraft:poppy":19,"minecraft:iron_pickaxe":7,"minecraft:lectern":3,"minecraft:birch_sapling":1,"minecraft:sugar_cane":8,"minecraft:chest":1,"minecraft:furnace":7,"minecraft:iron_boots":6,"minecraft:egg":8,"minecraft:tipped_arrow":2,"minecraft:stick":96,"minecraft:raw_iron":105,"minecraft:oak_door":1,"minecraft:oak_fence":7,"minecraft:composter":2,"minecraft:torch":32,"minecraft:porkchop":7,"minecraft:pointed_dripstone":2,"minecraft:carrot":489,"minecraft:redstone":244,"minecraft:stone_sword":3,"minecraft:arrow":29,"minecraft:rotten_flesh":27,"minecraft:beetroot_seeds":10,"minecraft:shears":2,"minecraft:mutton":5,"minecraft:rail":375,"minecraft:white_wool":4,"minecraft:cobblestone":186,"minecraft:birch_log":18,"minecraft:birch_leaves":18,"minecraft:feather":2,"minecraft:water_bucket":4,"minecraft:andesite":14,"minecraft:leather":1,"minecraft:potato":288,"minecraft:birch_planks":4,"minecraft:oak_log":94,"minecraft:blue_bed":1,"minecraft:gunpowder":8,"minecraft:paper":1,"minecraft:lapis_lazuli":13,"minecraft:dirt":794,"minecraft:lantern":3,"minecraft:name_tag":2,"minecraft:cooked_mutton":6,"minecraft:bone":8,"minecraft:apple":3,"minecraft:stonecutter":1,"minecraft:wheat_seeds":286,"minecraft:raw_gold":16,"minecraft:grindstone":1,"minecraft:iron_ingot":176,"minecraft:powered_rail":2,"minecraft:stone_hoe":4,"minecraft:iron_sword":3,"minecraft:oak_planks":107,"minecraft:oak_slab":9,"minecraft:smooth_basalt":2,"minecraft:cooked_porkchop":10,"minecraft:dandelion":4,"minecraft:poisonous_potato":5,"minecraft:dripstone_block":1,"minecraft:gravel":1,"minecraft:sand":36,"minecraft:amethyst_shard":4,"minecraft:spruce_sapling":54,"minecraft:white_bed":10,"minecraft:spruce_log":516,"minecraft:spider_eye":6,"minecraft:mossy_cobblestone":15,"minecraft:diamond_shovel":3,"minecraft:pumpkin_seeds":3,"minecraft:diamond":6,"minecraft:stone_axe":2,"minecraft:iron_helmet":4,"minecraft:granite":6,"minecraft:diamond_axe":4,"minecraft:golden_apple":1,"minecraft:emerald":66,"minecraft:bread":36,"minecraft:oak_leaves":712,"minecraft:oak_sapling":11,"minecraft:coal":205},"minecraft:killed_by":{"minecraft:creeper":1,"minecraft:iron_golem":5,"minecraft:cave_spider":3,"minecraft:skeleton":1,"minecraft:zombie":2},"minecraft:used":{"minecraft:stone_sword":19,"minecraft:ladder":3,"minecraft:poppy":18,"minecraft:oak_sign":3,"minecraft:chest":3,"minecraft:shield":3,"minecraft:iron_sword":40,"minecraft:wooden_shovel":2,"minecraft:stone_hoe":18,"minecraft:rotten_flesh":1,"minecraft:iron_chestplate":2,"minecraft:torch":24,"minecraft:spyglass":86,"minecraft:dirt":247,"minecraft:carrot":168,"minecraft:granite":4,"minecraft:lava_bucket":3,"minecraft:birch_sapling":1,"minecraft:iron_helmet":2,"minecraft:iron_boots":3,"minecraft:oak_sapling":7,"minecraft:furnace":5,"minecraft:egg":8,"minecraft:potato":102,"minecraft:cobbled_deepslate":14,"minecraft:pointed_dripstone":2,"minecraft:beetroot_soup":1,"minecraft:iron_leggings":2,"minecraft:calcite":2,"minecraft:wheat_seeds":12,"minecraft:cooked_mutton":4,"minecraft:water_bucket":56,"minecraft:birch_leaves":14,"minecraft:stone_pickaxe":59,"minecraft:powered_rail":2,"minecraft:oak_planks":33,"minecraft:blue_bed":1,"minecraft:wooden_pickaxe":19,"minecraft:stonecutter":1,"minecraft:diamond_axe":751,"minecraft:oak_leaves":458,"minecraft:sand":10,"minecraft:rail":1,"minecraft:crafting_table":9,"minecraft:red_bed":5,"minecraft:shears":529,"minecraft:white_bed":5,"minecraft:dripstone_block":1,"minecraft:smoker":2,"minecraft:spruce_log":31,"minecraft:diamond_shovel":531,"minecraft:bread":21,"minecraft:iron_pickaxe":399,"minecraft:spruce_sapling":50,"minecraft:stone_axe":207,"minecraft:cobblestone":24,"minecraft:andesite":12,"minecraft:bucket":61,"minecraft:oak_boat":3,"minecraft:chest_minecart":1,"minecraft:dandelion":1},"minecraft:killed":{"minecraft:spider":5,"minecraft:chicken":1,"minecraft:pig":2,"minecraft:iron_golem":19,"minecraft:creeper":3,"minecraft:sheep":3,"minecraft:zombie":8,"minecraft:stray":2,"minecraft:cow":2},"minecraft:crafted":{"minecraft:smooth_stone":6,"minecraft:oak_planks":228,"minecraft:oak_sign":3,"minecraft:spyglass":1,"minecraft:furnace":7,"minecraft:blast_furnace":1,"minecraft:stone":6,"minecraft:diamond_shovel":1,"minecraft:cooked_mutton":5,"minecraft:iron_boots":1,"minecraft:stone_pickaxe":2,"minecraft:chest":2,"minecraft:stone_hoe":1,"minecraft:smoker":2,"minecraft:wooden_shovel":2,"minecraft:emerald":78,"minecraft:cooked_porkchop":5,"minecraft:baked_potato":64,"minecraft:diamond_axe":2,"minecraft:crafting_table":3,"minecraft:spruce_planks":1076,"minecraft:wooden_pickaxe":2,"minecraft:iron_helmet":1,"minecraft:iron_sword":1,"minecraft:copper_ingot":2,"minecraft:birch_planks":4,"minecraft:bucket":2,"minecraft:stone_axe":3,"minecraft:bread":12,"minecraft:air":0,"minecraft:oak_boat":1,"minecraft:iron_chestplate":1,"minecraft:shield":1,"minecraft:stick":2464,"minecraft:iron_ingot":35,"minecraft:iron_pickaxe":4,"minecraft:stone_sword":2,"minecraft:iron_leggings":2,"minecraft:torch":16,"minecraft:shears":3},"minecraft:dropped":{"minecraft:water_bucket":1,"minecraft:iron_ingot":10,"minecraft:bread":8,"minecraft:oak_slab":9,"minecraft:wheat_seeds":44,"minecraft:diamond_axe":1,"minecraft:diamond":1,"minecraft:cooked_porkchop":5,"minecraft:iron_helmet":1,"minecraft:feather":1,"minecraft:poisonous_potato":1,"minecraft:oak_fence":2,"minecraft:rail":74,"minecraft:emerald":12,"minecraft:stick":2,"minecraft:lava_bucket":1,"minecraft:dirt":32,"minecraft:brewing_stand":1,"minecraft:paper":1,"minecraft:string":1,"minecraft:spruce_sapling":1,"minecraft:dandelion":1,"minecraft:redstone":51,"minecraft:stone_axe":1,"minecraft:stone_sword":1,"minecraft:bowl":1,"minecraft:composter":2,"minecraft:beetroot":1,"minecraft:chicken":2,"minecraft:grindstone":1,"minecraft:iron_boots":2,"minecraft:diamond_shovel":1,"minecraft:shears":1,"minecraft:white_bed":4,"minecraft:carrot":91,"minecraft:potato":46,"minecraft:beetroot_seeds":4,"minecraft:wooden_shovel":3,"minecraft:spider_eye":3,"minecraft:wooden_pickaxe":1,"minecraft:oak_leaves":57,"minecraft:cartography_table":1}},"DataVersion":3465}