{"stats":{"minecraft:dropped":{"minecraft:diamond_axe":1,"minecraft:baked_potato":1,"minecraft:diamond":1,"minecraft:cooked_porkchop":5,"minecraft:rail":74,"minecraft:emerald":20,"minecraft:dirt":33,"minecraft:bone":2,"minecraft:stone_axe":1,"minecraft:beetroot":1,"minecraft:rotten_flesh":2,"minecraft:grindstone":1,"minecraft:diamond_shovel":1,"minecraft:white_bed":4,"minecraft:carrot":147,"minecraft:poppy":2,"minecraft:beetroot_seeds":4,"minecraft:oak_leaves":57,"minecraft:cartography_table":1,"minecraft:water_bucket":1,"minecraft:iron_ingot":10,"minecraft:bread":8,"minecraft:oak_slab":9,"minecraft:wheat_seeds":46,"minecraft:mossy_cobblestone":5,"minecraft:poisonous_potato":1,"minecraft:oak_fence":2,"minecraft:feather":1,"minecraft:iron_helmet":1,"minecraft:granite":1,"minecraft:coal":10,"minecraft:stick":2,"minecraft:lava_bucket":1,"minecraft:brewing_stand":1,"minecraft:iron_shovel":3,"minecraft:paper":1,"minecraft:string":1,"minecraft:spruce_sapling":1,"minecraft:dandelion":1,"minecraft:redstone":51,"minecraft:blaze_rod":3,"minecraft:stone_sword":1,"minecraft:bowl":1,"minecraft:composter":2,"minecraft:chicken":2,"minecraft:iron_boots":2,"minecraft:shears":1,"minecraft:potato":64,"minecraft:wooden_shovel":4,"minecraft:spider_eye":3,"minecraft:wooden_pickaxe":1},"minecraft:broken":{"minecraft:shears":2,"minecraft:iron_pickaxe":1},"minecraft:used":{"minecraft:poppy":19,"minecraft:ladder":3,"minecraft:oak_sign":3,"minecraft:chest":3,"minecraft:shield":3,"minecraft:iron_sword":76,"minecraft:rotten_flesh":1,"minecraft:iron_chestplate":2,"minecraft:carrot":274,"minecraft:lava_bucket":3,"minecraft:lantern":1,"minecraft:birch_sapling":1,"minecraft:iron_helmet":2,"minecraft:warped_fungus":2,"minecraft:furnace":5,"minecraft:oak_sapling":7,"minecraft:egg":9,"minecraft:potato":195,"minecraft:spruce_door":1,"minecraft:birch_leaves":14,"minecraft:stone_pickaxe":59,"minecraft:powered_rail":2,"minecraft:oak_planks":44,"minecraft:wooden_pickaxe":19,"minecraft:sugar_cane":5,"minecraft:blue_bed":1,"minecraft:diamond_axe":1367,"minecraft:oak_leaves":458,"minecraft:sand":10,"minecraft:dripstone_block":1,"minecraft:shears":529,"minecraft:bread":21,"minecraft:andesite":12,"minecraft:chest_minecart":1,"minecraft:oak_boat":3,"minecraft:stone_sword":19,"minecraft:armor_stand":1,"minecraft:wooden_shovel":2,"minecraft:stone_hoe":19,"minecraft:netherrack":19,"minecraft:torch":30,"minecraft:dirt":248,"minecraft:spyglass":86,"minecraft:anvil":2,"minecraft:granite":4,"minecraft:iron_hoe":1,"minecraft:iron_axe":47,"minecraft:iron_boots":3,"minecraft:cobbled_deepslate":14,"minecraft:pumpkin":21,"minecraft:iron_leggings":2,"minecraft:beetroot_soup":1,"minecraft:pointed_dripstone":2,"minecraft:calcite":2,"minecraft:wheat_seeds":12,"minecraft:cooked_mutton":4,"minecraft:water_bucket":60,"minecraft:baked_potato":37,"minecraft:stonecutter":1,"minecraft:rail":1,"minecraft:crafting_table":9,"minecraft:red_bed":5,"minecraft:white_bed":5,"minecraft:spruce_log":38,"minecraft:smoker":2,"minecraft:diamond_pickaxe":12,"minecraft:diamond_shovel":533,"minecraft:iron_pickaxe":466,"minecraft:spruce_sapling":72,"minecraft:stone_axe":207,"minecraft:cobblestone":30,"minecraft:bucket":65,"minecraft:dandelion":2},"minecraft:picked_up":{"minecraft:iron_chestplate":4,"minecraft:wheat":42,"minecraft:oak_stairs":63,"minecraft:potion":1,"minecraft:brewing_stand":1,"minecraft:amethyst_block":3,"minecraft:string":12,"minecraft:raw_copper":10,"minecraft:smooth_stone_slab":1,"minecraft:iron_leggings":4,"minecraft:oak_sign":1,"minecraft:beetroot":2,"minecraft:cobbled_deepslate":32,"minecraft:bucket":3,"minecraft:spruce_planks":10,"minecraft:rose_bush":21,"minecraft:calcite":2,"minecraft:wooden_shovel":3,"minecraft:iron_pickaxe":7,"minecraft:furnace":7,"minecraft:iron_boots":6,"minecraft:tipped_arrow":2,"minecraft:stick":107,"minecraft:composter":2,"minecraft:oak_fence":7,"minecraft:torch":34,"minecraft:porkchop":12,"minecraft:pointed_dripstone":2,"minecraft:stone_sword":3,"minecraft:rotten_flesh":33,"minecraft:blaze_rod":12,"minecraft:cobblestone":251,"minecraft:birch_log":18,"minecraft:feather":2,"minecraft:water_bucket":4,"minecraft:andesite":14,"minecraft:potato":554,"minecraft:lapis_lazuli":13,"minecraft:dirt":795,"minecraft:lantern":3,"minecraft:name_tag":2,"minecraft:bone":13,"minecraft:stonecutter":1,"minecraft:wheat_seeds":290,"minecraft:raw_gold":16,"minecraft:grindstone":1,"minecraft:glowstone_dust":16,"minecraft:powered_rail":2,"minecraft:stone_hoe":4,"minecraft:oak_planks":118,"minecraft:cooked_porkchop":10,"minecraft:poisonous_potato":5,"minecraft:sand":36,"minecraft:mossy_cobblestone":15,"minecraft:diamond":6,"minecraft:granite":7,"minecraft:bread":36,"minecraft:golden_apple":1,"minecraft:emerald":66,"minecraft:oak_sapling":11,"minecraft:netherrack":12,"minecraft:oak_leaves":712,"minecraft:crafting_table":8,"minecraft:chicken":4,"minecraft:ladder":3,"minecraft:chest_minecart":2,"minecraft:red_bed":5,"minecraft:flint_and_steel":1,"minecraft:iron_shovel":4,"minecraft:cartography_table":1,"minecraft:beef":5,"minecraft:oak_boat":3,"minecraft:poppy":22,"minecraft:lectern":3,"minecraft:sugar_cane":13,"minecraft:chest":1,"minecraft:birch_sapling":1,"minecraft:egg":9,"minecraft:raw_iron":105,"minecraft:oak_door":1,"minecraft:carrot":884,"minecraft:redstone":244,"minecraft:arrow":33,"minecraft:beetroot_seeds":10,"minecraft:shears":2,"minecraft:white_wool":4,"minecraft:mutton":5,"minecraft:rail":375,"minecraft:birch_leaves":18,"minecraft:leather":2,"minecraft:birch_planks":4,"minecraft:oak_log":94,"minecraft:gunpowder":12,"minecraft:blue_bed":1,"minecraft:paper":1,"minecraft:cooked_mutton":6,"minecraft:apple":3,"minecraft:iron_ingot":199,"minecraft:iron_sword":3,"minecraft:book":2,"minecraft:oak_slab":9,"minecraft:warped_fungus":1,"minecraft:smooth_basalt":2,"minecraft:pumpkin":26,"minecraft:dandelion":5,"minecraft:dripstone_block":1,"minecraft:gravel":1,"minecraft:amethyst_shard":4,"minecraft:spruce_sapling":78,"minecraft:white_bed":10,"minecraft:spruce_log":1047,"minecraft:spider_eye":6,"minecraft:pumpkin_seeds":3,"minecraft:diamond_shovel":3,"minecraft:stone_axe":2,"minecraft:iron_helmet":4,"minecraft:diamond_axe":4,"minecraft:baked_potato":20,"minecraft:coal":205},"minecraft:crafted":{"minecraft:oak_planks":228,"minecraft:smooth_stone":6,"minecraft:oak_sign":3,"minecraft:stone":6,"minecraft:diamond_shovel":1,"minecraft:cooked_mutton":5,"minecraft:iron_boots":1,"minecraft:chest":2,"minecraft:stone_hoe":1,"minecraft:smoker":2,"minecraft:wooden_shovel":2,"minecraft:emerald":150,"minecraft:cooked_porkchop":5,"minecraft:diamond_axe":2,"minecraft:crafting_table":3,"minecraft:spruce_planks":2180,"minecraft:baked_potato":64,"minecraft:wooden_pickaxe":2,"minecraft:iron_helmet":1,"minecraft:spruce_door":3,"minecraft:copper_ingot":2,"minecraft:birch_planks":4,"minecraft:iron_chestplate":1,"minecraft:diamond_pickaxe":1,"minecraft:shield":1,"minecraft:stick":4785,"minecraft:iron_ingot":35,"minecraft:iron_pickaxe":4,"minecraft:iron_block":6,"minecraft:stone_sword":2,"minecraft:shears":3,"minecraft:spyglass":1,"minecraft:furnace":7,"minecraft:blast_furnace":1,"minecraft:stone_pickaxe":2,"minecraft:diamond_boots":1,"minecraft:iron_sword":1,"minecraft:bucket":2,"minecraft:stone_axe":3,"minecraft:enchanted_book":1,"minecraft:bread":12,"minecraft:air":0,"minecraft:oak_boat":1,"minecraft:iron_leggings":2,"minecraft:armor_stand":1,"minecraft:anvil":2,"minecraft:torch":32},"minecraft:custom":{"minecraft:interact_with_crafting_table":52,"minecraft:bell_ring":2,"minecraft:leave_game":10,"minecraft:time_since_death":139233,"minecraft:sprint_one_cm":1334270,"minecraft:damage_blocked_by_shield":120,"minecraft:drop":92,"minecraft:talked_to_villager":66,"minecraft:play_time":372783,"minecraft:deaths":13,"minecraft:jump":7904,"minecraft:walk_on_water_one_cm":19748,"minecraft:interact_with_furnace":36,"minecraft:traded_with_villager":156,"minecraft:sleep_in_bed":29,"minecraft:damage_dealt":32520,"minecraft:crouch_one_cm":71309,"minecraft:interact_with_smoker":11,"minecraft:mob_kills":69,"minecraft:interact_with_anvil":2,"minecraft:climb_one_cm":29571,"minecraft:walk_one_cm":931266,"minecraft:sneak_time":29467,"minecraft:walk_under_water_one_cm":19666,"minecraft:boat_one_cm":258191,"minecraft:total_world_time":372783,"minecraft:interact_with_stonecutter":1,"minecraft:time_since_rest":7764,"minecraft:damage_taken":6173,"minecraft:swim_one_cm":19114,"minecraft:fly_one_cm":1673936,"minecraft:open_chest":56,"minecraft:fall_one_cm":213783},"minecraft:killed_by":{"minecraft:creeper":1,"minecraft:cave_spider":3,"minecraft:zombie":2,"minecraft:iron_golem":5,"minecraft:skeleton":1},"minecraft:mined":{"minecraft:large_amethyst_bud":1,"minecraft:white_bed":10,"minecraft:brewing_stand":1,"minecraft:granite":3,"minecraft:grass_block":463,"minecraft:yellow_carpet":4,"minecraft:oak_pressure_plate":1,"minecraft:composter":2,"minecraft:spawner":2,"minecraft:glowstone":5,"minecraft:cobbled_deepslate":1,"minecraft:iron_ore":25,"minecraft:fire":2,"minecraft:pumpkin":26,"minecraft:deepslate_lapis_ore":1,"minecraft:pointed_dripstone":2,"minecraft:dirt_path":19,"minecraft:oak_stairs":63,"minecraft:deepslate_redstone_ore":12,"minecraft:red_bed":5,"minecraft:crimson_nylium":1,"minecraft:amethyst_cluster":1,"minecraft:torch":11,"minecraft:calcite":2,"minecraft:poppy":3,"minecraft:chest":1,"minecraft:cobblestone":69,"minecraft:sugar_cane":2,"minecraft:grindstone":1,"minecraft:oak_planks":50,"minecraft:wall_torch":2,"minecraft:amethyst_block":3,"minecraft:powered_rail":1,"minecraft:birch_log":6,"minecraft:wheat":43,"minecraft:smooth_stone_slab":1,"minecraft:yellow_stained_glass_pane":1,"minecraft:grass":154,"minecraft:oak_log":85,"minecraft:beetroots":1,"minecraft:sand":36,"minecraft:dirt":92,"minecraft:smooth_basalt":2,"minecraft:stonecutter":1,"minecraft:netherrack":11,"minecraft:oak_leaves":528,"minecraft:deepslate":15,"minecraft:mossy_cobblestone":5,"minecraft:deepslate_diamond_ore":2,"minecraft:oak_door":1,"minecraft:ladder":2,"minecraft:spruce_leaves":62,"minecraft:cartography_table":1,"minecraft:oak_trapdoor":6,"minecraft:spruce_sapling":16,"minecraft:furnace":5,"minecraft:carrots":202,"minecraft:andesite":10,"minecraft:potatoes":152,"minecraft:deepslate_iron_ore":28,"minecraft:rail":74,"minecraft:lantern":1,"minecraft:stone":141,"minecraft:podzol":7,"minecraft:oak_slab":9,"minecraft:glass_pane":6,"minecraft:dandelion":2,"minecraft:oak_fence":5,"minecraft:crafting_table":8,"minecraft:lectern":1,"minecraft:tall_grass":4,"minecraft:copper_ore":2,"minecraft:deepslate_gold_ore":16,"minecraft:blue_bed":1,"minecraft:ice":11,"minecraft:white_carpet":4,"minecraft:spruce_log":1052,"minecraft:birch_leaves":19,"minecraft:coal_ore":86,"minecraft:cobweb":2,"minecraft:fern":1},"minecraft:killed":{"minecraft:spider":6,"minecraft:skeleton":1,"minecraft:chicken":1,"minecraft:pig":2,"minecraft:iron_golem":25,"minecraft:creeper":6,"minecraft:sheep":3,"minecraft:zombie":13,"minecraft:stray":2,"minecraft:cow":2,"minecraft:blaze":4,"minecraft:hoglin":2}},"DataVersion":3465}