{"stats":{"minecraft:custom":{"minecraft:mob_kills":10,"minecraft:interact_with_crafting_table":15,"minecraft:leave_game":2,"minecraft:time_since_death":2940,"minecraft:climb_one_cm":497,"minecraft:sprint_one_cm":330950,"minecraft:walk_one_cm":296141,"minecraft:damage_blocked_by_shield":120,"minecraft:drop":19,"minecraft:talked_to_villager":1,"minecraft:play_time":82490,"minecraft:deaths":5,"minecraft:sneak_time":5866,"minecraft:walk_under_water_one_cm":8971,"minecraft:boat_one_cm":258191,"minecraft:jump":1478,"minecraft:walk_on_water_one_cm":10838,"minecraft:total_world_time":82490,"minecraft:interact_with_furnace":16,"minecraft:sleep_in_bed":6,"minecraft:time_since_rest":1422,"minecraft:damage_taken":1517,"minecraft:damage_dealt":3840,"minecraft:swim_one_cm":3927,"minecraft:fly_one_cm":277101,"minecraft:open_chest":7,"minecraft:crouch_one_cm":15119,"minecraft:fall_one_cm":38634},"minecraft:mined":{"minecraft:large_amethyst_bud":1,"minecraft:white_bed":8,"minecraft:deepslate_diamond_ore":2,"minecraft:brewing_stand":1,"minecraft:grass_block":4,"minecraft:composter":2,"minecraft:cartography_table":1,"minecraft:spawner":2,"minecraft:furnace":3,"minecraft:carrots":1,"minecraft:iron_ore":11,"minecraft:deepslate_lapis_ore":1,"minecraft:pointed_dripstone":2,"minecraft:deepslate_iron_ore":21,"minecraft:stone":32,"minecraft:deepslate_redstone_ore":1,"minecraft:amethyst_cluster":1,"minecraft:oak_fence":4,"minecraft:crafting_table":7,"minecraft:torch":7,"minecraft:calcite":2,"minecraft:copper_ore":2,"minecraft:cobblestone":9,"minecraft:grindstone":1,"minecraft:deepslate_gold_ore":16,"minecraft:oak_planks":15,"minecraft:wall_torch":1,"minecraft:amethyst_block":3,"minecraft:powered_rail":1,"minecraft:ice":11,"minecraft:spruce_log":28,"minecraft:birch_leaves":1,"minecraft:grass":24,"minecraft:oak_log":18,"minecraft:coal_ore":23,"minecraft:sand":36,"minecraft:dirt":2,"minecraft:cobweb":2,"minecraft:smooth_basalt":2,"minecraft:oak_leaves":2,"minecraft:deepslate":11,"minecraft:fern":1},"minecraft:picked_up":{"minecraft:crafting_table":7,"minecraft:chest_minecart":2,"minecraft:brewing_stand":1,"minecraft:amethyst_block":3,"minecraft:string":3,"minecraft:raw_copper":10,"minecraft:cartography_table":1,"minecraft:cobbled_deepslate":25,"minecraft:beef":3,"minecraft:oak_boat":3,"minecraft:calcite":2,"minecraft:poppy":1,"minecraft:sugar_cane":8,"minecraft:egg":5,"minecraft:iron_boots":1,"minecraft:furnace":3,"minecraft:stick":1,"minecraft:raw_iron":32,"minecraft:composter":2,"minecraft:oak_fence":6,"minecraft:torch":22,"minecraft:pointed_dripstone":2,"minecraft:carrot":4,"minecraft:redstone":4,"minecraft:rotten_flesh":1,"minecraft:beetroot_seeds":2,"minecraft:cobblestone":39,"minecraft:rail":13,"minecraft:andesite":1,"minecraft:leather":1,"minecraft:potato":1,"minecraft:oak_log":18,"minecraft:gunpowder":2,"minecraft:lapis_lazuli":13,"minecraft:paper":1,"minecraft:dirt":6,"minecraft:name_tag":2,"minecraft:bone":1,"minecraft:apple":3,"minecraft:wheat_seeds":2,"minecraft:raw_gold":16,"minecraft:grindstone":1,"minecraft:iron_ingot":6,"minecraft:powered_rail":2,"minecraft:oak_planks":16,"minecraft:smooth_basalt":2,"minecraft:dripstone_block":1,"minecraft:gravel":1,"minecraft:amethyst_shard":4,"minecraft:sand":36,"minecraft:spruce_sapling":2,"minecraft:white_bed":8,"minecraft:spruce_log":28,"minecraft:spider_eye":1,"minecraft:pumpkin_seeds":3,"minecraft:diamond":6,"minecraft:granite":2,"minecraft:golden_apple":1,"minecraft:bread":22,"minecraft:oak_sapling":2,"minecraft:coal":50},"minecraft:killed_by":{"minecraft:cave_spider":3,"minecraft:zombie":1},"minecraft:used":{"minecraft:stone_sword":11,"minecraft:poppy":1,"minecraft:shield":3,"minecraft:rotten_flesh":1,"minecraft:torch":20,"minecraft:dirt":6,"minecraft:spyglass":86,"minecraft:carrot":1,"minecraft:granite":2,"minecraft:iron_boots":1,"minecraft:furnace":3,"minecraft:oak_sapling":2,"minecraft:egg":5,"minecraft:cobbled_deepslate":9,"minecraft:pointed_dripstone":2,"minecraft:calcite":2,"minecraft:water_bucket":32,"minecraft:powered_rail":2,"minecraft:stone_pickaxe":59,"minecraft:oak_planks":24,"minecraft:wooden_pickaxe":19,"minecraft:sand":10,"minecraft:crafting_table":7,"minecraft:white_bed":3,"minecraft:dripstone_block":1,"minecraft:spruce_log":1,"minecraft:bread":13,"minecraft:iron_pickaxe":71,"minecraft:stone_axe":104,"minecraft:cobblestone":7,"minecraft:bucket":33,"minecraft:chest_minecart":1,"minecraft:oak_boat":3},"minecraft:killed":{"minecraft:spider":2,"minecraft:iron_golem":2,"minecraft:creeper":1,"minecraft:zombie":3,"minecraft:cow":1},"minecraft:dropped":{"minecraft:wheat_seeds":2,"minecraft:diamond":1,"minecraft:oak_fence":1,"minecraft:stick":2,"minecraft:brewing_stand":1,"minecraft:paper":1,"minecraft:string":1,"minecraft:composter":2,"minecraft:grindstone":1,"minecraft:iron_boots":1,"minecraft:white_bed":4,"minecraft:spider_eye":1,"minecraft:wooden_pickaxe":1,"minecraft:cartography_table":1},"minecraft:crafted":{"minecraft:oak_planks":72,"minecraft:spyglass":1,"minecraft:furnace":2,"minecraft:stone_pickaxe":2,"minecraft:crafting_table":3,"minecraft:spruce_planks":4,"minecraft:wooden_pickaxe":2,"minecraft:copper_ingot":2,"minecraft:bucket":1,"minecraft:stone_axe":2,"minecraft:air":0,"minecraft:oak_boat":1,"minecraft:shield":1,"minecraft:stick":24,"minecraft:iron_ingot":15,"minecraft:iron_pickaxe":2,"minecraft:stone_sword":1,"minecraft:iron_leggings":1,"minecraft:torch":16}},"DataVersion":3465}