{"stats":{"minecraft:broken":{"minecraft:iron_pickaxe":1},"minecraft:custom":{"minecraft:mob_kills":23,"minecraft:interact_with_crafting_table":34,"minecraft:leave_game":2,"minecraft:time_since_death":10880,"minecraft:climb_one_cm":5272,"minecraft:sprint_one_cm":584877,"minecraft:walk_one_cm":464083,"minecraft:damage_blocked_by_shield":120,"minecraft:drop":28,"minecraft:talked_to_villager":19,"minecraft:play_time":154490,"minecraft:deaths":11,"minecraft:sneak_time":15167,"minecraft:walk_under_water_one_cm":16848,"minecraft:boat_one_cm":258191,"minecraft:jump":3094,"minecraft:walk_on_water_one_cm":16031,"minecraft:total_world_time":154490,"minecraft:interact_with_furnace":29,"minecraft:traded_with_villager":21,"minecraft:sleep_in_bed":12,"minecraft:time_since_rest":9008,"minecraft:damage_taken":3471,"minecraft:damage_dealt":11011,"minecraft:swim_one_cm":18270,"minecraft:fly_one_cm":582711,"minecraft:open_chest":12,"minecraft:crouch_one_cm":37289,"minecraft:fall_one_cm":76200},"minecraft:mined":{"minecraft:large_amethyst_bud":1,"minecraft:white_bed":8,"minecraft:deepslate_diamond_ore":2,"minecraft:brewing_stand":1,"minecraft:ladder":1,"minecraft:granite":2,"minecraft:grass_block":16,"minecraft:spruce_leaves":21,"minecraft:composter":2,"minecraft:cartography_table":1,"minecraft:spawner":2,"minecraft:spruce_sapling":7,"minecraft:furnace":4,"minecraft:carrots":30,"minecraft:iron_ore":25,"minecraft:cobbled_deepslate":1,"minecraft:andesite":10,"minecraft:deepslate_lapis_ore":1,"minecraft:potatoes":20,"minecraft:pointed_dripstone":2,"minecraft:dirt_path":2,"minecraft:deepslate_iron_ore":28,"minecraft:rail":74,"minecraft:stone":82,"minecraft:deepslate_redstone_ore":12,"minecraft:amethyst_cluster":1,"minecraft:dandelion":1,"minecraft:oak_fence":4,"minecraft:crafting_table":8,"minecraft:torch":7,"minecraft:calcite":2,"minecraft:copper_ore":2,"minecraft:cobblestone":26,"minecraft:grindstone":1,"minecraft:deepslate_gold_ore":16,"minecraft:oak_planks":15,"minecraft:wall_torch":1,"minecraft:amethyst_block":3,"minecraft:powered_rail":1,"minecraft:wheat":43,"minecraft:ice":11,"minecraft:spruce_log":295,"minecraft:birch_leaves":1,"minecraft:yellow_stained_glass_pane":1,"minecraft:grass":37,"minecraft:oak_log":29,"minecraft:coal_ore":86,"minecraft:beetroots":1,"minecraft:sand":36,"minecraft:dirt":19,"minecraft:cobweb":2,"minecraft:smooth_basalt":2,"minecraft:oak_leaves":9,"minecraft:deepslate":15,"minecraft:fern":1},"minecraft:picked_up":{"minecraft:iron_chestplate":2,"minecraft:crafting_table":8,"minecraft:wheat":42,"minecraft:ladder":1,"minecraft:chest_minecart":2,"minecraft:brewing_stand":1,"minecraft:amethyst_block":3,"minecraft:string":8,"minecraft:raw_copper":10,"minecraft:iron_leggings":2,"minecraft:beetroot":2,"minecraft:oak_sign":1,"minecraft:cartography_table":1,"minecraft:cobbled_deepslate":32,"minecraft:bucket":1,"minecraft:beef":5,"minecraft:oak_boat":3,"minecraft:calcite":2,"minecraft:iron_pickaxe":5,"minecraft:poppy":9,"minecraft:sugar_cane":8,"minecraft:egg":6,"minecraft:iron_boots":3,"minecraft:furnace":4,"minecraft:stick":70,"minecraft:raw_iron":105,"minecraft:composter":2,"minecraft:oak_fence":6,"minecraft:torch":22,"minecraft:porkchop":4,"minecraft:pointed_dripstone":2,"minecraft:carrot":129,"minecraft:redstone":244,"minecraft:stone_sword":3,"minecraft:rotten_flesh":23,"minecraft:beetroot_seeds":10,"minecraft:cobblestone":149,"minecraft:rail":375,"minecraft:water_bucket":3,"minecraft:andesite":12,"minecraft:leather":1,"minecraft:potato":82,"minecraft:oak_log":39,"minecraft:gunpowder":2,"minecraft:lapis_lazuli":13,"minecraft:paper":1,"minecraft:dirt":39,"minecraft:name_tag":2,"minecraft:bone":1,"minecraft:apple":3,"minecraft:wheat_seeds":203,"minecraft:raw_gold":16,"minecraft:grindstone":1,"minecraft:iron_ingot":31,"minecraft:powered_rail":2,"minecraft:iron_sword":1,"minecraft:stone_hoe":2,"minecraft:oak_planks":16,"minecraft:smooth_basalt":2,"minecraft:dandelion":3,"minecraft:poisonous_potato":1,"minecraft:dripstone_block":1,"minecraft:gravel":1,"minecraft:amethyst_shard":4,"minecraft:sand":36,"minecraft:spruce_sapling":28,"minecraft:white_bed":8,"minecraft:spruce_log":282,"minecraft:spider_eye":5,"minecraft:pumpkin_seeds":3,"minecraft:diamond":6,"minecraft:stone_axe":2,"minecraft:iron_helmet":1,"minecraft:diamond_axe":2,"minecraft:granite":6,"minecraft:golden_apple":1,"minecraft:emerald":4,"minecraft:bread":36,"minecraft:oak_sapling":7,"minecraft:coal":205},"minecraft:killed_by":{"minecraft:creeper":1,"minecraft:iron_golem":3,"minecraft:cave_spider":3,"minecraft:skeleton":1,"minecraft:zombie":2},"minecraft:used":{"minecraft:stone_sword":19,"minecraft:ladder":1,"minecraft:poppy":8,"minecraft:oak_sign":3,"minecraft:chest":1,"minecraft:shield":3,"minecraft:iron_sword":1,"minecraft:stone_hoe":17,"minecraft:rotten_flesh":1,"minecraft:iron_chestplate":1,"minecraft:torch":20,"minecraft:dirt":37,"minecraft:spyglass":86,"minecraft:carrot":60,"minecraft:granite":4,"minecraft:lava_bucket":2,"minecraft:iron_boots":2,"minecraft:furnace":5,"minecraft:oak_sapling":5,"minecraft:egg":6,"minecraft:potato":51,"minecraft:cobbled_deepslate":14,"minecraft:iron_leggings":2,"minecraft:pointed_dripstone":2,"minecraft:calcite":2,"minecraft:wheat_seeds":12,"minecraft:water_bucket":40,"minecraft:powered_rail":2,"minecraft:stone_pickaxe":59,"minecraft:oak_planks":30,"minecraft:wooden_pickaxe":19,"minecraft:diamond_axe":245,"minecraft:sand":10,"minecraft:rail":1,"minecraft:crafting_table":9,"minecraft:white_bed":3,"minecraft:dripstone_block":1,"minecraft:spruce_log":12,"minecraft:bread":17,"minecraft:iron_pickaxe":350,"minecraft:spruce_sapling":25,"minecraft:stone_axe":207,"minecraft:cobblestone":24,"minecraft:andesite":10,"minecraft:bucket":45,"minecraft:chest_minecart":1,"minecraft:oak_boat":3},"minecraft:killed":{"minecraft:spider":3,"minecraft:pig":1,"minecraft:iron_golem":8,"minecraft:creeper":1,"minecraft:zombie":7,"minecraft:cow":2},"minecraft:crafted":{"minecraft:oak_planks":76,"minecraft:oak_sign":3,"minecraft:spyglass":1,"minecraft:furnace":3,"minecraft:iron_boots":1,"minecraft:stone_pickaxe":2,"minecraft:chest":1,"minecraft:stone_hoe":1,"minecraft:emerald":20,"minecraft:diamond_axe":1,"minecraft:crafting_table":3,"minecraft:spruce_planks":332,"minecraft:iron_helmet":1,"minecraft:wooden_pickaxe":2,"minecraft:iron_sword":1,"minecraft:copper_ingot":2,"minecraft:bucket":2,"minecraft:stone_axe":3,"minecraft:bread":12,"minecraft:air":0,"minecraft:oak_boat":1,"minecraft:iron_chestplate":1,"minecraft:shield":1,"minecraft:stick":688,"minecraft:iron_ingot":35,"minecraft:iron_pickaxe":4,"minecraft:stone_sword":2,"minecraft:iron_leggings":2,"minecraft:torch":16},"minecraft:dropped":{"minecraft:water_bucket":1,"minecraft:bread":8,"minecraft:wheat_seeds":2,"minecraft:diamond":1,"minecraft:poisonous_potato":1,"minecraft:oak_fence":1,"minecraft:rail":74,"minecraft:stick":2,"minecraft:lava_bucket":1,"minecraft:brewing_stand":1,"minecraft:paper":1,"minecraft:string":1,"minecraft:redstone":51,"minecraft:composter":2,"minecraft:beetroot":1,"minecraft:grindstone":1,"minecraft:iron_boots":1,"minecraft:white_bed":4,"minecraft:spider_eye":1,"minecraft:wooden_pickaxe":1,"minecraft:cartography_table":1}},"DataVersion":3465}