{"stats":{"minecraft:custom":{"minecraft:interact_with_furnace":5,"minecraft:mob_kills":6,"minecraft:interact_with_crafting_table":8,"minecraft:time_since_death":1140,"minecraft:sleep_in_bed":5,"minecraft:time_since_rest":1168,"minecraft:sprint_one_cm":171932,"minecraft:damage_taken":600,"minecraft:walk_one_cm":93494,"minecraft:damage_blocked_by_shield":120,"minecraft:drop":17,"minecraft:damage_dealt":2671,"minecraft:swim_one_cm":3927,"minecraft:talked_to_villager":1,"minecraft:fly_one_cm":174051,"minecraft:open_chest":6,"minecraft:crouch_one_cm":6002,"minecraft:play_time":46866,"minecraft:deaths":1,"minecraft:sneak_time":3229,"minecraft:walk_under_water_one_cm":8898,"minecraft:boat_one_cm":258191,"minecraft:jump":799,"minecraft:walk_on_water_one_cm":6246,"minecraft:total_world_time":46866,"minecraft:fall_one_cm":19341},"minecraft:mined":{"minecraft:large_amethyst_bud":1,"minecraft:white_bed":8,"minecraft:amethyst_cluster":1,"minecraft:brewing_stand":1,"minecraft:torch":5,"minecraft:crafting_table":5,"minecraft:grass_block":4,"minecraft:calcite":2,"minecraft:copper_ore":2,"minecraft:cobblestone":9,"minecraft:deepslate_gold_ore":7,"minecraft:grindstone":1,"minecraft:oak_planks":4,"minecraft:composter":2,"minecraft:cartography_table":1,"minecraft:amethyst_block":3,"minecraft:furnace":2,"minecraft:carrots":1,"minecraft:iron_ore":11,"minecraft:ice":11,"minecraft:spruce_log":28,"minecraft:grass":9,"minecraft:oak_log":6,"minecraft:coal_ore":23,"minecraft:sand":36,"minecraft:dirt":2,"minecraft:smooth_basalt":2,"minecraft:stone":16,"minecraft:fern":1},"minecraft:picked_up":{"minecraft:crafting_table":5,"minecraft:andesite":1,"minecraft:leather":1,"minecraft:potato":1,"minecraft:oak_log":6,"minecraft:brewing_stand":1,"minecraft:amethyst_block":3,"minecraft:string":3,"minecraft:dirt":6,"minecraft:paper":1,"minecraft:raw_copper":10,"minecraft:name_tag":2,"minecraft:bone":1,"minecraft:apple":3,"minecraft:wheat_seeds":1,"minecraft:cartography_table":1,"minecraft:raw_gold":7,"minecraft:beef":3,"minecraft:iron_ingot":6,"minecraft:grindstone":1,"minecraft:oak_boat":3,"minecraft:calcite":2,"minecraft:poppy":1,"minecraft:sugar_cane":8,"minecraft:oak_planks":4,"minecraft:egg":2,"minecraft:iron_boots":1,"minecraft:furnace":2,"minecraft:stick":1,"minecraft:raw_iron":11,"minecraft:smooth_basalt":2,"minecraft:composter":2,"minecraft:oak_fence":1,"minecraft:torch":19,"minecraft:sand":36,"minecraft:amethyst_shard":4,"minecraft:spruce_sapling":2,"minecraft:spruce_log":28,"minecraft:white_bed":8,"minecraft:carrot":4,"minecraft:spider_eye":1,"minecraft:pumpkin_seeds":3,"minecraft:diamond":4,"minecraft:granite":2,"minecraft:bread":22,"minecraft:oak_sapling":2,"minecraft:coal":50,"minecraft:cobblestone":23},"minecraft:killed_by":{"minecraft:cave_spider":1},"minecraft:used":{"minecraft:calcite":2,"minecraft:water_bucket":32,"minecraft:stone_pickaxe":35,"minecraft:oak_planks":7,"minecraft:poppy":1,"minecraft:shield":3,"minecraft:wooden_pickaxe":3,"minecraft:torch":18,"minecraft:sand":10,"minecraft:spyglass":86,"minecraft:dirt":6,"minecraft:crafting_table":5,"minecraft:carrot":1,"minecraft:white_bed":3,"minecraft:granite":2,"minecraft:spruce_log":1,"minecraft:bread":13,"minecraft:iron_pickaxe":45,"minecraft:iron_boots":1,"minecraft:stone_axe":79,"minecraft:cobblestone":7,"minecraft:furnace":2,"minecraft:oak_sapling":2,"minecraft:bucket":33,"minecraft:oak_boat":3,"minecraft:egg":2},"minecraft:killed":{"minecraft:iron_golem":2,"minecraft:spider":1,"minecraft:zombie":1,"minecraft:cow":1},"minecraft:dropped":{"minecraft:wheat_seeds":1,"minecraft:diamond":1,"minecraft:composter":2,"minecraft:oak_fence":1,"minecraft:grindstone":1,"minecraft:iron_boots":1,"minecraft:white_bed":4,"minecraft:stick":1,"minecraft:brewing_stand":1,"minecraft:spider_eye":1,"minecraft:wooden_pickaxe":1,"minecraft:paper":1,"minecraft:string":1,"minecraft:cartography_table":1},"minecraft:crafted":{"minecraft:oak_planks":24,"minecraft:crafting_table":1,"minecraft:spyglass":1,"minecraft:spruce_planks":4,"minecraft:wooden_pickaxe":1,"minecraft:furnace":1,"minecraft:copper_ingot":2,"minecraft:bucket":1,"minecraft:stone_axe":1,"minecraft:air":0,"minecraft:oak_boat":1,"minecraft:shield":1,"minecraft:stick":12,"minecraft:iron_ingot":2,"minecraft:iron_pickaxe":1,"minecraft:stone_pickaxe":1,"minecraft:torch":16}},"DataVersion":3465}