{"stats":{"minecraft:crafted":{"minecraft:smooth_stone":6,"minecraft:oak_sign":3,"minecraft:diamond_shovel":1,"minecraft:bookshelf":3,"minecraft:cooked_mutton":5,"minecraft:shulker_box":2,"minecraft:glass":7,"minecraft:diamond_helmet":1,"minecraft:diamond_leggings":1,"minecraft:glass_bottle":6,"minecraft:wooden_shovel":2,"minecraft:emerald":758,"minecraft:soul_campfire":9,"minecraft:cooked_porkchop":5,"minecraft:diamond_axe":2,"minecraft:spruce_door":3,"minecraft:copper_ingot":2,"minecraft:fletching_table":1,"minecraft:oak_wood":6,"minecraft:end_stone_brick_slab":288,"minecraft:lectern":2,"minecraft:iron_pickaxe":4,"minecraft:iron_block":21,"minecraft:gold_ingot":170,"minecraft:composter":2,"minecraft:golden_carrot":9,"minecraft:orange_shulker_box":1,"minecraft:spyglass":1,"minecraft:bone_meal":15,"minecraft:spruce_slab":1074,"minecraft:stone_pickaxe":2,"minecraft:diamond_boots":1,"minecraft:spruce_boat":4,"minecraft:crossbow":5,"minecraft:glowstone":1,"minecraft:enchanted_book":52,"minecraft:orange_dye":2,"minecraft:golden_apple":6,"minecraft:fermented_spider_eye":2,"minecraft:iron_shovel":2,"minecraft:iron_leggings":2,"minecraft:armor_stand":1,"minecraft:white_bed":30,"minecraft:oak_planks":512,"minecraft:stone":6,"minecraft:bow":4,"minecraft:iron_boots":1,"minecraft:chest":8,"minecraft:rail":32,"minecraft:birch_button":1,"minecraft:stone_hoe":1,"minecraft:smoker":2,"minecraft:arrow":224,"minecraft:crafting_table":7,"minecraft:spruce_planks":10864,"minecraft:iron_helmet":1,"minecraft:wooden_pickaxe":2,"minecraft:baked_potato":855,"minecraft:birch_planks":76,"minecraft:apple":40,"minecraft:spruce_trapdoor":10,"minecraft:iron_chestplate":1,"minecraft:book":11,"minecraft:paper":213,"minecraft:diamond_pickaxe":4,"minecraft:yellow_dye":1,"minecraft:shield":7,"minecraft:stick":21145,"minecraft:iron_ingot":65,"minecraft:stone_sword":4,"minecraft:snow_block":87,"minecraft:shears":6,"minecraft:tripwire_hook":2,"minecraft:spruce_button":1,"minecraft:furnace":9,"minecraft:blast_furnace":1,"minecraft:piston":1,"minecraft:end_stone_bricks":144,"minecraft:flint_and_steel":1,"minecraft:spruce_wood":21,"minecraft:iron_hoe":3,"minecraft:chiseled_bookshelf":2,"minecraft:minecart":2,"minecraft:sugar":1,"minecraft:red_dye":1,"minecraft:crimson_planks":24,"minecraft:diamond_sword":2,"minecraft:iron_sword":2,"minecraft:bucket":10,"minecraft:stone_axe":3,"minecraft:air":0,"minecraft:bread":12,"minecraft:oak_boat":1,"minecraft:white_wool":197,"minecraft:anvil":2,"minecraft:torch":64,"minecraft:diamond_chestplate":2,"minecraft:firework_rocket":120},"minecraft:killed_by":{"minecraft:pillager":1,"minecraft:ravager":11,"minecraft:vindicator":22,"minecraft:zombie":11,"minecraft:vex":3,"minecraft:ghast":1,"minecraft:wither_skeleton":4,"minecraft:creeper":3,"minecraft:cave_spider":3,"minecraft:blaze":1,"minecraft:iron_golem":10,"minecraft:hoglin":2,"minecraft:skeleton":2},"minecraft:dropped":{"minecraft:crimson_stem":7,"minecraft:iron_sword":2,"minecraft:porkchop":6,"minecraft:chorus_fruit":7,"minecraft:glass_bottle":11,"minecraft:diamond":3,"minecraft:cooked_porkchop":5,"minecraft:crossbow":2,"minecraft:weeping_vines":5,"minecraft:cracked_stone_bricks":3,"minecraft:elytra":1,"minecraft:rail":163,"minecraft:leather_helmet":1,"minecraft:emerald":195,"minecraft:dirt":58,"minecraft:gold_nugget":18,"minecraft:sugar":2,"minecraft:iron_pickaxe":6,"minecraft:white_wool":104,"minecraft:blue_bed":1,"minecraft:bone":7,"minecraft:oak_door":2,"minecraft:stone_axe":7,"minecraft:goat_horn":1,"minecraft:sugar_cane":79,"minecraft:ancient_debris":1,"minecraft:golden_chestplate":1,"minecraft:cobbled_deepslate":4,"minecraft:nether_brick":14,"minecraft:obsidian":7,"minecraft:rotten_flesh":79,"minecraft:grindstone":1,"minecraft:end_stone":4,"minecraft:glowstone_dust":1,"minecraft:white_bed":26,"minecraft:tipped_arrow":1,"minecraft:leather_boots":2,"minecraft:leather_leggings":2,"minecraft:spruce_slab":1422,"minecraft:end_stone_bricks":2,"minecraft:beef":1,"minecraft:cartography_table":1,"minecraft:lectern":2,"minecraft:egg":1,"minecraft:enchanted_book":38,"minecraft:golden_boots":3,"minecraft:iron_ingot":16,"minecraft:wheat_seeds":80,"minecraft:dripstone_block":3,"minecraft:book":60,"minecraft:oak_fence":2,"minecraft:iron_helmet":3,"minecraft:feather":3,"minecraft:cobblestone":8,"minecraft:apple":5,"minecraft:granite":55,"minecraft:chainmail_helmet":2,"minecraft:coal":13,"minecraft:golden_apple":2,"minecraft:lava_bucket":1,"minecraft:rose_bush":21,"minecraft:diamond_helmet":5,"minecraft:potion":2,"minecraft:chainmail_leggings":2,"minecraft:iron_shovel":6,"minecraft:paper":1,"minecraft:string":38,"minecraft:spruce_sapling":6,"minecraft:stone_sword":2,"minecraft:cobblestone_wall":2,"minecraft:bowl":1,"minecraft:stone_shovel":35,"minecraft:chicken":4,"minecraft:iron_boots":4,"minecraft:shears":1,"minecraft:pumpkin_seeds":20,"minecraft:diamond_sword":4,"minecraft:potato":1474,"minecraft:spruce_trapdoor":2,"minecraft:spruce_planks":5,"minecraft:diamond_pickaxe":1,"minecraft:wooden_shovel":4,"minecraft:spider_eye":8,"minecraft:stone_bricks":6,"minecraft:bow":5,"minecraft:soul_sand":7,"minecraft:diamond_axe":3,"minecraft:baked_potato":164,"minecraft:ender_pearl":841,"minecraft:leather":3,"minecraft:cobblestone_stairs":3,"minecraft:spruce_leaves":3,"minecraft:mutton":5,"minecraft:crimson_roots":20,"minecraft:pumpkin_pie":1,"minecraft:gold_ingot":31,"minecraft:gravel":35,"minecraft:pointed_dripstone":1,"minecraft:beetroot":1,"minecraft:diamond_shovel":2,"minecraft:carrot":1886,"minecraft:chainmail_chestplate":3,"minecraft:poppy":4,"minecraft:leather_chestplate":2,"minecraft:soul_campfire":9,"minecraft:gunpowder":42,"minecraft:beetroot_seeds":4,"minecraft:chainmail_boots":2,"minecraft:arrow":25,"minecraft:quartz":5,"minecraft:oak_leaves":57,"minecraft:splash_potion":1,"minecraft:netherrack":1,"minecraft:firework_rocket":89,"minecraft:water_bucket":1,"minecraft:stone_hoe":16,"minecraft:bread":8,"minecraft:oak_slab":9,"minecraft:golden_helmet":2,"minecraft:mossy_cobblestone":8,"minecraft:minecart":1,"minecraft:diamond_leggings":3,"minecraft:poisonous_potato":10,"minecraft:golden_axe":2,"minecraft:stick":23,"minecraft:diorite":5,"minecraft:brewing_stand":1,"minecraft:torch":34,"minecraft:nether_wart_block":1,"minecraft:iron_door":1,"minecraft:iron_leggings":1,"minecraft:iron_axe":4,"minecraft:tripwire_hook":2,"minecraft:bucket":1,"minecraft:dandelion":1,"minecraft:redstone":54,"minecraft:nether_wart":82,"minecraft:blaze_rod":5,"minecraft:composter":2,"minecraft:raw_iron":8,"minecraft:wither_skeleton_skull":2,"minecraft:shulker_box":1,"minecraft:shield":2,"minecraft:diamond_chestplate":1,"minecraft:iron_chestplate":1,"minecraft:andesite":10,"minecraft:mossy_stone_bricks":1,"minecraft:golden_leggings":1,"minecraft:golden_sword":1,"minecraft:diamond_boots":2,"minecraft:stone_pickaxe":4,"minecraft:wooden_pickaxe":1,"minecraft:magma_cream":5},"minecraft:picked_up":{"minecraft:iron_chestplate":5,"minecraft:chainmail_boots":3,"minecraft:anvil":1,"minecraft:diamond_sword":16,"minecraft:oak_stairs":63,"minecraft:birch_button":4,"minecraft:enchanted_book":38,"minecraft:brewing_stand":1,"minecraft:golden_sword":2,"minecraft:amethyst_block":3,"minecraft:string":900,"minecraft:soul_soil":110,"minecraft:beetroot":2,"minecraft:diamond_leggings":28,"minecraft:gold_nugget":1408,"minecraft:cobbled_deepslate":311,"minecraft:spruce_planks":51,"minecraft:golden_helmet":2,"minecraft:composter":5,"minecraft:purpur_pillar":9,"minecraft:golden_axe":3,"minecraft:golden_chestplate":2,"minecraft:stone_sword":9,"minecraft:iron_block":66,"minecraft:carved_pumpkin":41,"minecraft:end_rod":6,"minecraft:blaze_rod":45,"minecraft:snowball":601,"minecraft:birch_log":32,"minecraft:feather":8,"minecraft:iron_door":1,"minecraft:water_bucket":8,"minecraft:smoker":4,"minecraft:flint":6,"minecraft:lantern":9,"minecraft:stonecutter":1,"minecraft:diamond_helmet":26,"minecraft:glowstone_dust":40,"minecraft:stripped_spruce_log":2,"minecraft:barrel":1,"minecraft:granite":61,"minecraft:chainmail_helmet":5,"minecraft:spruce_button":1,"minecraft:bread":36,"minecraft:diamond_pickaxe":8,"minecraft:crimson_roots":10,"minecraft:spruce_leaves":3,"minecraft:crafting_table":19,"minecraft:bee_nest":1,"minecraft:nether_wart":103,"minecraft:leather_leggings":2,"minecraft:dragon_head":1,"minecraft:purpur_block":9,"minecraft:red_bed":8,"minecraft:elytra":6,"minecraft:flint_and_steel":4,"minecraft:iron_shovel":5,"minecraft:cracked_stone_bricks":7,"minecraft:cartography_table":1,"minecraft:beef":5,"minecraft:poppy":39,"minecraft:spruce_slab":444,"minecraft:minecart":4,"minecraft:chest":3,"minecraft:birch_sapling":1,"minecraft:piston":5,"minecraft:egg":27,"minecraft:oak_door":1,"minecraft:carrot":4072,"minecraft:redstone":289,"minecraft:stone_shovel":36,"minecraft:diamond_chestplate":23,"minecraft:beetroot_seeds":10,"minecraft:shears":4,"minecraft:diamond_boots":32,"minecraft:purpur_slab":1,"minecraft:gold_ingot":3,"minecraft:totem_of_undying":10,"minecraft:mutton":10,"minecraft:white_wool":10,"minecraft:bone_block":32,"minecraft:rail":580,"minecraft:birch_leaves":18,"minecraft:oak_log":157,"minecraft:ancient_debris":1,"minecraft:golden_boots":7,"minecraft:blue_bed":7,"minecraft:paper":57,"minecraft:white_banner":42,"minecraft:apple":8,"minecraft:stone_bricks":19,"minecraft:stone_pickaxe":6,"minecraft:glass_bottle":75,"minecraft:iron_sword":14,"minecraft:smooth_basalt":2,"minecraft:gravel":92,"minecraft:spruce_sapling":261,"minecraft:spruce_log":3485,"minecraft:crying_obsidian":1,"minecraft:dragon_egg":1,"minecraft:leather_helmet":1,"minecraft:diamond_shovel":4,"minecraft:firework_rocket":100,"minecraft:stone_axe":9,"minecraft:diamond_axe":34,"minecraft:baked_potato":527,"minecraft:ender_pearl":982,"minecraft:shulker_shell":8,"minecraft:wheat":42,"minecraft:nether_brick_fence":7,"minecraft:potion":20,"minecraft:nether_brick":14,"minecraft:raw_copper":10,"minecraft:smooth_stone_slab":1,"minecraft:iron_leggings":6,"minecraft:oak_sign":1,"minecraft:smooth_stone":1,"minecraft:bucket":8,"minecraft:rose_bush":21,"minecraft:ender_eye":2,"minecraft:calcite":2,"minecraft:wooden_shovel":3,"minecraft:iron_pickaxe":13,"minecraft:iron_boots":7,"minecraft:furnace":8,"minecraft:tipped_arrow":6,"minecraft:stick":414,"minecraft:orange_shulker_box":2,"minecraft:oak_fence":7,"minecraft:torch":47,"minecraft:porkchop":53,"minecraft:pointed_dripstone":3,"minecraft:diorite":5,"minecraft:goat_horn":1,"minecraft:rotten_flesh":263,"minecraft:music_disc_ward":1,"minecraft:obsidian":17,"minecraft:cobblestone":516,"minecraft:enchanting_table":1,"minecraft:leather_chestplate":2,"minecraft:magma_cream":5,"minecraft:andesite":51,"minecraft:golden_leggings":1,"minecraft:beacon":1,"minecraft:potato":3950,"minecraft:tuff":9,"minecraft:wither_skeleton_skull":4,"minecraft:lapis_lazuli":179,"minecraft:dirt":1618,"minecraft:name_tag":2,"minecraft:leather_boots":2,"minecraft:bone":316,"minecraft:bow":17,"minecraft:wheat_seeds":336,"minecraft:raw_gold":78,"minecraft:grindstone":1,"minecraft:mossy_stone_bricks":7,"minecraft:fletching_table":1,"minecraft:powered_rail":2,"minecraft:oak_planks":125,"minecraft:stone_hoe":22,"minecraft:ghast_tear":1,"minecraft:cooked_porkchop":10,"minecraft:poisonous_potato":23,"minecraft:sand":45,"minecraft:grass_block":1,"minecraft:spectral_arrow":13,"minecraft:mossy_cobblestone":15,"minecraft:sugar":3,"minecraft:diamond":70,"minecraft:spruce_boat":51,"minecraft:crossbow":31,"minecraft:golden_apple":2,"minecraft:bone_meal":221,"minecraft:emerald":244,"minecraft:oak_sapling":54,"minecraft:netherrack":1089,"minecraft:chorus_fruit":105,"minecraft:oak_leaves":714,"minecraft:end_stone_bricks":12,"minecraft:splash_potion":3,"minecraft:chicken":6,"minecraft:ladder":4,"minecraft:chest_minecart":2,"minecraft:brown_mushroom":45,"minecraft:shield":10,"minecraft:iron_axe":6,"minecraft:blackstone":8,"minecraft:oak_boat":3,"minecraft:lectern":383,"minecraft:sugar_cane":1266,"minecraft:spruce_trapdoor":2,"minecraft:phantom_membrane":2,"minecraft:raw_iron":189,"minecraft:end_stone":149,"minecraft:iron_horse_armor":1,"minecraft:weeping_vines":3,"minecraft:arrow":620,"minecraft:pumpkin_pie":1,"minecraft:nether_bricks":102,"minecraft:saddle":13,"minecraft:basalt":8,"minecraft:crimson_stem":6,"minecraft:magenta_banner":1,"minecraft:leather":27,"minecraft:birch_planks":5,"minecraft:crimson_fungus":1,"minecraft:chainmail_chestplate":4,"minecraft:yellow_bed":4,"minecraft:nether_wart_block":5,"minecraft:gunpowder":375,"minecraft:cobblestone_stairs":1,"minecraft:cooked_mutton":6,"minecraft:iron_ingot":345,"minecraft:soul_sand":128,"minecraft:book":127,"minecraft:oak_slab":9,"minecraft:warped_fungus":2,"minecraft:pumpkin":27,"minecraft:quartz":19,"minecraft:dandelion":6,"minecraft:dripstone_block":4,"minecraft:raw_iron_block":4,"minecraft:lava_bucket":2,"minecraft:amethyst_shard":4,"minecraft:blast_furnace":2,"minecraft:white_bed":63,"minecraft:spider_eye":50,"minecraft:pumpkin_seeds":55,"minecraft:chainmail_leggings":4,"minecraft:iron_helmet":6,"minecraft:black_wool":1,"minecraft:end_stone_brick_slab":15,"minecraft:coal":435},"minecraft:used":{"minecraft:elytra":55,"minecraft:spruce_slab":61,"minecraft:poppy":26,"minecraft:ladder":4,"minecraft:chest":9,"minecraft:rotten_flesh":1,"minecraft:soul_sand":30,"minecraft:snowball":190,"minecraft:weeping_vines":1,"minecraft:spruce_boat":54,"minecraft:lava_bucket":12,"minecraft:grass_block":1,"minecraft:birch_sapling":1,"minecraft:orange_shulker_box":3,"minecraft:bow":384,"minecraft:oak_sapling":8,"minecraft:furnace":8,"minecraft:egg":23,"minecraft:potato":1178,"minecraft:dragon_head":1,"minecraft:mossy_stone_bricks":6,"minecraft:end_stone_bricks":10,"minecraft:spruce_door":1,"minecraft:powered_rail":2,"minecraft:chorus_fruit":79,"minecraft:wooden_pickaxe":19,"minecraft:composter":4,"minecraft:purpur_pillar":4,"minecraft:oak_leaves":460,"minecraft:golden_apple":1,"minecraft:sand":10,"minecraft:blast_furnace":4,"minecraft:crying_obsidian":1,"minecraft:lectern":378,"minecraft:nether_wart_block":3,"minecraft:diamond_sword":1641,"minecraft:poisonous_potato":1,"minecraft:oak_boat":3,"minecraft:enchanting_table":1,"minecraft:stone_sword":21,"minecraft:carved_pumpkin":40,"minecraft:armor_stand":1,"minecraft:netherrack":602,"minecraft:torch":40,"minecraft:dragon_egg":1,"minecraft:anvil":3,"minecraft:iron_block":52,"minecraft:iron_axe":253,"minecraft:spruce_button":1,"minecraft:barrel":1,"minecraft:diamond_chestplate":61,"minecraft:basalt":6,"minecraft:glowstone":1,"minecraft:goat_horn":5,"minecraft:cobbled_deepslate":170,"minecraft:golden_axe":32,"minecraft:pointed_dripstone":2,"minecraft:calcite":2,"minecraft:wheat_seeds":12,"minecraft:water_bucket":220,"minecraft:chiseled_bookshelf":2,"minecraft:birch_planks":2,"minecraft:fletching_table":2,"minecraft:cracked_stone_bricks":4,"minecraft:rail":73,"minecraft:crafting_table":20,"minecraft:red_bed":8,"minecraft:white_bed":62,"minecraft:spruce_log":104,"minecraft:oak_log":9,"minecraft:diamond_pickaxe":2783,"minecraft:diamond_shovel":1053,"minecraft:iron_pickaxe":485,"minecraft:spruce_trapdoor":10,"minecraft:spruce_sapling":221,"minecraft:enchanted_book":16,"minecraft:cobblestone":183,"minecraft:potion":33,"minecraft:porkchop":5,"minecraft:dandelion":2,"minecraft:diamond_leggings":15,"minecraft:iron_shovel":395,"minecraft:oak_sign":3,"minecraft:shield":119,"minecraft:iron_sword":227,"minecraft:nether_wart":20,"minecraft:iron_chestplate":4,"minecraft:nether_bricks":78,"minecraft:carrot":1235,"minecraft:tuff":2,"minecraft:obsidian":10,"minecraft:milk_bucket":1,"minecraft:glass":1,"minecraft:lantern":2,"minecraft:iron_helmet":3,"minecraft:crimson_roots":3,"minecraft:stone_bricks":13,"minecraft:birch_button":4,"minecraft:warped_fungus":3,"minecraft:golden_boots":1,"minecraft:diamond_boots":12,"minecraft:wither_skeleton_skull":2,"minecraft:birch_leaves":14,"minecraft:stone_pickaxe":59,"minecraft:oak_planks":55,"minecraft:ender_pearl":60,"minecraft:sugar_cane":99,"minecraft:diamond_axe":4337,"minecraft:chainmail_helmet":1,"minecraft:end_stone_brick_slab":303,"minecraft:blue_bed":5,"minecraft:white_wool":5,"minecraft:crossbow":22,"minecraft:dripstone_block":1,"minecraft:end_stone":1,"minecraft:shears":536,"minecraft:firework_rocket":61,"minecraft:bread":28,"minecraft:string":10,"minecraft:gravel":53,"minecraft:andesite":16,"minecraft:chest_minecart":1,"minecraft:air":3,"minecraft:bone_meal":229,"minecraft:purpur_block":9,"minecraft:flint_and_steel":65,"minecraft:stone_shovel":77,"minecraft:spruce_planks":60,"minecraft:wooden_shovel":2,"minecraft:stone_hoe":19,"minecraft:spyglass":86,"minecraft:dirt":1126,"minecraft:diamond_helmet":10,"minecraft:bee_nest":1,"minecraft:raw_iron_block":2,"minecraft:golden_chestplate":1,"minecraft:granite":4,"minecraft:iron_hoe":684,"minecraft:bookshelf":1,"minecraft:oak_stairs":1,"minecraft:iron_boots":4,"minecraft:golden_carrot":7,"minecraft:soul_soil":40,"minecraft:minecart":3,"minecraft:pumpkin":27,"minecraft:beetroot_soup":1,"minecraft:iron_leggings":4,"minecraft:cooked_mutton":4,"minecraft:snow_block":87,"minecraft:glass_bottle":39,"minecraft:baked_potato":716,"minecraft:brown_mushroom":3,"minecraft:beacon":1,"minecraft:stonecutter":1,"minecraft:spider_eye":3,"minecraft:smoker":6,"minecraft:piston":5,"minecraft:black_wool":1,"minecraft:apple":13,"minecraft:stone_axe":207,"minecraft:magenta_banner":1,"minecraft:crimson_fungus":2,"minecraft:white_banner":8,"minecraft:bucket":238,"minecraft:yellow_bed":4,"minecraft:smooth_stone":1,"minecraft:splash_potion":4},"minecraft:killed":{"minecraft:shulker":24,"minecraft:skeleton":114,"minecraft:chicken":2,"minecraft:magma_cube":21,"minecraft:salmon":1,"minecraft:iron_golem":33,"minecraft:pillager":41,"minecraft:zombie":120,"minecraft:cow":2,"minecraft:evoker":1,"minecraft:vindicator":21,"minecraft:snow_golem":2,"minecraft:ravager":3,"minecraft:enderman":1667,"minecraft:zombified_piglin":1,"minecraft:witch":12,"minecraft:spider":42,"minecraft:silverfish":2,"minecraft:piglin":11,"minecraft:pig":4,"minecraft:creeper":49,"minecraft:sheep":9,"minecraft:stray":5,"minecraft:ghast":10,"minecraft:blaze":16,"minecraft:vex":7,"minecraft:phantom":2,"minecraft:bat":2,"minecraft:hoglin":16,"minecraft:wither_skeleton":17,"minecraft:villager":1},"minecraft:broken":{"minecraft:diamond_helmet":2,"minecraft:shears":2,"minecraft:iron_hoe":3,"minecraft:shield":1,"minecraft:iron_pickaxe":2,"minecraft:golden_chestplate":1,"minecraft:diamond_chestplate":1,"minecraft:flint_and_steel":1,"minecraft:golden_axe":1},"minecraft:mined":{"minecraft:white_bed":65,"minecraft:carved_pumpkin":12,"minecraft:obsidian":17,"minecraft:granite":34,"minecraft:yellow_carpet":4,"minecraft:oak_pressure_plate":1,"minecraft:purpur_slab":1,"minecraft:nether_wart":20,"minecraft:spawner":3,"minecraft:weeping_vines_plant":2,"minecraft:cobbled_deepslate":3,"minecraft:fire":83,"minecraft:barrel":1,"minecraft:pumpkin":27,"minecraft:fletching_table":1,"minecraft:deepslate_lapis_ore":10,"minecraft:enchanting_table":1,"minecraft:dirt_path":25,"minecraft:oak_stairs":64,"minecraft:white_banner":2,"minecraft:iron_block":55,"minecraft:tripwire":1,"minecraft:piston_head":1,"minecraft:brown_mushroom":10,"minecraft:red_bed":9,"minecraft:smoker":4,"minecraft:crimson_nylium":20,"minecraft:soul_fire":147,"minecraft:amethyst_cluster":1,"minecraft:torch":23,"minecraft:blast_furnace":2,"minecraft:glass":1,"minecraft:sugar_cane":822,"minecraft:amethyst_block":3,"minecraft:wheat":45,"minecraft:black_bed":2,"minecraft:grass":479,"minecraft:birch_button":3,"minecraft:smooth_basalt":2,"minecraft:stonecutter":1,"minecraft:piston":2,"minecraft:deepslate":285,"minecraft:mossy_cobblestone":5,"minecraft:end_stone":147,"minecraft:nether_bricks":92,"minecraft:crimson_roots":11,"minecraft:orange_shulker_box":2,"minecraft:cartography_table":1,"minecraft:snow":356,"minecraft:andesite":45,"minecraft:potatoes":1096,"minecraft:rail":121,"minecraft:bone_block":33,"minecraft:white_wool":3,"minecraft:oak_slab":9,"minecraft:glass_pane":10,"minecraft:soul_sand":72,"minecraft:dandelion":4,"minecraft:spruce_button":1,"minecraft:purpur_pillar":9,"minecraft:tall_grass":25,"minecraft:copper_ore":9,"minecraft:deepslate_gold_ore":46,"minecraft:diorite":5,"minecraft:white_carpet":4,"minecraft:spruce_log":3388,"minecraft:birch_leaves":31,"minecraft:gravel":55,"minecraft:dripstone_block":3,"minecraft:cobweb":4,"minecraft:stone_bricks":20,"minecraft:fern":1,"minecraft:large_amethyst_bud":1,"minecraft:spruce_planks":7,"minecraft:brewing_stand":1,"minecraft:spruce_trapdoor":1,"minecraft:grass_block":638,"minecraft:soul_soil":75,"minecraft:composter":5,"minecraft:smooth_stone":1,"minecraft:raw_iron_block":4,"minecraft:glowstone":7,"minecraft:iron_ore":37,"minecraft:anvil":1,"minecraft:pointed_dripstone":2,"minecraft:end_stone_bricks":11,"minecraft:spruce_slab":52,"minecraft:deepslate_redstone_ore":18,"minecraft:magenta_wall_banner":2,"minecraft:end_stone_brick_slab":9,"minecraft:calcite":2,"minecraft:poppy":6,"minecraft:beacon":1,"minecraft:chest":3,"minecraft:mushroom_stem":11,"minecraft:nether_quartz_ore":8,"minecraft:cobblestone":92,"minecraft:grindstone":1,"minecraft:oak_planks":55,"minecraft:iron_door":1,"minecraft:wall_torch":2,"minecraft:powered_rail":1,"minecraft:nether_wart_block":4,"minecraft:birch_log":20,"minecraft:purpur_block":12,"minecraft:smooth_stone_slab":1,"minecraft:yellow_stained_glass_pane":1,"minecraft:oak_log":148,"minecraft:beetroots":1,"minecraft:sand":45,"minecraft:dirt":348,"minecraft:wither_skeleton_skull":1,"minecraft:netherrack":1333,"minecraft:oak_leaves":1208,"minecraft:nether_gold_ore":155,"minecraft:tuff":6,"minecraft:deepslate_diamond_ore":25,"minecraft:oak_door":1,"minecraft:ladder":3,"minecraft:weeping_vines":1,"minecraft:brown_mushroom_block":90,"minecraft:spruce_leaves":103,"minecraft:crimson_stem":6,"minecraft:oak_trapdoor":6,"minecraft:spruce_sapling":34,"minecraft:furnace":6,"minecraft:carrots":1004,"minecraft:stripped_spruce_log":1,"minecraft:nether_brick_fence":8,"minecraft:bookshelf":1,"minecraft:deepslate_iron_ore":51,"minecraft:lantern":1,"minecraft:chorus_plant":8,"minecraft:stone":353,"minecraft:podzol":42,"minecraft:magenta_stained_glass":13,"minecraft:infested_stone_bricks":2,"minecraft:snow_block":22,"minecraft:basalt":9,"minecraft:oak_fence":5,"minecraft:crafting_table":19,"minecraft:lectern":380,"minecraft:lapis_ore":3,"minecraft:blue_bed":7,"minecraft:birch_planks":1,"minecraft:ice":11,"minecraft:bee_nest":1,"minecraft:yellow_bed":5,"minecraft:coal_ore":133,"minecraft:end_rod":6,"minecraft:cracked_stone_bricks":7,"minecraft:mossy_stone_bricks":7},"minecraft:custom":{"minecraft:interact_with_crafting_table":176,"minecraft:open_barrel":2,"minecraft:bell_ring":9,"minecraft:leave_game":26,"minecraft:time_since_death":64326,"minecraft:damage_blocked_by_shield":6910,"minecraft:play_time":2045684,"minecraft:deaths":81,"minecraft:jump":43915,"minecraft:enchant_item":5,"minecraft:interact_with_furnace":51,"minecraft:traded_with_villager":852,"minecraft:sleep_in_bed":99,"minecraft:damage_dealt":143676,"minecraft:interact_with_smoker":83,"minecraft:horse_one_cm":293,"minecraft:interact_with_smithing_table":2,"minecraft:interact_with_anvil":67,"minecraft:inspect_hopper":11,"minecraft:sneak_time":98186,"minecraft:interact_with_blast_furnace":1,"minecraft:total_world_time":2045684,"minecraft:interact_with_stonecutter":5,"minecraft:time_since_rest":24935,"minecraft:swim_one_cm":122433,"minecraft:fly_one_cm":10483270,"minecraft:open_chest":705,"minecraft:fall_one_cm":1319261,"minecraft:open_shulker_box":38,"minecraft:sprint_one_cm":7369344,"minecraft:drop":798,"minecraft:talked_to_villager":1051,"minecraft:interact_with_brewingstand":23,"minecraft:walk_on_water_one_cm":192607,"minecraft:open_enderchest":16,"minecraft:interact_with_beacon":5,"minecraft:crouch_one_cm":320748,"minecraft:mob_kills":2277,"minecraft:climb_one_cm":153620,"minecraft:walk_one_cm":4532269,"minecraft:raid_win":4,"minecraft:walk_under_water_one_cm":134666,"minecraft:boat_one_cm":323630,"minecraft:raid_trigger":1,"minecraft:interact_with_grindstone":15,"minecraft:damage_taken":57616,"minecraft:damage_absorbed":40,"minecraft:minecart_one_cm":2417,"minecraft:aviate_one_cm":2538368}},"DataVersion":3465}