{"stats":{"minecraft:picked_up":{"minecraft:iron_chestplate":5,"minecraft:chainmail_boots":2,"minecraft:anvil":1,"minecraft:diamond_sword":9,"minecraft:oak_stairs":63,"minecraft:birch_button":4,"minecraft:enchanted_book":8,"minecraft:brewing_stand":1,"minecraft:golden_sword":2,"minecraft:amethyst_block":3,"minecraft:string":885,"minecraft:soul_soil":105,"minecraft:beetroot":2,"minecraft:diamond_leggings":19,"minecraft:cobbled_deepslate":268,"minecraft:gold_nugget":852,"minecraft:spruce_planks":49,"minecraft:golden_helmet":2,"minecraft:composter":5,"minecraft:purpur_pillar":9,"minecraft:golden_chestplate":2,"minecraft:stone_sword":9,"minecraft:iron_block":61,"minecraft:carved_pumpkin":38,"minecraft:end_rod":6,"minecraft:blaze_rod":45,"minecraft:snowball":601,"minecraft:birch_log":32,"minecraft:feather":4,"minecraft:water_bucket":8,"minecraft:iron_door":1,"minecraft:smoker":4,"minecraft:flint":5,"minecraft:lantern":9,"minecraft:stonecutter":1,"minecraft:diamond_helmet":17,"minecraft:glowstone_dust":28,"minecraft:stripped_spruce_log":1,"minecraft:barrel":1,"minecraft:granite":13,"minecraft:chainmail_helmet":5,"minecraft:bread":36,"minecraft:diamond_pickaxe":4,"minecraft:crimson_roots":9,"minecraft:spruce_leaves":3,"minecraft:crafting_table":18,"minecraft:bee_nest":1,"minecraft:nether_wart":62,"minecraft:leather_leggings":1,"minecraft:dragon_head":1,"minecraft:purpur_block":9,"minecraft:flint_and_steel":4,"minecraft:red_bed":8,"minecraft:elytra":2,"minecraft:iron_shovel":5,"minecraft:cracked_stone_bricks":7,"minecraft:cartography_table":1,"minecraft:beef":5,"minecraft:poppy":39,"minecraft:spruce_slab":444,"minecraft:minecart":2,"minecraft:chest":3,"minecraft:birch_sapling":1,"minecraft:piston":5,"minecraft:egg":27,"minecraft:oak_door":1,"minecraft:carrot":3785,"minecraft:redstone":283,"minecraft:diamond_chestplate":14,"minecraft:beetroot_seeds":10,"minecraft:shears":4,"minecraft:diamond_boots":20,"minecraft:purpur_slab":1,"minecraft:gold_ingot":3,"minecraft:totem_of_undying":3,"minecraft:mutton":10,"minecraft:bone_block":22,"minecraft:white_wool":10,"minecraft:rail":542,"minecraft:birch_leaves":18,"minecraft:oak_log":152,"minecraft:golden_boots":4,"minecraft:blue_bed":7,"minecraft:paper":1,"minecraft:white_banner":31,"minecraft:stone_bricks":19,"minecraft:apple":8,"minecraft:glass_bottle":60,"minecraft:iron_sword":14,"minecraft:smooth_basalt":2,"minecraft:gravel":92,"minecraft:spruce_sapling":241,"minecraft:spruce_log":3013,"minecraft:crying_obsidian":1,"minecraft:dragon_egg":1,"minecraft:diamond_shovel":4,"minecraft:firework_rocket":12,"minecraft:stone_axe":2,"minecraft:diamond_axe":25,"minecraft:baked_potato":330,"minecraft:ender_pearl":60,"minecraft:shulker_shell":8,"minecraft:wheat":42,"minecraft:nether_brick_fence":7,"minecraft:potion":15,"minecraft:nether_brick":14,"minecraft:raw_copper":10,"minecraft:smooth_stone_slab":1,"minecraft:iron_leggings":6,"minecraft:oak_sign":1,"minecraft:bucket":5,"minecraft:rose_bush":21,"minecraft:calcite":2,"minecraft:ender_eye":2,"minecraft:wooden_shovel":3,"minecraft:iron_pickaxe":7,"minecraft:furnace":7,"minecraft:iron_boots":7,"minecraft:tipped_arrow":3,"minecraft:stick":396,"minecraft:orange_shulker_box":1,"minecraft:oak_fence":7,"minecraft:torch":46,"minecraft:porkchop":48,"minecraft:pointed_dripstone":3,"minecraft:goat_horn":1,"minecraft:rotten_flesh":192,"minecraft:obsidian":17,"minecraft:cobblestone":421,"minecraft:leather_chestplate":1,"minecraft:magma_cream":5,"minecraft:andesite":24,"minecraft:golden_leggings":1,"minecraft:beacon":1,"minecraft:potato":3462,"minecraft:tuff":9,"minecraft:wither_skeleton_skull":4,"minecraft:dirt":1486,"minecraft:lapis_lazuli":110,"minecraft:name_tag":2,"minecraft:leather_boots":2,"minecraft:bone":254,"minecraft:bow":13,"minecraft:wheat_seeds":333,"minecraft:raw_gold":78,"minecraft:grindstone":1,"minecraft:mossy_stone_bricks":7,"minecraft:fletching_table":1,"minecraft:powered_rail":2,"minecraft:oak_planks":120,"minecraft:stone_hoe":6,"minecraft:ghast_tear":1,"minecraft:cooked_porkchop":10,"minecraft:poisonous_potato":16,"minecraft:sand":36,"minecraft:grass_block":1,"minecraft:mossy_cobblestone":15,"minecraft:spectral_arrow":13,"minecraft:sugar":1,"minecraft:diamond":57,"minecraft:spruce_boat":51,"minecraft:crossbow":21,"minecraft:golden_apple":1,"minecraft:bone_meal":221,"minecraft:emerald":86,"minecraft:oak_sapling":53,"minecraft:netherrack":492,"minecraft:chorus_fruit":105,"minecraft:oak_leaves":714,"minecraft:end_stone_bricks":10,"minecraft:chicken":6,"minecraft:splash_potion":1,"minecraft:ladder":4,"minecraft:chest_minecart":2,"minecraft:brown_mushroom":9,"minecraft:shield":5,"minecraft:iron_axe":4,"minecraft:blackstone":8,"minecraft:oak_boat":3,"minecraft:lectern":383,"minecraft:sugar_cane":796,"minecraft:phantom_membrane":2,"minecraft:spruce_trapdoor":2,"minecraft:raw_iron":169,"minecraft:end_stone":145,"minecraft:iron_horse_armor":1,"minecraft:weeping_vines":3,"minecraft:arrow":532,"minecraft:nether_bricks":102,"minecraft:saddle":13,"minecraft:basalt":6,"minecraft:magenta_banner":1,"minecraft:crimson_stem":6,"minecraft:leather":27,"minecraft:birch_planks":5,"minecraft:chainmail_chestplate":3,"minecraft:yellow_bed":4,"minecraft:nether_wart_block":5,"minecraft:gunpowder":128,"minecraft:cooked_mutton":6,"minecraft:iron_ingot":334,"minecraft:soul_sand":112,"minecraft:book":9,"minecraft:oak_slab":9,"minecraft:warped_fungus":1,"minecraft:pumpkin":27,"minecraft:quartz":5,"minecraft:dandelion":6,"minecraft:dripstone_block":4,"minecraft:raw_iron_block":4,"minecraft:amethyst_shard":4,"minecraft:blast_furnace":2,"minecraft:white_bed":63,"minecraft:spider_eye":39,"minecraft:pumpkin_seeds":55,"minecraft:chainmail_leggings":2,"minecraft:iron_helmet":4,"minecraft:black_wool":1,"minecraft:end_stone_brick_slab":15,"minecraft:coal":427},"minecraft:crafted":{"minecraft:smooth_stone":6,"minecraft:oak_sign":3,"minecraft:diamond_shovel":1,"minecraft:bookshelf":3,"minecraft:cooked_mutton":5,"minecraft:shulker_box":1,"minecraft:diamond_helmet":1,"minecraft:diamond_leggings":1,"minecraft:wooden_shovel":2,"minecraft:soul_campfire":9,"minecraft:emerald":619,"minecraft:cooked_porkchop":5,"minecraft:diamond_axe":2,"minecraft:spruce_door":3,"minecraft:copper_ingot":2,"minecraft:fletching_table":1,"minecraft:oak_wood":6,"minecraft:end_stone_brick_slab":288,"minecraft:lectern":2,"minecraft:iron_pickaxe":4,"minecraft:iron_block":17,"minecraft:gold_ingot":95,"minecraft:composter":2,"minecraft:golden_carrot":9,"minecraft:orange_shulker_box":1,"minecraft:spyglass":1,"minecraft:bone_meal":6,"minecraft:spruce_slab":1068,"minecraft:stone_pickaxe":2,"minecraft:diamond_boots":1,"minecraft:spruce_boat":4,"minecraft:crossbow":1,"minecraft:glowstone":1,"minecraft:enchanted_book":8,"minecraft:orange_dye":2,"minecraft:golden_apple":5,"minecraft:fermented_spider_eye":1,"minecraft:iron_shovel":2,"minecraft:iron_leggings":2,"minecraft:armor_stand":1,"minecraft:white_bed":30,"minecraft:oak_planks":504,"minecraft:stone":6,"minecraft:bow":3,"minecraft:iron_boots":1,"minecraft:chest":7,"minecraft:rail":32,"minecraft:birch_button":1,"minecraft:stone_hoe":1,"minecraft:smoker":2,"minecraft:arrow":144,"minecraft:crafting_table":6,"minecraft:spruce_planks":9444,"minecraft:wooden_pickaxe":2,"minecraft:baked_potato":599,"minecraft:iron_helmet":1,"minecraft:birch_planks":68,"minecraft:apple":40,"minecraft:spruce_trapdoor":10,"minecraft:book":11,"minecraft:iron_chestplate":1,"minecraft:paper":108,"minecraft:diamond_pickaxe":2,"minecraft:yellow_dye":1,"minecraft:shield":5,"minecraft:stick":18361,"minecraft:iron_ingot":62,"minecraft:stone_sword":4,"minecraft:snow_block":87,"minecraft:shears":6,"minecraft:tripwire_hook":2,"minecraft:furnace":8,"minecraft:blast_furnace":1,"minecraft:piston":1,"minecraft:end_stone_bricks":144,"minecraft:flint_and_steel":1,"minecraft:spruce_wood":21,"minecraft:iron_hoe":3,"minecraft:minecart":2,"minecraft:red_dye":1,"minecraft:crimson_planks":24,"minecraft:diamond_sword":2,"minecraft:iron_sword":2,"minecraft:bucket":9,"minecraft:stone_axe":3,"minecraft:air":0,"minecraft:bread":12,"minecraft:oak_boat":1,"minecraft:white_wool":197,"minecraft:anvil":2,"minecraft:torch":64,"minecraft:diamond_chestplate":1,"minecraft:firework_rocket":36},"minecraft:dropped":{"minecraft:crimson_stem":7,"minecraft:iron_sword":2,"minecraft:porkchop":6,"minecraft:chorus_fruit":7,"minecraft:glass_bottle":8,"minecraft:diamond":3,"minecraft:cooked_porkchop":5,"minecraft:crossbow":2,"minecraft:weeping_vines":5,"minecraft:cracked_stone_bricks":3,"minecraft:elytra":1,"minecraft:rail":139,"minecraft:emerald":43,"minecraft:dirt":56,"minecraft:gold_nugget":8,"minecraft:white_wool":104,"minecraft:blue_bed":1,"minecraft:bone":7,"minecraft:oak_door":2,"minecraft:stone_axe":1,"minecraft:goat_horn":1,"minecraft:sugar_cane":79,"minecraft:cobbled_deepslate":4,"minecraft:golden_chestplate":1,"minecraft:nether_brick":14,"minecraft:obsidian":7,"minecraft:rotten_flesh":34,"minecraft:grindstone":1,"minecraft:white_bed":26,"minecraft:tipped_arrow":1,"minecraft:leather_boots":2,"minecraft:leather_leggings":1,"minecraft:spruce_slab":1422,"minecraft:beef":1,"minecraft:cartography_table":1,"minecraft:lectern":2,"minecraft:egg":1,"minecraft:enchanted_book":1,"minecraft:golden_boots":1,"minecraft:iron_ingot":15,"minecraft:wheat_seeds":77,"minecraft:dripstone_block":3,"minecraft:oak_fence":2,"minecraft:iron_helmet":1,"minecraft:feather":3,"minecraft:cobblestone":1,"minecraft:book":5,"minecraft:apple":5,"minecraft:granite":7,"minecraft:chainmail_helmet":2,"minecraft:coal":12,"minecraft:golden_apple":2,"minecraft:lava_bucket":1,"minecraft:rose_bush":21,"minecraft:diamond_helmet":4,"minecraft:potion":2,"minecraft:chainmail_leggings":1,"minecraft:iron_shovel":6,"minecraft:paper":1,"minecraft:string":36,"minecraft:spruce_sapling":2,"minecraft:stone_sword":2,"minecraft:cobblestone_wall":2,"minecraft:bowl":1,"minecraft:chicken":4,"minecraft:iron_boots":4,"minecraft:shears":1,"minecraft:pumpkin_seeds":20,"minecraft:diamond_sword":3,"minecraft:potato":1460,"minecraft:spruce_trapdoor":2,"minecraft:spruce_planks":5,"minecraft:wooden_shovel":4,"minecraft:spider_eye":7,"minecraft:stone_bricks":6,"minecraft:bow":5,"minecraft:soul_sand":7,"minecraft:diamond_axe":3,"minecraft:baked_potato":133,"minecraft:ender_pearl":14,"minecraft:leather":3,"minecraft:cobblestone_stairs":3,"minecraft:spruce_leaves":3,"minecraft:mutton":5,"minecraft:crimson_roots":5,"minecraft:gold_ingot":31,"minecraft:gravel":35,"minecraft:pointed_dripstone":1,"minecraft:beetroot":1,"minecraft:diamond_shovel":2,"minecraft:carrot":1859,"minecraft:chainmail_chestplate":3,"minecraft:poppy":4,"minecraft:leather_chestplate":1,"minecraft:soul_campfire":9,"minecraft:gunpowder":9,"minecraft:beetroot_seeds":4,"minecraft:chainmail_boots":1,"minecraft:arrow":5,"minecraft:quartz":5,"minecraft:oak_leaves":57,"minecraft:splash_potion":1,"minecraft:firework_rocket":23,"minecraft:stone_hoe":1,"minecraft:water_bucket":1,"minecraft:bread":8,"minecraft:oak_slab":9,"minecraft:golden_helmet":2,"minecraft:mossy_cobblestone":8,"minecraft:minecart":1,"minecraft:diamond_leggings":2,"minecraft:poisonous_potato":9,"minecraft:stick":10,"minecraft:brewing_stand":1,"minecraft:torch":34,"minecraft:nether_wart_block":1,"minecraft:iron_door":1,"minecraft:iron_leggings":1,"minecraft:iron_axe":3,"minecraft:tripwire_hook":2,"minecraft:bucket":1,"minecraft:dandelion":1,"minecraft:redstone":51,"minecraft:blaze_rod":5,"minecraft:composter":2,"minecraft:wither_skeleton_skull":2,"minecraft:shield":2,"minecraft:diamond_chestplate":1,"minecraft:iron_chestplate":1,"minecraft:andesite":10,"minecraft:mossy_stone_bricks":1,"minecraft:golden_leggings":1,"minecraft:golden_sword":1,"minecraft:diamond_boots":1,"minecraft:wooden_pickaxe":1,"minecraft:magma_cream":5},"minecraft:custom":{"minecraft:interact_with_crafting_table":150,"minecraft:open_barrel":2,"minecraft:bell_ring":9,"minecraft:leave_game":20,"minecraft:time_since_death":432026,"minecraft:damage_blocked_by_shield":5605,"minecraft:play_time":1642272,"minecraft:deaths":74,"minecraft:jump":37032,"minecraft:interact_with_furnace":42,"minecraft:traded_with_villager":662,"minecraft:sleep_in_bed":82,"minecraft:damage_dealt":114965,"minecraft:interact_with_smoker":61,"minecraft:horse_one_cm":293,"minecraft:interact_with_anvil":42,"minecraft:inspect_hopper":10,"minecraft:sneak_time":85184,"minecraft:interact_with_blast_furnace":1,"minecraft:total_world_time":1642272,"minecraft:interact_with_stonecutter":4,"minecraft:time_since_rest":10317,"minecraft:swim_one_cm":112119,"minecraft:fly_one_cm":8749028,"minecraft:open_chest":510,"minecraft:fall_one_cm":1108325,"minecraft:open_shulker_box":16,"minecraft:sprint_one_cm":6169545,"minecraft:drop":494,"minecraft:talked_to_villager":792,"minecraft:interact_with_brewingstand":12,"minecraft:walk_on_water_one_cm":181345,"minecraft:open_enderchest":7,"minecraft:interact_with_beacon":5,"minecraft:crouch_one_cm":271778,"minecraft:mob_kills":490,"minecraft:climb_one_cm":94235,"minecraft:walk_one_cm":3643912,"minecraft:raid_win":2,"minecraft:walk_under_water_one_cm":131926,"minecraft:boat_one_cm":320842,"minecraft:interact_with_grindstone":6,"minecraft:damage_taken":46037,"minecraft:aviate_one_cm":853171},"minecraft:broken":{"minecraft:diamond_helmet":1,"minecraft:shears":2,"minecraft:iron_hoe":3,"minecraft:shield":1,"minecraft:iron_pickaxe":2,"minecraft:golden_chestplate":1,"minecraft:flint_and_steel":1},"minecraft:mined":{"minecraft:white_bed":65,"minecraft:carved_pumpkin":9,"minecraft:obsidian":17,"minecraft:granite":10,"minecraft:yellow_carpet":4,"minecraft:oak_pressure_plate":1,"minecraft:purpur_slab":1,"minecraft:nether_wart":20,"minecraft:spawner":3,"minecraft:weeping_vines_plant":2,"minecraft:cobbled_deepslate":3,"minecraft:fire":81,"minecraft:barrel":1,"minecraft:pumpkin":27,"minecraft:fletching_table":1,"minecraft:deepslate_lapis_ore":7,"minecraft:dirt_path":25,"minecraft:oak_stairs":64,"minecraft:iron_block":50,"minecraft:tripwire":1,"minecraft:piston_head":1,"minecraft:brown_mushroom":9,"minecraft:red_bed":9,"minecraft:smoker":4,"minecraft:crimson_nylium":13,"minecraft:soul_fire":110,"minecraft:amethyst_cluster":1,"minecraft:torch":23,"minecraft:blast_furnace":2,"minecraft:sugar_cane":568,"minecraft:amethyst_block":3,"minecraft:wheat":45,"minecraft:black_bed":2,"minecraft:grass":462,"minecraft:birch_button":3,"minecraft:smooth_basalt":2,"minecraft:stonecutter":1,"minecraft:piston":2,"minecraft:deepslate":233,"minecraft:mossy_cobblestone":5,"minecraft:end_stone":143,"minecraft:nether_bricks":92,"minecraft:crimson_roots":11,"minecraft:orange_shulker_box":1,"minecraft:cartography_table":1,"minecraft:snow":356,"minecraft:andesite":18,"minecraft:potatoes":968,"minecraft:rail":107,"minecraft:bone_block":23,"minecraft:white_wool":3,"minecraft:oak_slab":9,"minecraft:glass_pane":10,"minecraft:soul_sand":53,"minecraft:dandelion":4,"minecraft:purpur_pillar":9,"minecraft:tall_grass":25,"minecraft:copper_ore":2,"minecraft:deepslate_gold_ore":46,"minecraft:white_carpet":4,"minecraft:spruce_log":3005,"minecraft:birch_leaves":31,"minecraft:gravel":54,"minecraft:dripstone_block":3,"minecraft:cobweb":4,"minecraft:stone_bricks":20,"minecraft:fern":1,"minecraft:large_amethyst_bud":1,"minecraft:spruce_planks":5,"minecraft:brewing_stand":1,"minecraft:spruce_trapdoor":1,"minecraft:grass_block":610,"minecraft:soul_soil":75,"minecraft:composter":5,"minecraft:raw_iron_block":4,"minecraft:glowstone":5,"minecraft:iron_ore":33,"minecraft:anvil":1,"minecraft:pointed_dripstone":2,"minecraft:end_stone_bricks":9,"minecraft:spruce_slab":52,"minecraft:deepslate_redstone_ore":18,"minecraft:magenta_wall_banner":2,"minecraft:end_stone_brick_slab":9,"minecraft:calcite":2,"minecraft:poppy":6,"minecraft:beacon":1,"minecraft:chest":3,"minecraft:cobblestone":90,"minecraft:grindstone":1,"minecraft:oak_planks":50,"minecraft:iron_door":1,"minecraft:wall_torch":2,"minecraft:powered_rail":1,"minecraft:nether_wart_block":4,"minecraft:birch_log":20,"minecraft:purpur_block":12,"minecraft:smooth_stone_slab":1,"minecraft:yellow_stained_glass_pane":1,"minecraft:oak_log":143,"minecraft:beetroots":1,"minecraft:sand":36,"minecraft:dirt":287,"minecraft:wither_skeleton_skull":1,"minecraft:netherrack":391,"minecraft:oak_leaves":1208,"minecraft:nether_gold_ore":94,"minecraft:tuff":6,"minecraft:deepslate_diamond_ore":19,"minecraft:oak_door":1,"minecraft:ladder":3,"minecraft:weeping_vines":1,"minecraft:spruce_leaves":95,"minecraft:crimson_stem":6,"minecraft:oak_trapdoor":6,"minecraft:spruce_sapling":33,"minecraft:furnace":5,"minecraft:carrots":990,"minecraft:stripped_spruce_log":1,"minecraft:nether_brick_fence":8,"minecraft:deepslate_iron_ore":51,"minecraft:lantern":1,"minecraft:chorus_plant":8,"minecraft:stone":268,"minecraft:podzol":42,"minecraft:magenta_stained_glass":13,"minecraft:infested_stone_bricks":2,"minecraft:snow_block":22,"minecraft:basalt":7,"minecraft:crafting_table":18,"minecraft:oak_fence":5,"minecraft:lectern":380,"minecraft:lapis_ore":1,"minecraft:blue_bed":7,"minecraft:birch_planks":1,"minecraft:ice":11,"minecraft:bee_nest":1,"minecraft:yellow_bed":5,"minecraft:coal_ore":129,"minecraft:end_rod":6,"minecraft:cracked_stone_bricks":7,"minecraft:mossy_stone_bricks":7},"minecraft:killed_by":{"minecraft:pillager":1,"minecraft:ravager":10,"minecraft:vindicator":21,"minecraft:zombie":8,"minecraft:vex":1,"minecraft:ghast":1,"minecraft:wither_skeleton":4,"minecraft:creeper":3,"minecraft:cave_spider":3,"minecraft:blaze":1,"minecraft:iron_golem":10,"minecraft:hoglin":2,"minecraft:skeleton":2},"minecraft:killed":{"minecraft:shulker":24,"minecraft:skeleton":83,"minecraft:chicken":2,"minecraft:magma_cube":21,"minecraft:salmon":1,"minecraft:iron_golem":31,"minecraft:pillager":18,"minecraft:zombie":84,"minecraft:cow":2,"minecraft:vindicator":9,"minecraft:snow_golem":2,"minecraft:ravager":2,"minecraft:enderman":27,"minecraft:zombified_piglin":1,"minecraft:witch":4,"minecraft:spider":29,"minecraft:silverfish":2,"minecraft:piglin":8,"minecraft:pig":3,"minecraft:creeper":40,"minecraft:sheep":9,"minecraft:stray":5,"minecraft:ghast":8,"minecraft:blaze":16,"minecraft:vex":5,"minecraft:phantom":2,"minecraft:bat":2,"minecraft:hoglin":15,"minecraft:wither_skeleton":17,"minecraft:villager":1},"minecraft:used":{"minecraft:spruce_slab":61,"minecraft:poppy":26,"minecraft:ladder":4,"minecraft:elytra":34,"minecraft:chest":9,"minecraft:rotten_flesh":1,"minecraft:soul_sand":20,"minecraft:snowball":190,"minecraft:weeping_vines":1,"minecraft:spruce_boat":54,"minecraft:lava_bucket":4,"minecraft:grass_block":1,"minecraft:birch_sapling":1,"minecraft:orange_shulker_box":2,"minecraft:bow":261,"minecraft:furnace":6,"minecraft:oak_sapling":7,"minecraft:egg":23,"minecraft:potato":1009,"minecraft:dragon_head":1,"minecraft:mossy_stone_bricks":6,"minecraft:end_stone_bricks":10,"minecraft:spruce_door":1,"minecraft:chorus_fruit":79,"minecraft:powered_rail":2,"minecraft:wooden_pickaxe":19,"minecraft:composter":4,"minecraft:purpur_pillar":4,"minecraft:oak_leaves":460,"minecraft:sand":10,"minecraft:blast_furnace":4,"minecraft:crying_obsidian":1,"minecraft:lectern":378,"minecraft:nether_wart_block":3,"minecraft:diamond_sword":1152,"minecraft:poisonous_potato":1,"minecraft:oak_boat":3,"minecraft:stone_sword":21,"minecraft:carved_pumpkin":37,"minecraft:armor_stand":1,"minecraft:netherrack":208,"minecraft:torch":39,"minecraft:dragon_egg":1,"minecraft:anvil":3,"minecraft:iron_block":43,"minecraft:iron_axe":253,"minecraft:barrel":1,"minecraft:diamond_chestplate":39,"minecraft:basalt":6,"minecraft:glowstone":1,"minecraft:goat_horn":5,"minecraft:cobbled_deepslate":170,"minecraft:pointed_dripstone":2,"minecraft:calcite":2,"minecraft:wheat_seeds":12,"minecraft:water_bucket":219,"minecraft:fletching_table":2,"minecraft:cracked_stone_bricks":4,"minecraft:rail":59,"minecraft:crafting_table":19,"minecraft:red_bed":8,"minecraft:white_bed":62,"minecraft:spruce_log":97,"minecraft:oak_log":6,"minecraft:diamond_pickaxe":1482,"minecraft:diamond_shovel":1053,"minecraft:iron_pickaxe":485,"minecraft:spruce_trapdoor":10,"minecraft:spruce_sapling":208,"minecraft:cobblestone":182,"minecraft:potion":30,"minecraft:porkchop":5,"minecraft:dandelion":2,"minecraft:diamond_leggings":11,"minecraft:iron_shovel":395,"minecraft:oak_sign":3,"minecraft:shield":101,"minecraft:iron_sword":227,"minecraft:nether_wart":20,"minecraft:iron_chestplate":4,"minecraft:nether_bricks":78,"minecraft:carrot":1147,"minecraft:tuff":2,"minecraft:obsidian":10,"minecraft:milk_bucket":1,"minecraft:lantern":2,"minecraft:iron_helmet":3,"minecraft:crimson_roots":3,"minecraft:stone_bricks":13,"minecraft:birch_button":4,"minecraft:warped_fungus":2,"minecraft:golden_boots":1,"minecraft:diamond_boots":10,"minecraft:wither_skeleton_skull":2,"minecraft:birch_leaves":14,"minecraft:stone_pickaxe":59,"minecraft:oak_planks":46,"minecraft:ender_pearl":42,"minecraft:sugar_cane":95,"minecraft:diamond_axe":3798,"minecraft:chainmail_helmet":1,"minecraft:end_stone_brick_slab":303,"minecraft:blue_bed":5,"minecraft:white_wool":5,"minecraft:crossbow":15,"minecraft:dripstone_block":1,"minecraft:end_stone":1,"minecraft:shears":536,"minecraft:firework_rocket":25,"minecraft:bread":28,"minecraft:string":10,"minecraft:gravel":53,"minecraft:andesite":12,"minecraft:chest_minecart":1,"minecraft:air":3,"minecraft:bone_meal":227,"minecraft:purpur_block":9,"minecraft:flint_and_steel":65,"minecraft:spruce_planks":54,"minecraft:wooden_shovel":2,"minecraft:stone_hoe":19,"minecraft:spyglass":86,"minecraft:dirt":858,"minecraft:diamond_helmet":8,"minecraft:bee_nest":1,"minecraft:raw_iron_block":2,"minecraft:golden_chestplate":1,"minecraft:granite":4,"minecraft:iron_hoe":684,"minecraft:iron_boots":4,"minecraft:golden_carrot":7,"minecraft:soul_soil":40,"minecraft:minecart":1,"minecraft:pumpkin":27,"minecraft:iron_leggings":4,"minecraft:beetroot_soup":1,"minecraft:cooked_mutton":4,"minecraft:snow_block":87,"minecraft:glass_bottle":30,"minecraft:baked_potato":496,"minecraft:beacon":1,"minecraft:stonecutter":1,"minecraft:spider_eye":1,"minecraft:smoker":6,"minecraft:piston":5,"minecraft:black_wool":1,"minecraft:apple":13,"minecraft:stone_axe":207,"minecraft:magenta_banner":1,"minecraft:crimson_fungus":2,"minecraft:white_banner":3,"minecraft:bucket":229,"minecraft:yellow_bed":4,"minecraft:splash_potion":1}},"DataVersion":3465}