{"stats":{"minecraft:broken":{"minecraft:shears":2,"minecraft:golden_chestplate":1,"minecraft:iron_hoe":3,"minecraft:shield":1,"minecraft:iron_pickaxe":2},"minecraft:custom":{"minecraft:open_barrel":2,"minecraft:interact_with_crafting_table":113,"minecraft:open_shulker_box":7,"minecraft:bell_ring":3,"minecraft:leave_game":17,"minecraft:time_since_death":50261,"minecraft:sprint_one_cm":4881289,"minecraft:damage_blocked_by_shield":5605,"minecraft:drop":332,"minecraft:talked_to_villager":400,"minecraft:play_time":1260507,"minecraft:deaths":74,"minecraft:jump":28370,"minecraft:interact_with_brewingstand":3,"minecraft:walk_on_water_one_cm":133518,"minecraft:interact_with_furnace":41,"minecraft:traded_with_villager":483,"minecraft:sleep_in_bed":64,"minecraft:open_enderchest":5,"minecraft:damage_dealt":97996,"minecraft:interact_with_beacon":5,"minecraft:crouch_one_cm":191325,"minecraft:horse_one_cm":293,"minecraft:interact_with_smoker":55,"minecraft:interact_with_anvil":35,"minecraft:mob_kills":410,"minecraft:climb_one_cm":78247,"minecraft:walk_one_cm":2764975,"minecraft:raid_win":2,"minecraft:sneak_time":70015,"minecraft:walk_under_water_one_cm":108775,"minecraft:boat_one_cm":258246,"minecraft:interact_with_blast_furnace":1,"minecraft:total_world_time":1260507,"minecraft:interact_with_grindstone":4,"minecraft:interact_with_stonecutter":4,"minecraft:time_since_rest":3005,"minecraft:damage_taken":39139,"minecraft:swim_one_cm":48255,"minecraft:fly_one_cm":6983857,"minecraft:open_chest":362,"minecraft:aviate_one_cm":773516,"minecraft:fall_one_cm":849319},"minecraft:mined":{"minecraft:large_amethyst_bud":1,"minecraft:spruce_planks":5,"minecraft:white_bed":12,"minecraft:brewing_stand":1,"minecraft:obsidian":17,"minecraft:carved_pumpkin":9,"minecraft:spruce_trapdoor":1,"minecraft:granite":10,"minecraft:grass_block":572,"minecraft:yellow_carpet":4,"minecraft:oak_pressure_plate":1,"minecraft:soul_soil":32,"minecraft:purpur_slab":1,"minecraft:composter":5,"minecraft:spawner":3,"minecraft:weeping_vines_plant":2,"minecraft:raw_iron_block":4,"minecraft:barrel":1,"minecraft:glowstone":5,"minecraft:iron_ore":33,"minecraft:fire":21,"minecraft:cobbled_deepslate":3,"minecraft:pumpkin":27,"minecraft:anvil":1,"minecraft:deepslate_lapis_ore":7,"minecraft:pointed_dripstone":2,"minecraft:dirt_path":21,"minecraft:oak_stairs":64,"minecraft:end_stone_bricks":9,"minecraft:iron_block":50,"minecraft:spruce_slab":1,"minecraft:piston_head":1,"minecraft:deepslate_redstone_ore":18,"minecraft:magenta_wall_banner":2,"minecraft:red_bed":7,"minecraft:crimson_nylium":8,"minecraft:smoker":2,"minecraft:soul_fire":7,"minecraft:amethyst_cluster":1,"minecraft:torch":22,"minecraft:end_stone_brick_slab":9,"minecraft:calcite":2,"minecraft:poppy":6,"minecraft:beacon":1,"minecraft:chest":3,"minecraft:cobblestone":90,"minecraft:oak_planks":50,"minecraft:sugar_cane":113,"minecraft:grindstone":1,"minecraft:iron_door":1,"minecraft:wall_torch":2,"minecraft:amethyst_block":3,"minecraft:powered_rail":1,"minecraft:nether_wart_block":2,"minecraft:birch_log":20,"minecraft:wheat":45,"minecraft:black_bed":2,"minecraft:purpur_block":12,"minecraft:smooth_stone_slab":1,"minecraft:yellow_stained_glass_pane":1,"minecraft:grass":359,"minecraft:oak_log":135,"minecraft:beetroots":1,"minecraft:birch_button":3,"minecraft:sand":36,"minecraft:dirt":216,"minecraft:piston":2,"minecraft:deepslate":233,"minecraft:wither_skeleton_skull":1,"minecraft:smooth_basalt":2,"minecraft:stonecutter":1,"minecraft:netherrack":213,"minecraft:oak_leaves":1207,"minecraft:nether_gold_ore":51,"minecraft:tuff":6,"minecraft:mossy_cobblestone":5,"minecraft:deepslate_diamond_ore":19,"minecraft:oak_door":1,"minecraft:end_stone":143,"minecraft:nether_bricks":90,"minecraft:ladder":2,"minecraft:weeping_vines":1,"minecraft:crimson_roots":10,"minecraft:orange_shulker_box":1,"minecraft:spruce_leaves":83,"minecraft:cartography_table":1,"minecraft:crimson_stem":6,"minecraft:oak_trapdoor":6,"minecraft:spruce_sapling":29,"minecraft:furnace":5,"minecraft:carrots":905,"minecraft:snow":356,"minecraft:andesite":18,"minecraft:stripped_spruce_log":1,"minecraft:nether_brick_fence":8,"minecraft:potatoes":826,"minecraft:deepslate_iron_ore":51,"minecraft:rail":74,"minecraft:lantern":1,"minecraft:chorus_plant":8,"minecraft:stone":266,"minecraft:bone_block":23,"minecraft:white_wool":3,"minecraft:podzol":23,"minecraft:oak_slab":9,"minecraft:glass_pane":10,"minecraft:magenta_stained_glass":13,"minecraft:infested_stone_bricks":2,"minecraft:snow_block":22,"minecraft:basalt":7,"minecraft:dandelion":4,"minecraft:oak_fence":5,"minecraft:crafting_table":15,"minecraft:lectern":184,"minecraft:copper_ore":2,"minecraft:purpur_pillar":9,"minecraft:tall_grass":21,"minecraft:lapis_ore":1,"minecraft:deepslate_gold_ore":46,"minecraft:blue_bed":1,"minecraft:birch_planks":1,"minecraft:ice":11,"minecraft:white_carpet":4,"minecraft:spruce_log":2283,"minecraft:birch_leaves":31,"minecraft:bee_nest":1,"minecraft:yellow_bed":4,"minecraft:coal_ore":129,"minecraft:end_rod":6,"minecraft:gravel":16,"minecraft:dripstone_block":3,"minecraft:cobweb":4,"minecraft:cracked_stone_bricks":7,"minecraft:stone_bricks":20,"minecraft:mossy_stone_bricks":7,"minecraft:fern":1},"minecraft:picked_up":{"minecraft:shulker_shell":8,"minecraft:iron_chestplate":5,"minecraft:wheat":42,"minecraft:chainmail_boots":2,"minecraft:nether_brick_fence":7,"minecraft:anvil":1,"minecraft:diamond_sword":9,"minecraft:oak_stairs":63,"minecraft:enchanted_book":8,"minecraft:potion":15,"minecraft:birch_button":4,"minecraft:nether_brick":14,"minecraft:brewing_stand":1,"minecraft:golden_sword":2,"minecraft:amethyst_block":3,"minecraft:string":581,"minecraft:soul_soil":32,"minecraft:raw_copper":10,"minecraft:smooth_stone_slab":1,"minecraft:iron_leggings":6,"minecraft:oak_sign":1,"minecraft:beetroot":2,"minecraft:diamond_leggings":19,"minecraft:gold_nugget":455,"minecraft:cobbled_deepslate":268,"minecraft:bucket":5,"minecraft:spruce_planks":46,"minecraft:rose_bush":21,"minecraft:ender_eye":2,"minecraft:calcite":2,"minecraft:iron_pickaxe":7,"minecraft:wooden_shovel":3,"minecraft:iron_boots":7,"minecraft:furnace":7,"minecraft:golden_helmet":2,"minecraft:tipped_arrow":3,"minecraft:stick":354,"minecraft:orange_shulker_box":1,"minecraft:composter":5,"minecraft:oak_fence":7,"minecraft:torch":44,"minecraft:purpur_pillar":9,"minecraft:porkchop":48,"minecraft:pointed_dripstone":3,"minecraft:golden_chestplate":2,"minecraft:goat_horn":1,"minecraft:stone_sword":9,"minecraft:rotten_flesh":168,"minecraft:iron_block":61,"minecraft:carved_pumpkin":38,"minecraft:end_rod":6,"minecraft:blaze_rod":45,"minecraft:obsidian":17,"minecraft:snowball":601,"minecraft:cobblestone":420,"minecraft:birch_log":32,"minecraft:leather_chestplate":1,"minecraft:feather":4,"minecraft:magma_cream":5,"minecraft:andesite":24,"minecraft:iron_door":1,"minecraft:water_bucket":8,"minecraft:golden_leggings":1,"minecraft:potato":2997,"minecraft:beacon":1,"minecraft:smoker":2,"minecraft:flint":2,"minecraft:tuff":9,"minecraft:wither_skeleton_skull":4,"minecraft:lapis_lazuli":110,"minecraft:dirt":1351,"minecraft:lantern":9,"minecraft:name_tag":2,"minecraft:leather_boots":1,"minecraft:bone":232,"minecraft:stonecutter":1,"minecraft:bow":12,"minecraft:wheat_seeds":329,"minecraft:raw_gold":78,"minecraft:grindstone":1,"minecraft:mossy_stone_bricks":7,"minecraft:diamond_helmet":17,"minecraft:glowstone_dust":28,"minecraft:powered_rail":2,"minecraft:oak_planks":120,"minecraft:stone_hoe":6,"minecraft:ghast_tear":1,"minecraft:cooked_porkchop":10,"minecraft:poisonous_potato":14,"minecraft:sand":36,"minecraft:stripped_spruce_log":1,"minecraft:grass_block":1,"minecraft:barrel":1,"minecraft:spectral_arrow":13,"minecraft:mossy_cobblestone":15,"minecraft:diamond":57,"minecraft:crossbow":20,"minecraft:granite":13,"minecraft:bone_meal":221,"minecraft:golden_apple":1,"minecraft:bread":36,"minecraft:chainmail_helmet":5,"minecraft:emerald":86,"minecraft:oak_sapling":53,"minecraft:netherrack":300,"minecraft:chorus_fruit":105,"minecraft:oak_leaves":714,"minecraft:crimson_roots":9,"minecraft:diamond_pickaxe":4,"minecraft:end_stone_bricks":10,"minecraft:spruce_leaves":3,"minecraft:crafting_table":16,"minecraft:bee_nest":1,"minecraft:splash_potion":1,"minecraft:chicken":6,"minecraft:ladder":3,"minecraft:chest_minecart":2,"minecraft:leather_leggings":1,"minecraft:dragon_head":1,"minecraft:purpur_block":9,"minecraft:shield":5,"minecraft:red_bed":7,"minecraft:elytra":1,"minecraft:iron_axe":4,"minecraft:flint_and_steel":4,"minecraft:iron_shovel":4,"minecraft:blackstone":8,"minecraft:cracked_stone_bricks":7,"minecraft:cartography_table":1,"minecraft:beef":5,"minecraft:oak_boat":3,"minecraft:poppy":32,"minecraft:spruce_slab":3,"minecraft:lectern":187,"minecraft:sugar_cane":158,"minecraft:chest":3,"minecraft:birch_sapling":1,"minecraft:piston":5,"minecraft:spruce_trapdoor":2,"minecraft:egg":21,"minecraft:raw_iron":169,"minecraft:end_stone":145,"minecraft:oak_door":1,"minecraft:carrot":3540,"minecraft:redstone":283,"minecraft:iron_horse_armor":1,"minecraft:arrow":505,"minecraft:weeping_vines":3,"minecraft:diamond_chestplate":14,"minecraft:beetroot_seeds":10,"minecraft:nether_bricks":100,"minecraft:shears":4,"minecraft:diamond_boots":20,"minecraft:purpur_slab":1,"minecraft:saddle":13,"minecraft:gold_ingot":3,"minecraft:totem_of_undying":3,"minecraft:mutton":9,"minecraft:white_wool":10,"minecraft:bone_block":22,"minecraft:rail":434,"minecraft:birch_leaves":18,"minecraft:basalt":6,"minecraft:crimson_stem":6,"minecraft:magenta_banner":1,"minecraft:leather":27,"minecraft:birch_planks":5,"minecraft:oak_log":144,"minecraft:chainmail_chestplate":3,"minecraft:golden_boots":3,"minecraft:yellow_bed":4,"minecraft:nether_wart_block":3,"minecraft:gunpowder":125,"minecraft:blue_bed":2,"minecraft:paper":1,"minecraft:white_banner":31,"minecraft:cooked_mutton":6,"minecraft:apple":8,"minecraft:stone_bricks":19,"minecraft:iron_ingot":320,"minecraft:glass_bottle":60,"minecraft:iron_sword":14,"minecraft:soul_sand":36,"minecraft:book":9,"minecraft:oak_slab":9,"minecraft:smooth_basalt":2,"minecraft:warped_fungus":1,"minecraft:pumpkin":27,"minecraft:quartz":5,"minecraft:dandelion":6,"minecraft:raw_iron_block":4,"minecraft:dripstone_block":4,"minecraft:gravel":57,"minecraft:amethyst_shard":4,"minecraft:spruce_sapling":176,"minecraft:white_bed":12,"minecraft:spruce_log":2276,"minecraft:crying_obsidian":1,"minecraft:spider_eye":34,"minecraft:dragon_egg":1,"minecraft:firework_rocket":10,"minecraft:diamond_shovel":4,"minecraft:pumpkin_seeds":55,"minecraft:stone_axe":2,"minecraft:chainmail_leggings":2,"minecraft:iron_helmet":4,"minecraft:diamond_axe":24,"minecraft:baked_potato":276,"minecraft:end_stone_brick_slab":15,"minecraft:coal":367,"minecraft:ender_pearl":60},"minecraft:killed_by":{"minecraft:ghast":1,"minecraft:wither_skeleton":4,"minecraft:creeper":3,"minecraft:pillager":1,"minecraft:ravager":10,"minecraft:vindicator":21,"minecraft:cave_spider":3,"minecraft:blaze":1,"minecraft:zombie":8,"minecraft:vex":1,"minecraft:iron_golem":10,"minecraft:hoglin":2,"minecraft:skeleton":2},"minecraft:used":{"minecraft:iron_shovel":368,"minecraft:spruce_slab":1,"minecraft:oak_sign":3,"minecraft:elytra":34,"minecraft:ladder":3,"minecraft:poppy":26,"minecraft:chest":9,"minecraft:shield":101,"minecraft:iron_sword":198,"minecraft:rotten_flesh":1,"minecraft:iron_chestplate":4,"minecraft:soul_sand":6,"minecraft:nether_bricks":76,"minecraft:carrot":1046,"minecraft:tuff":2,"minecraft:obsidian":10,"minecraft:snowball":190,"minecraft:weeping_vines":1,"minecraft:milk_bucket":1,"minecraft:spruce_boat":1,"minecraft:lava_bucket":3,"minecraft:grass_block":1,"minecraft:lantern":2,"minecraft:birch_sapling":1,"minecraft:orange_shulker_box":2,"minecraft:iron_helmet":3,"minecraft:crimson_roots":3,"minecraft:stone_bricks":13,"minecraft:birch_button":4,"minecraft:bow":252,"minecraft:warped_fungus":2,"minecraft:oak_sapling":7,"minecraft:furnace":6,"minecraft:egg":17,"minecraft:composter":3,"minecraft:birch_leaves":14,"minecraft:potato":867,"minecraft:oak_planks":46,"minecraft:dragon_head":1,"minecraft:sugar_cane":85,"minecraft:stone_pickaxe":59,"minecraft:golden_boots":1,"minecraft:powered_rail":2,"minecraft:wither_skeleton_skull":2,"minecraft:diamond_boots":10,"minecraft:end_stone_bricks":10,"minecraft:mossy_stone_bricks":6,"minecraft:spruce_door":1,"minecraft:ender_pearl":42,"minecraft:chorus_fruit":79,"minecraft:diamond_axe":2760,"minecraft:wooden_pickaxe":19,"minecraft:end_stone_brick_slab":303,"minecraft:blue_bed":1,"minecraft:chainmail_helmet":1,"minecraft:purpur_pillar":4,"minecraft:white_wool":5,"minecraft:oak_leaves":460,"minecraft:sand":10,"minecraft:crossbow":5,"minecraft:dripstone_block":1,"minecraft:end_stone":1,"minecraft:shears":535,"minecraft:firework_rocket":23,"minecraft:crying_obsidian":1,"minecraft:bread":28,"minecraft:lectern":182,"minecraft:gravel":19,"minecraft:diamond_sword":939,"minecraft:nether_wart_block":1,"minecraft:andesite":12,"minecraft:poisonous_potato":1,"minecraft:chest_minecart":1,"minecraft:air":3,"minecraft:purpur_block":9,"minecraft:oak_boat":3,"minecraft:bone_meal":227,"minecraft:stone_sword":21,"minecraft:flint_and_steel":1,"minecraft:carved_pumpkin":37,"minecraft:armor_stand":1,"minecraft:spruce_planks":54,"minecraft:stone_hoe":19,"minecraft:wooden_shovel":2,"minecraft:netherrack":84,"minecraft:spyglass":86,"minecraft:anvil":3,"minecraft:dirt":714,"minecraft:torch":39,"minecraft:dragon_egg":1,"minecraft:diamond_helmet":8,"minecraft:raw_iron_block":2,"minecraft:golden_chestplate":1,"minecraft:bee_nest":1,"minecraft:granite":4,"minecraft:iron_hoe":679,"minecraft:iron_axe":253,"minecraft:iron_block":43,"minecraft:iron_boots":4,"minecraft:barrel":1,"minecraft:diamond_chestplate":39,"minecraft:basalt":6,"minecraft:soul_soil":1,"minecraft:goat_horn":5,"minecraft:beetroot_soup":1,"minecraft:pumpkin":27,"minecraft:cobbled_deepslate":170,"minecraft:iron_leggings":4,"minecraft:pointed_dripstone":2,"minecraft:calcite":2,"minecraft:cooked_mutton":4,"minecraft:wheat_seeds":12,"minecraft:water_bucket":185,"minecraft:snow_block":87,"minecraft:glass_bottle":24,"minecraft:baked_potato":356,"minecraft:beacon":1,"minecraft:stonecutter":1,"minecraft:cracked_stone_bricks":4,"minecraft:rail":14,"minecraft:crafting_table":16,"minecraft:red_bed":7,"minecraft:spider_eye":1,"minecraft:white_bed":24,"minecraft:spruce_log":56,"minecraft:smoker":4,"minecraft:oak_log":6,"minecraft:piston":5,"minecraft:diamond_pickaxe":1212,"minecraft:apple":1,"minecraft:diamond_shovel":807,"minecraft:iron_pickaxe":485,"minecraft:spruce_trapdoor":10,"minecraft:spruce_sapling":147,"minecraft:stone_axe":207,"minecraft:magenta_banner":1,"minecraft:crimson_fungus":2,"minecraft:cobblestone":182,"minecraft:potion":27,"minecraft:porkchop":5,"minecraft:white_banner":3,"minecraft:bucket":192,"minecraft:yellow_bed":4,"minecraft:dandelion":2,"minecraft:diamond_leggings":11,"minecraft:splash_potion":1},"minecraft:killed":{"minecraft:zombified_piglin":1,"minecraft:witch":3,"minecraft:spider":20,"minecraft:shulker":24,"minecraft:skeleton":58,"minecraft:chicken":2,"minecraft:silverfish":2,"minecraft:magma_cube":21,"minecraft:piglin":7,"minecraft:pig":3,"minecraft:iron_golem":28,"minecraft:creeper":36,"minecraft:sheep":7,"minecraft:pillager":18,"minecraft:zombie":63,"minecraft:ghast":5,"minecraft:stray":5,"minecraft:blaze":16,"minecraft:cow":2,"minecraft:vex":5,"minecraft:vindicator":9,"minecraft:snow_golem":2,"minecraft:bat":2,"minecraft:ravager":2,"minecraft:hoglin":13,"minecraft:wither_skeleton":17,"minecraft:villager":1,"minecraft:enderman":26},"minecraft:dropped":{"minecraft:porkchop":6,"minecraft:diamond_axe":2,"minecraft:baked_potato":16,"minecraft:chorus_fruit":7,"minecraft:ender_pearl":14,"minecraft:glass_bottle":7,"minecraft:diamond":3,"minecraft:cooked_porkchop":5,"minecraft:weeping_vines":2,"minecraft:leather":3,"minecraft:cracked_stone_bricks":3,"minecraft:rail":74,"minecraft:emerald":43,"minecraft:dirt":55,"minecraft:mutton":4,"minecraft:crimson_roots":5,"minecraft:gold_nugget":8,"minecraft:white_wool":72,"minecraft:blue_bed":1,"minecraft:gold_ingot":31,"minecraft:bone":4,"minecraft:stone_axe":1,"minecraft:goat_horn":1,"minecraft:cobbled_deepslate":4,"minecraft:nether_brick":4,"minecraft:obsidian":7,"minecraft:pointed_dripstone":1,"minecraft:beetroot":1,"minecraft:grindstone":1,"minecraft:rotten_flesh":15,"minecraft:diamond_shovel":1,"minecraft:white_bed":4,"minecraft:carrot":1618,"minecraft:chainmail_chestplate":1,"minecraft:poppy":2,"minecraft:leather_chestplate":1,"minecraft:tipped_arrow":1,"minecraft:gunpowder":6,"minecraft:beetroot_seeds":4,"minecraft:arrow":1,"minecraft:oak_leaves":57,"minecraft:firework_rocket":14,"minecraft:cartography_table":1,"minecraft:lectern":2,"minecraft:egg":1,"minecraft:enchanted_book":1,"minecraft:water_bucket":1,"minecraft:iron_ingot":15,"minecraft:bread":8,"minecraft:oak_slab":9,"minecraft:wheat_seeds":62,"minecraft:golden_helmet":1,"minecraft:mossy_cobblestone":5,"minecraft:dripstone_block":3,"minecraft:diamond_leggings":2,"minecraft:poisonous_potato":2,"minecraft:iron_helmet":1,"minecraft:oak_fence":2,"minecraft:feather":3,"minecraft:cobblestone":1,"minecraft:book":5,"minecraft:apple":5,"minecraft:granite":7,"minecraft:chainmail_helmet":2,"minecraft:coal":12,"minecraft:stick":2,"minecraft:lava_bucket":1,"minecraft:brewing_stand":1,"minecraft:nether_wart_block":1,"minecraft:iron_door":1,"minecraft:diamond_helmet":4,"minecraft:potion":2,"minecraft:iron_leggings":1,"minecraft:iron_axe":1,"minecraft:iron_shovel":3,"minecraft:paper":1,"minecraft:string":4,"minecraft:tripwire_hook":2,"minecraft:bucket":1,"minecraft:redstone":51,"minecraft:spruce_sapling":2,"minecraft:dandelion":1,"minecraft:stone_sword":2,"minecraft:blaze_rod":5,"minecraft:bowl":1,"minecraft:composter":2,"minecraft:chicken":4,"minecraft:wither_skeleton_skull":2,"minecraft:iron_boots":3,"minecraft:shears":1,"minecraft:diamond_sword":3,"minecraft:potato":1144,"minecraft:shield":2,"minecraft:diamond_chestplate":1,"minecraft:iron_chestplate":1,"minecraft:andesite":10,"minecraft:mossy_stone_bricks":1,"minecraft:golden_leggings":1,"minecraft:wooden_shovel":4,"minecraft:spider_eye":7,"minecraft:stone_bricks":6,"minecraft:diamond_boots":1,"minecraft:bow":3,"minecraft:wooden_pickaxe":1,"minecraft:magma_cream":5},"minecraft:crafted":{"minecraft:smooth_stone":6,"minecraft:oak_planks":420,"minecraft:oak_sign":3,"minecraft:stone":6,"minecraft:diamond_shovel":1,"minecraft:shulker_box":1,"minecraft:cooked_mutton":5,"minecraft:diamond_helmet":1,"minecraft:bow":1,"minecraft:diamond_leggings":1,"minecraft:iron_boots":1,"minecraft:chest":7,"minecraft:rail":32,"minecraft:birch_button":1,"minecraft:stone_hoe":1,"minecraft:smoker":2,"minecraft:wooden_shovel":2,"minecraft:arrow":144,"minecraft:emerald":457,"minecraft:cooked_porkchop":5,"minecraft:diamond_axe":2,"minecraft:crafting_table":5,"minecraft:spruce_planks":6664,"minecraft:iron_helmet":1,"minecraft:wooden_pickaxe":2,"minecraft:baked_potato":471,"minecraft:spruce_door":3,"minecraft:copper_ingot":2,"minecraft:birch_planks":68,"minecraft:end_stone_brick_slab":288,"minecraft:spruce_trapdoor":10,"minecraft:iron_chestplate":1,"minecraft:book":3,"minecraft:paper":18,"minecraft:diamond_pickaxe":2,"minecraft:yellow_dye":1,"minecraft:shield":5,"minecraft:stick":13781,"minecraft:iron_ingot":62,"minecraft:iron_pickaxe":4,"minecraft:iron_block":17,"minecraft:stone_sword":4,"minecraft:snow_block":87,"minecraft:gold_ingot":53,"minecraft:shears":5,"minecraft:tripwire_hook":2,"minecraft:orange_shulker_box":1,"minecraft:spyglass":1,"minecraft:furnace":8,"minecraft:blast_furnace":1,"minecraft:piston":1,"minecraft:bone_meal":6,"minecraft:end_stone_bricks":144,"minecraft:iron_hoe":2,"minecraft:stone_pickaxe":2,"minecraft:diamond_boots":1,"minecraft:spruce_boat":1,"minecraft:minecart":1,"minecraft:red_dye":1,"minecraft:crimson_planks":24,"minecraft:crossbow":1,"minecraft:diamond_sword":1,"minecraft:iron_sword":2,"minecraft:bucket":7,"minecraft:stone_axe":3,"minecraft:glowstone":1,"minecraft:enchanted_book":6,"minecraft:orange_dye":2,"minecraft:bread":12,"minecraft:air":0,"minecraft:oak_boat":1,"minecraft:white_wool":126,"minecraft:anvil":2,"minecraft:iron_shovel":2,"minecraft:iron_leggings":2,"minecraft:armor_stand":1,"minecraft:white_bed":17,"minecraft:torch":32,"minecraft:diamond_chestplate":1,"minecraft:firework_rocket":27}},"DataVersion":3465}