{"stats":{"minecraft:broken":{"minecraft:stone_pickaxe":2,"minecraft:stone_axe":1},"minecraft:custom":{"minecraft:interact_with_furnace":35,"minecraft:mob_kills":13,"minecraft:interact_with_crafting_table":30,"minecraft:interact_with_stonecutter":9,"minecraft:time_since_death":2012,"minecraft:sleep_in_bed":6,"minecraft:climb_one_cm":1200,"minecraft:time_since_rest":2043,"minecraft:sprint_one_cm":235796,"minecraft:walk_one_cm":124600,"minecraft:damage_taken":1262,"minecraft:drop":17,"minecraft:damage_dealt":2583,"minecraft:swim_one_cm":44204,"minecraft:talked_to_villager":3,"minecraft:fly_one_cm":317402,"minecraft:open_chest":15,"minecraft:crouch_one_cm":8610,"minecraft:play_time":71084,"minecraft:deaths":1,"minecraft:sneak_time":5162,"minecraft:walk_under_water_one_cm":9981,"minecraft:jump":1478,"minecraft:walk_on_water_one_cm":7734,"minecraft:total_world_time":71084,"minecraft:fall_one_cm":44623},"minecraft:mined":{"minecraft:white_bed":1,"minecraft:oak_door":3,"minecraft:crafting_table":2,"minecraft:torch":1,"minecraft:granite":2,"minecraft:grass_block":28,"minecraft:tall_grass":33,"minecraft:copper_ore":42,"minecraft:cobblestone":14,"minecraft:spruce_leaves":5,"minecraft:diorite":19,"minecraft:carrots":8,"minecraft:iron_ore":13,"minecraft:wheat":15,"minecraft:spruce_log":15,"minecraft:grass":376,"minecraft:pointed_dripstone":1,"minecraft:oak_log":85,"minecraft:potatoes":3,"minecraft:coal_ore":85,"minecraft:beetroots":1,"minecraft:dripstone_block":4,"minecraft:dirt":23,"minecraft:stone":317,"minecraft:oak_leaves":14},"minecraft:picked_up":{"minecraft:crafting_table":3,"minecraft:cooked_beef":5,"minecraft:water_bucket":1,"minecraft:leather":5,"minecraft:potato":5,"minecraft:stone_brick_stairs":7,"minecraft:oak_log":85,"minecraft:string":2,"minecraft:dirt":60,"minecraft:paper":1,"minecraft:raw_copper":155,"minecraft:iron_axe":1,"minecraft:iron_shovel":2,"minecraft:wheat_seeds":59,"minecraft:stone_pickaxe":1,"minecraft:iron_ingot":8,"minecraft:beef":12,"minecraft:poppy":2,"minecraft:iron_pickaxe":2,"minecraft:iron_boots":3,"minecraft:stick":55,"minecraft:raw_iron":16,"minecraft:oak_door":3,"minecraft:torch":39,"minecraft:dripstone_block":4,"minecraft:pointed_dripstone":3,"minecraft:white_bed":2,"minecraft:diorite":19,"minecraft:spruce_log":15,"minecraft:carrot":7,"minecraft:stone_shovel":1,"minecraft:rotten_flesh":6,"minecraft:diamond":3,"minecraft:beetroot_seeds":1,"minecraft:granite":2,"minecraft:bread":13,"minecraft:oak_sapling":7,"minecraft:coal":95,"minecraft:cobblestone":366},"minecraft:killed_by":{"minecraft:skeleton":1},"minecraft:used":{"minecraft:wheat_seeds":15,"minecraft:water_bucket":1,"minecraft:diorite":18,"minecraft:stone_shovel":49,"minecraft:stone_pickaxe":378,"minecraft:oak_sign":1,"minecraft:chest":4,"minecraft:wooden_pickaxe":8,"minecraft:stonecutter":1,"minecraft:oak_door":3,"minecraft:torch":28,"minecraft:dirt":23,"minecraft:cut_copper":32,"minecraft:crafting_table":4,"minecraft:carrot":4,"minecraft:white_bed":2,"minecraft:campfire":1,"minecraft:granite":1,"minecraft:iron_axe":16,"minecraft:bread":10,"minecraft:iron_pickaxe":111,"minecraft:stone_brick_stairs":50,"minecraft:stone_axe":121,"minecraft:cobblestone":96,"minecraft:furnace":2,"minecraft:bucket":2,"minecraft:cooked_beef":9,"minecraft:potato":2},"minecraft:killed":{"minecraft:spider":1,"minecraft:iron_golem":1,"minecraft:skeleton":1,"minecraft:zombie":4,"minecraft:cow":4},"minecraft:dropped":{"minecraft:bread":10,"minecraft:diamond":5,"minecraft:iron_boots":2,"minecraft:apple":4,"minecraft:carrot":2,"minecraft:potato":2,"minecraft:paper":2},"minecraft:crafted":{"minecraft:cooked_beef":12,"minecraft:oak_door":3,"minecraft:oak_planks":208,"minecraft:stone_shovel":1,"minecraft:oak_sign":3,"minecraft:crafting_table":3,"minecraft:spruce_planks":60,"minecraft:wooden_pickaxe":1,"minecraft:furnace":2,"minecraft:copper_ingot":106,"minecraft:stone":64,"minecraft:bucket":1,"minecraft:campfire":1,"minecraft:stone_axe":1,"minecraft:air":0,"minecraft:cut_copper":12,"minecraft:shield":1,"minecraft:iron_axe":1,"minecraft:stick":176,"minecraft:iron_ingot":11,"minecraft:iron_pickaxe":2,"minecraft:stone_pickaxe":3,"minecraft:chest":4,"minecraft:stonecutter":1,"minecraft:copper_block":8,"minecraft:torch":64}},"DataVersion":3465}