{"stats":{"minecraft:broken":{"minecraft:shears":1,"minecraft:stone_pickaxe":3,"minecraft:iron_axe":1,"minecraft:stone_axe":1,"minecraft:iron_pickaxe":1},"minecraft:custom":{"minecraft:mob_kills":54,"minecraft:inspect_hopper":1,"minecraft:interact_with_crafting_table":65,"minecraft:interact_with_campfire":1,"minecraft:leave_game":1,"minecraft:time_since_death":50551,"minecraft:climb_one_cm":36310,"minecraft:sprint_one_cm":1076144,"minecraft:walk_one_cm":800453,"minecraft:damage_blocked_by_shield":240,"minecraft:drop":100,"minecraft:talked_to_villager":11,"minecraft:play_time":391661,"minecraft:deaths":18,"minecraft:sneak_time":12451,"minecraft:walk_under_water_one_cm":44203,"minecraft:jump":7926,"minecraft:walk_on_water_one_cm":28955,"minecraft:total_world_time":391661,"minecraft:interact_with_furnace":53,"minecraft:interact_with_stonecutter":11,"minecraft:sleep_in_bed":22,"minecraft:time_since_rest":25169,"minecraft:damage_taken":7145,"minecraft:damage_dealt":17786,"minecraft:swim_one_cm":53570,"minecraft:fly_one_cm":1776822,"minecraft:open_chest":92,"minecraft:crouch_one_cm":30143,"minecraft:fall_one_cm":243424},"minecraft:mined":{"minecraft:tuff":3,"minecraft:white_bed":2,"minecraft:oak_sapling":1,"minecraft:farmland":1,"minecraft:deepslate_diamond_ore":2,"minecraft:oak_door":3,"minecraft:granite":21,"minecraft:grass_block":487,"minecraft:spruce_leaves":5,"minecraft:crimson_fungus":1,"minecraft:composter":35,"minecraft:oak_trapdoor":2,"minecraft:carrots":50,"minecraft:iron_ore":19,"minecraft:fire":2,"minecraft:andesite":10,"minecraft:pointed_dripstone":7,"minecraft:potatoes":37,"minecraft:cobblestone_slab":2,"minecraft:rail":26,"minecraft:stone":822,"minecraft:deepslate_redstone_ore":3,"minecraft:crafting_table":6,"minecraft:torch":15,"minecraft:poppy":3,"minecraft:rose_bush":21,"minecraft:chest":1,"minecraft:cobblestone":16,"minecraft:tall_grass":37,"minecraft:copper_ore":42,"minecraft:deepslate_gold_ore":11,"minecraft:oak_planks":6,"minecraft:diorite":20,"minecraft:birch_log":36,"minecraft:wheat":16,"minecraft:spruce_log":15,"minecraft:birch_leaves":64,"minecraft:black_bed":7,"minecraft:grass":595,"minecraft:oak_log":241,"minecraft:coal_ore":127,"minecraft:beetroots":1,"minecraft:gravel":7,"minecraft:dripstone_block":5,"minecraft:dirt":194,"minecraft:deepslate":1,"minecraft:oak_leaves":288},"minecraft:picked_up":{"minecraft:iron_chestplate":7,"minecraft:crafting_table":18,"minecraft:wheat":2,"minecraft:chicken":2,"minecraft:ladder":31,"minecraft:stone_brick_stairs":7,"minecraft:shield":11,"minecraft:string":8,"minecraft:oak_trapdoor":17,"minecraft:raw_copper":155,"minecraft:iron_axe":18,"minecraft:flint_and_steel":11,"minecraft:iron_leggings":5,"minecraft:iron_shovel":8,"minecraft:oak_sign":9,"minecraft:cobbled_deepslate":1,"minecraft:bucket":4,"minecraft:beef":13,"minecraft:rose_bush":21,"minecraft:oak_boat":14,"minecraft:cobblestone_slab":32,"minecraft:wooden_shovel":1,"minecraft:poppy":19,"minecraft:iron_pickaxe":19,"minecraft:minecart":11,"minecraft:chest":7,"minecraft:birch_sapling":10,"minecraft:furnace":1,"minecraft:iron_boots":8,"minecraft:egg":8,"minecraft:stick":350,"minecraft:raw_iron":27,"minecraft:stone":2,"minecraft:oak_door":3,"minecraft:composter":47,"minecraft:copper_ingot":20,"minecraft:torch":344,"minecraft:pointed_dripstone":20,"minecraft:diorite":21,"minecraft:carrot":135,"minecraft:redstone":116,"minecraft:rotten_flesh":42,"minecraft:stone_shovel":5,"minecraft:arrow":20,"minecraft:beetroot_seeds":1,"minecraft:shears":4,"minecraft:iron_block":30,"minecraft:rail":386,"minecraft:white_wool":136,"minecraft:cobblestone":1504,"minecraft:birch_log":65,"minecraft:birch_leaves":61,"minecraft:cooked_beef":13,"minecraft:water_bucket":16,"minecraft:andesite":24,"minecraft:black_bed":13,"minecraft:leather":11,"minecraft:potato":130,"minecraft:flint":2,"minecraft:crimson_fungus":1,"minecraft:oak_log":475,"minecraft:gunpowder":2,"minecraft:paper":1,"minecraft:dirt":1680,"minecraft:bone":12,"minecraft:apple":3,"minecraft:wheat_seeds":263,"minecraft:raw_gold":11,"minecraft:stone_pickaxe":2,"minecraft:iron_ingot":169,"minecraft:iron_sword":1,"minecraft:stone_hoe":11,"minecraft:oak_planks":1541,"minecraft:oak_slab":13,"minecraft:cooked_porkchop":8,"minecraft:lava_bucket":2,"minecraft:poisonous_potato":2,"minecraft:dripstone_block":4,"minecraft:gravel":5,"minecraft:spruce_sapling":8,"minecraft:white_bed":7,"minecraft:spruce_log":15,"minecraft:spider_eye":5,"minecraft:diamond_shovel":1,"minecraft:diamond":5,"minecraft:iron_helmet":5,"minecraft:granite":39,"minecraft:grass":17,"minecraft:gray_wool":2,"minecraft:bread":37,"minecraft:oak_sapling":93,"minecraft:crimson_roots":1,"minecraft:black_wool":36,"minecraft:coal":137,"minecraft:oak_leaves":323,"minecraft:hopper":13},"minecraft:killed_by":{"minecraft:zombie_villager":1,"minecraft:creeper":1,"minecraft:iron_golem":2,"minecraft:skeleton":5},"minecraft:used":{"minecraft:oak_trapdoor":11,"minecraft:iron_shovel":455,"minecraft:flint_and_steel":3,"minecraft:stone_shovel":92,"minecraft:ladder":32,"minecraft:oak_sign":10,"minecraft:chest":7,"minecraft:shield":4,"minecraft:grass":8,"minecraft:rotten_flesh":15,"minecraft:stone_hoe":81,"minecraft:oak_door":3,"minecraft:torch":137,"minecraft:dirt":596,"minecraft:cut_copper":32,"minecraft:hopper":9,"minecraft:carrot":61,"minecraft:granite":2,"minecraft:oak_fence_gate":8,"minecraft:lava_bucket":16,"minecraft:iron_axe":415,"minecraft:stone_brick_stairs":56,"minecraft:furnace":2,"minecraft:minecart":2,"minecraft:cooked_beef":15,"minecraft:potato":117,"minecraft:wheat_seeds":16,"minecraft:water_bucket":60,"minecraft:diorite":18,"minecraft:birch_leaves":61,"minecraft:stone_pickaxe":393,"minecraft:baked_potato":7,"minecraft:oak_planks":3,"minecraft:wooden_pickaxe":8,"minecraft:composter":36,"minecraft:cobblestone_slab":6,"minecraft:stonecutter":1,"minecraft:oak_leaves":189,"minecraft:rail":26,"minecraft:oak_slab":2,"minecraft:crafting_table":9,"minecraft:white_bed":8,"minecraft:campfire":1,"minecraft:black_bed":11,"minecraft:shears":296,"minecraft:apple":2,"minecraft:diamond_shovel":11,"minecraft:chicken":1,"minecraft:bread":18,"minecraft:iron_pickaxe":747,"minecraft:stone_axe":121,"minecraft:cobblestone":121,"minecraft:cooked_porkchop":5,"minecraft:bucket":78,"minecraft:oak_boat":5,"minecraft:bone_meal":9},"minecraft:killed":{"minecraft:spider":5,"minecraft:skeleton":3,"minecraft:zombie_villager":1,"minecraft:iron_golem":9,"minecraft:creeper":1,"minecraft:zombie":27,"minecraft:cow":6},"minecraft:crafted":{"minecraft:oak_door":3,"minecraft:oak_planks":632,"minecraft:cobblestone_slab":14,"minecraft:stone_shovel":1,"minecraft:oak_sign":12,"minecraft:furnace":2,"minecraft:stone":64,"minecraft:bone_meal":9,"minecraft:flint_and_steel":2,"minecraft:oak_trapdoor":10,"minecraft:iron_boots":1,"minecraft:iron_axe":3,"minecraft:ladder":63,"minecraft:stone_pickaxe":3,"minecraft:chest":8,"minecraft:copper_block":8,"minecraft:stone_hoe":1,"minecraft:cooked_beef":12,"minecraft:oak_slab":12,"minecraft:crafting_table":5,"minecraft:spruce_planks":60,"minecraft:baked_potato":9,"minecraft:iron_helmet":1,"minecraft:wooden_pickaxe":1,"minecraft:copper_ingot":129,"minecraft:bucket":7,"minecraft:campfire":1,"minecraft:stone_axe":1,"minecraft:air":0,"minecraft:cut_copper":12,"minecraft:oak_fence_gate":8,"minecraft:oak_boat":4,"minecraft:iron_chestplate":1,"minecraft:shield":2,"minecraft:stick":468,"minecraft:iron_ingot":46,"minecraft:iron_pickaxe":4,"minecraft:iron_block":30,"minecraft:iron_leggings":1,"minecraft:iron_shovel":3,"minecraft:black_bed":4,"minecraft:stonecutter":1,"minecraft:white_bed":5,"minecraft:composter":1,"minecraft:torch":144,"minecraft:shears":2},"minecraft:dropped":{"minecraft:water_bucket":2,"minecraft:iron_ingot":113,"minecraft:bread":10,"minecraft:iron_sword":1,"minecraft:wheat_seeds":35,"minecraft:diamond":5,"minecraft:cobblestone":64,"minecraft:apple":4,"minecraft:coal":10,"minecraft:lava_bucket":1,"minecraft:dirt":50,"minecraft:iron_shovel":1,"minecraft:paper":2,"minecraft:bucket":2,"minecraft:furnace":1,"minecraft:crimson_fungus":1,"minecraft:chicken":1,"minecraft:oak_planks":8,"minecraft:iron_boots":2,"minecraft:diamond_shovel":1,"minecraft:shears":1,"minecraft:carrot":2,"minecraft:potato":2,"minecraft:stone":2,"minecraft:gunpowder":2,"minecraft:iron_chestplate":1,"minecraft:wooden_shovel":1,"minecraft:oak_sapling":1,"minecraft:oak_leaves":58}},"DataVersion":3465}