{"stats":{"minecraft:used":{"minecraft:spruce_slab":3,"minecraft:dispenser":11,"minecraft:ladder":56,"minecraft:elytra":34,"minecraft:chest":46,"minecraft:stone":7,"minecraft:rotten_flesh":24,"minecraft:soul_sand":21,"minecraft:cut_copper":32,"minecraft:snowball":29,"minecraft:spruce_boat":14,"minecraft:lava_bucket":22,"minecraft:quartz_pillar":2,"minecraft:stone_brick_stairs":56,"minecraft:bow":514,"minecraft:furnace":10,"minecraft:egg":5,"minecraft:potato":575,"minecraft:dragon_head":2,"minecraft:diorite":19,"minecraft:end_stone_bricks":8,"minecraft:red_stained_glass":478,"minecraft:chorus_fruit":80,"minecraft:blackstone":28,"minecraft:wooden_pickaxe":8,"minecraft:composter":40,"minecraft:purpur_pillar":2,"minecraft:oak_leaves":300,"minecraft:sand":162,"minecraft:blast_furnace":1,"minecraft:nether_wart_block":99,"minecraft:diamond_sword":2150,"minecraft:oak_boat":6,"minecraft:oak_trapdoor":11,"minecraft:enchanting_table":1,"minecraft:armor_stand":6,"minecraft:netherrack":911,"minecraft:torch":648,"minecraft:brewing_stand":1,"minecraft:anvil":3,"minecraft:oak_fence_gate":8,"minecraft:shroomlight":23,"minecraft:iron_block":114,"minecraft:iron_axe":732,"minecraft:spruce_button":1,"minecraft:totem_of_undying":1,"minecraft:bamboo":46,"minecraft:diamond_chestplate":32,"minecraft:tripwire_hook":4,"minecraft:goat_horn":9,"minecraft:cobbled_deepslate":109,"minecraft:observer":28,"minecraft:wheat_seeds":16,"minecraft:water_bucket":352,"minecraft:birch_planks":5,"minecraft:glow_ink_sac":1,"minecraft:rail":27,"minecraft:comparator":2,"minecraft:tnt":68,"minecraft:oak_slab":4,"minecraft:crafting_table":47,"minecraft:red_bed":2,"minecraft:campfire":1,"minecraft:white_bed":45,"minecraft:ender_eye":21,"minecraft:diamond_pickaxe":8252,"minecraft:diamond_shovel":930,"minecraft:iron_pickaxe":1486,"minecraft:suspicious_stew":1,"minecraft:spruce_trapdoor":1007,"minecraft:spruce_sapling":1,"minecraft:crimson_sign":1,"minecraft:chiseled_stone_bricks":12,"minecraft:cobblestone":2205,"minecraft:potion":7,"minecraft:cooked_porkchop":15,"minecraft:kelp":125,"minecraft:diamond_leggings":1,"minecraft:iron_shovel":1335,"minecraft:diamond_hoe":28,"minecraft:oak_sign":10,"minecraft:shield":210,"minecraft:iron_sword":52,"minecraft:nether_wart":20,"minecraft:grass":8,"minecraft:soul_campfire":9,"minecraft:mutton":2,"minecraft:carrot":92,"minecraft:obsidian":12,"minecraft:milk_bucket":1,"minecraft:iron_helmet":1,"minecraft:item_frame":15,"minecraft:repeater":26,"minecraft:magma_block":4,"minecraft:warped_fungus":9,"minecraft:scaffolding":190,"minecraft:blue_shulker_box":75,"minecraft:diamond_boots":1,"minecraft:wither_skeleton_skull":2,"minecraft:birch_leaves":66,"minecraft:stone_pickaxe":393,"minecraft:oak_planks":13,"minecraft:ender_pearl":94,"minecraft:sugar_cane":50,"minecraft:end_stone_brick_slab":1147,"minecraft:diamond_axe":1673,"minecraft:blue_bed":2,"minecraft:crossbow":17,"minecraft:dripstone_block":6,"minecraft:black_bed":13,"minecraft:end_stone":295,"minecraft:shears":550,"minecraft:lever":1,"minecraft:firework_rocket":432,"minecraft:bread":19,"minecraft:string":6,"minecraft:gravel":1,"minecraft:golden_helmet":1,"minecraft:andesite":3,"minecraft:smooth_stone_slab":140,"minecraft:bone_meal":9,"minecraft:purpur_block":13,"minecraft:flint_and_steel":88,"minecraft:stone_shovel":92,"minecraft:redstone":5,"minecraft:spruce_planks":4,"minecraft:ender_chest":2,"minecraft:wooden_shovel":7,"minecraft:stone_hoe":81,"minecraft:oak_door":6,"minecraft:dirt":881,"minecraft:hopper":25,"minecraft:diamond_helmet":1,"minecraft:shulker_box":38,"minecraft:golden_chestplate":3,"minecraft:granite":2,"minecraft:iron_hoe":543,"minecraft:bookshelf":19,"minecraft:crimson_planks":28,"minecraft:emerald_block":4,"minecraft:minecart":2,"minecraft:cooked_beef":15,"minecraft:pumpkin":7,"minecraft:iron_leggings":5,"minecraft:cooked_mutton":2,"minecraft:glass_bottle":28,"minecraft:baked_potato":616,"minecraft:spruce_sign":2,"minecraft:beacon":1,"minecraft:stonecutter":2,"minecraft:cobblestone_slab":391,"minecraft:painting":1,"minecraft:smoker":1,"minecraft:apple":2,"minecraft:chicken":1,"minecraft:stone_axe":121,"minecraft:crimson_fungus":1,"minecraft:white_banner":9,"minecraft:bucket":390,"minecraft:yellow_bed":1,"minecraft:smooth_stone":11,"minecraft:splash_potion":1},"minecraft:killed":{"minecraft:shulker":65,"minecraft:skeleton":52,"minecraft:magma_cube":5,"minecraft:salmon":1,"minecraft:iron_golem":16,"minecraft:ender_dragon":1,"minecraft:pillager":409,"minecraft:zombie":124,"minecraft:glow_squid":2,"minecraft:cow":6,"minecraft:evoker":67,"minecraft:vindicator":307,"minecraft:snow_golem":14,"minecraft:wandering_trader":1,"minecraft:enderman":1748,"minecraft:zombified_piglin":2,"minecraft:witch":80,"minecraft:spider":25,"minecraft:silverfish":2,"minecraft:piglin":34,"minecraft:zombie_villager":2,"minecraft:creeper":22,"minecraft:sheep":4,"minecraft:trader_llama":2,"minecraft:stray":2,"minecraft:blaze":8,"minecraft:vex":5,"minecraft:drowned":1,"minecraft:hoglin":23,"minecraft:wither_skeleton":12},"minecraft:custom":{"minecraft:interact_with_crafting_table":320,"minecraft:leave_game":20,"minecraft:time_since_death":578073,"minecraft:damage_blocked_by_shield":14555,"minecraft:play_time":2890028,"minecraft:deaths":48,"minecraft:jump":41584,"minecraft:enchant_item":13,"minecraft:interact_with_furnace":177,"minecraft:traded_with_villager":413,"minecraft:sleep_in_bed":87,"minecraft:damage_dealt":136332,"minecraft:interact_with_smoker":53,"minecraft:inspect_dispenser":14,"minecraft:horse_one_cm":1314237,"minecraft:interact_with_anvil":30,"minecraft:inspect_hopper":37,"minecraft:sneak_time":162879,"minecraft:interact_with_blast_furnace":32,"minecraft:total_world_time":2890028,"minecraft:interact_with_stonecutter":23,"minecraft:time_since_rest":140463,"minecraft:swim_one_cm":360923,"minecraft:fly_one_cm":9584688,"minecraft:open_chest":1197,"minecraft:fall_one_cm":1241506,"minecraft:open_shulker_box":510,"minecraft:sprint_one_cm":5126607,"minecraft:drop":512,"minecraft:talked_to_villager":217,"minecraft:interact_with_brewingstand":20,"minecraft:walk_on_water_one_cm":251640,"minecraft:open_enderchest":55,"minecraft:interact_with_beacon":15,"minecraft:crouch_one_cm":569640,"minecraft:mob_kills":3074,"minecraft:interact_with_campfire":1,"minecraft:climb_one_cm":261018,"minecraft:walk_one_cm":4313201,"minecraft:raid_win":7,"minecraft:walk_under_water_one_cm":797049,"minecraft:boat_one_cm":70618,"minecraft:raid_trigger":20,"minecraft:damage_taken":43683,"minecraft:damage_absorbed":80,"minecraft:aviate_one_cm":16098694},"minecraft:mined":{"minecraft:dragon_wall_head":4,"minecraft:white_bed":29,"minecraft:carved_pumpkin":2,"minecraft:obsidian":48,"minecraft:granite":53,"minecraft:jungle_log":1,"minecraft:purpur_slab":2,"minecraft:crimson_fungus":19,"minecraft:nether_wart":2,"minecraft:spawner":3,"minecraft:weeping_vines_plant":15,"minecraft:tall_seagrass":4,"minecraft:magma_block":81,"minecraft:cobbled_deepslate":7,"minecraft:fire":49,"minecraft:pumpkin":7,"minecraft:deepslate_lapis_ore":31,"minecraft:oak_sign":1,"minecraft:iron_block":2,"minecraft:tripwire":2,"minecraft:red_bed":1,"minecraft:kelp_plant":27,"minecraft:crimson_nylium":170,"minecraft:soul_fire":44,"minecraft:amethyst_cluster":24,"minecraft:torch":60,"minecraft:sugar_cane":261,"minecraft:amethyst_block":3,"minecraft:wheat":16,"minecraft:black_bed":7,"minecraft:warped_fungus":11,"minecraft:stone_brick_stairs":1,"minecraft:grass":724,"minecraft:blue_shulker_box":69,"minecraft:stonecutter":1,"minecraft:deepslate":231,"minecraft:mossy_cobblestone":5,"minecraft:shulker_box":32,"minecraft:end_stone":1017,"minecraft:nether_bricks":47,"minecraft:dark_oak_fence":10,"minecraft:jungle_planks":1,"minecraft:crimson_roots":150,"minecraft:redstone_wire":2,"minecraft:kelp":7,"minecraft:redstone_ore":11,"minecraft:snow":150,"minecraft:andesite":104,"minecraft:potatoes":415,"minecraft:cobblestone_slab":10,"minecraft:rail":26,"minecraft:bamboo":322,"minecraft:white_wool":3,"minecraft:oak_slab":2,"minecraft:comparator":1,"minecraft:soul_sand":44,"minecraft:observer":18,"minecraft:cornflower":7,"minecraft:purpur_pillar":9,"minecraft:tall_grass":60,"minecraft:copper_ore":84,"minecraft:deepslate_gold_ore":79,"minecraft:diorite":60,"minecraft:spruce_log":1186,"minecraft:birch_leaves":74,"minecraft:gravel":85,"minecraft:dripstone_block":16,"minecraft:cobweb":21,"minecraft:stone_bricks":4,"minecraft:gold_ore":4,"minecraft:fern":1,"minecraft:oak_sapling":1,"minecraft:farmland":1,"minecraft:spruce_trapdoor":8,"minecraft:grass_block":696,"minecraft:composter":38,"minecraft:glowstone":24,"minecraft:iron_ore":31,"minecraft:pointed_dripstone":27,"minecraft:end_stone_bricks":17,"minecraft:spruce_slab":2,"minecraft:deepslate_redstone_ore":54,"minecraft:blackstone":32,"minecraft:purpur_stairs":5,"minecraft:end_stone_brick_slab":6,"minecraft:poppy":3,"minecraft:beacon":1,"minecraft:chest":7,"minecraft:nether_quartz_ore":207,"minecraft:cobblestone":134,"minecraft:oak_planks":12,"minecraft:iron_door":3,"minecraft:wall_torch":14,"minecraft:deepslate_copper_ore":1,"minecraft:seagrass":4,"minecraft:dark_oak_slab":1,"minecraft:nether_wart_block":447,"minecraft:birch_log":36,"minecraft:tnt":3,"minecraft:purpur_block":36,"minecraft:smooth_stone_slab":18,"minecraft:oak_log":262,"minecraft:beetroots":1,"minecraft:sand":1293,"minecraft:dirt":400,"minecraft:crimson_planks":5,"minecraft:tripwire_hook":4,"minecraft:netherrack":2992,"minecraft:ancient_debris":6,"minecraft:oak_leaves":574,"minecraft:emerald_block":3,"minecraft:nether_gold_ore":23,"minecraft:diamond_ore":2,"minecraft:tuff":30,"minecraft:deepslate_diamond_ore":42,"minecraft:oak_door":4,"minecraft:red_stained_glass":1,"minecraft:glow_lichen":1,"minecraft:weeping_vines":6,"minecraft:spruce_leaves":37,"minecraft:crimson_stem":122,"minecraft:large_fern":1,"minecraft:oak_trapdoor":2,"minecraft:furnace":1,"minecraft:carrots":50,"minecraft:bookshelf":91,"minecraft:deepslate_iron_ore":1,"minecraft:shroomlight":26,"minecraft:chorus_plant":9,"minecraft:stone":3494,"minecraft:scaffolding":58,"minecraft:magenta_stained_glass":2,"minecraft:crafting_table":32,"minecraft:rose_bush":21,"minecraft:lapis_ore":17,"minecraft:birch_planks":16,"minecraft:white_wall_banner":1,"minecraft:bee_nest":1,"minecraft:coal_ore":567,"minecraft:end_rod":3,"minecraft:cracked_stone_bricks":1},"minecraft:dropped":{"minecraft:iron_sword":3,"minecraft:porkchop":20,"minecraft:glass_bottle":65,"minecraft:diamond":24,"minecraft:crafting_table":1,"minecraft:crossbow":25,"minecraft:elytra":3,"minecraft:emerald":44,"minecraft:dirt":74,"minecraft:gold_nugget":39,"minecraft:sand":5,"minecraft:sugar":43,"minecraft:white_wool":12,"minecraft:bone":12,"minecraft:goat_horn":1,"minecraft:ancient_debris":1,"minecraft:iron_nugget":30,"minecraft:rotten_flesh":20,"minecraft:oak_planks":38,"minecraft:glowstone_dust":24,"minecraft:white_bed":1,"minecraft:quartz_block":27,"minecraft:spruce_slab":915,"minecraft:end_stone_bricks":2,"minecraft:enchanted_book":9,"minecraft:iron_ingot":113,"minecraft:wheat_seeds":39,"minecraft:tnt":46,"minecraft:dripstone_block":3,"minecraft:end_stone_brick_slab":2,"minecraft:book":13,"minecraft:iron_helmet":1,"minecraft:cobblestone":70,"minecraft:apple":5,"minecraft:granite":2,"minecraft:spruce_button":2,"minecraft:coal":10,"minecraft:end_rod":2,"minecraft:lava_bucket":1,"minecraft:diamond_horse_armor":1,"minecraft:gray_wool":2,"minecraft:diamond_helmet":1,"minecraft:potion":4,"minecraft:white_banner":60,"minecraft:iron_shovel":1,"minecraft:paper":2,"minecraft:string":38,"minecraft:furnace":1,"minecraft:bowl":1,"minecraft:chicken":1,"minecraft:iron_boots":3,"minecraft:name_tag":2,"minecraft:shears":2,"minecraft:diamond_sword":2,"minecraft:cobblestone_slab":1,"minecraft:potato":4,"minecraft:spruce_boat":1,"minecraft:stone":2,"minecraft:diamond_pickaxe":1,"minecraft:wooden_shovel":2,"minecraft:spider_eye":47,"minecraft:magma_block":29,"minecraft:warped_fungus":4,"minecraft:baked_potato":172,"minecraft:ender_pearl":801,"minecraft:nether_star":1,"minecraft:leather":1,"minecraft:flint":1,"minecraft:crimson_roots":2,"minecraft:snowball":16,"minecraft:gold_ingot":28,"minecraft:gravel":3,"minecraft:crimson_fungus":7,"minecraft:purpur_block":2,"minecraft:pointed_dripstone":12,"minecraft:diamond_shovel":2,"minecraft:carrot":132,"minecraft:poppy":5,"minecraft:gunpowder":225,"minecraft:iron_bars":2,"minecraft:arrow":1,"minecraft:scaffolding":15,"minecraft:oak_leaves":58,"minecraft:netherrack":1362,"minecraft:water_bucket":2,"minecraft:bread":10,"minecraft:mossy_cobblestone":1,"minecraft:stick":51,"minecraft:diorite":17,"minecraft:torch":31,"minecraft:nether_wart_block":1,"minecraft:iron_leggings":1,"minecraft:iron_axe":26,"minecraft:bucket":4,"minecraft:redstone":97,"minecraft:nether_wart":47,"minecraft:blaze_rod":35,"minecraft:raw_copper":23,"minecraft:tuff":5,"minecraft:composter":1,"minecraft:wither_skeleton_skull":1,"minecraft:ender_eye":2,"minecraft:totem_of_undying":3,"minecraft:dragon_egg":1,"minecraft:iron_chestplate":3,"minecraft:andesite":11,"minecraft:oak_sapling":1,"minecraft:golden_sword":2,"minecraft:diamond_boots":1,"minecraft:spruce_log":17,"minecraft:wooden_pickaxe":1},"minecraft:broken":{"minecraft:shears":2,"minecraft:iron_boots":1,"minecraft:iron_hoe":2,"minecraft:shield":2,"minecraft:iron_axe":1,"minecraft:iron_pickaxe":3,"minecraft:golden_helmet":1,"minecraft:iron_shovel":2,"minecraft:stone_pickaxe":3,"minecraft:stone_axe":1,"minecraft:flint_and_steel":1},"minecraft:killed_by":{"minecraft:zombie_villager":1,"minecraft:pillager":1,"minecraft:ravager":4,"minecraft:zombie":4,"minecraft:vex":1,"minecraft:stray":1,"minecraft:wither_skeleton":1,"minecraft:creeper":1,"minecraft:piglin":3,"minecraft:enderman":1,"minecraft:iron_golem":2,"minecraft:hoglin":2,"minecraft:skeleton":11},"minecraft:picked_up":{"minecraft:iron_chestplate":18,"minecraft:chainmail_boots":1,"minecraft:lead":8,"minecraft:diamond_sword":23,"minecraft:enchanted_book":32,"minecraft:golden_sword":2,"minecraft:amethyst_block":13,"minecraft:string":889,"minecraft:shroomlight":26,"minecraft:diamond_leggings":5,"minecraft:gold_nugget":172,"minecraft:cobbled_deepslate":262,"minecraft:spruce_planks":35,"minecraft:coal_block":2,"minecraft:golden_helmet":2,"minecraft:composter":50,"minecraft:purpur_pillar":8,"minecraft:golden_axe":1,"minecraft:golden_chestplate":6,"minecraft:stone_sword":6,"minecraft:iron_block":32,"minecraft:carved_pumpkin":2,"minecraft:end_rod":3,"minecraft:blaze_rod":64,"minecraft:iron_bars":2,"minecraft:snowball":318,"minecraft:birch_log":65,"minecraft:magma_block":45,"minecraft:cooked_beef":13,"minecraft:jungle_log":1,"minecraft:iron_door":3,"minecraft:water_bucket":31,"minecraft:flint":10,"minecraft:stonecutter":1,"minecraft:diamond_helmet":6,"minecraft:glowstone_dust":61,"minecraft:dark_oak_log":6,"minecraft:iron_hoe":5,"minecraft:granite":85,"minecraft:spruce_button":1,"minecraft:chainmail_helmet":1,"minecraft:bread":37,"minecraft:diamond_pickaxe":9,"minecraft:crimson_roots":209,"minecraft:crafting_table":46,"minecraft:nether_wart":67,"minecraft:leather_leggings":3,"minecraft:dragon_head":4,"minecraft:purpur_block":33,"minecraft:cornflower":7,"minecraft:red_bed":2,"minecraft:elytra":8,"minecraft:flint_and_steel":22,"minecraft:iron_shovel":13,"minecraft:cracked_stone_bricks":7,"minecraft:beef":13,"minecraft:iron_nugget":87,"minecraft:poppy":42,"minecraft:spruce_slab":1390,"minecraft:minecart":11,"minecraft:chest":14,"minecraft:birch_sapling":10,"minecraft:diamond_hoe":1,"minecraft:egg":19,"minecraft:stone":13,"minecraft:oak_door":4,"minecraft:carrot":279,"minecraft:redstone":465,"minecraft:tnt":49,"minecraft:stone_shovel":5,"minecraft:diamond_chestplate":5,"minecraft:beetroot_seeds":1,"minecraft:shears":5,"minecraft:diamond_boots":6,"minecraft:purpur_slab":2,"minecraft:gold_ingot":3,"minecraft:totem_of_undying":30,"minecraft:mutton":2,"minecraft:white_wool":206,"minecraft:rail":387,"minecraft:birch_leaves":66,"minecraft:tripwire_hook":4,"minecraft:red_mushroom":6,"minecraft:purpur_stairs":4,"minecraft:oak_log":516,"minecraft:ancient_debris":7,"minecraft:golden_boots":3,"minecraft:blue_bed":2,"minecraft:paper":34,"minecraft:white_banner":78,"minecraft:stone_bricks":2,"minecraft:apple":7,"minecraft:kelp":279,"minecraft:stone_pickaxe":2,"minecraft:glass_bottle":38,"minecraft:iron_sword":8,"minecraft:dark_oak_slab":1,"minecraft:gravel":36,"minecraft:spruce_sapling":37,"minecraft:spruce_log":1169,"minecraft:crying_obsidian":8,"minecraft:dragon_egg":1,"minecraft:diamond_shovel":2,"minecraft:firework_rocket":238,"minecraft:stone_axe":1,"minecraft:diamond_axe":3,"minecraft:painting":1,"minecraft:gray_wool":5,"minecraft:baked_potato":702,"minecraft:hopper":13,"minecraft:ender_pearl":1206,"minecraft:shulker_shell":24,"minecraft:wheat":6,"minecraft:potion":12,"minecraft:nether_brick":3,"minecraft:stone_brick_stairs":69,"minecraft:crimson_planks":5,"minecraft:raw_copper":412,"minecraft:smooth_stone_slab":20,"minecraft:iron_leggings":25,"minecraft:oak_sign":10,"minecraft:smooth_stone":10,"minecraft:comparator":1,"minecraft:bucket":6,"minecraft:rose_bush":21,"minecraft:cobblestone_slab":110,"minecraft:ender_eye":6,"minecraft:wooden_shovel":2,"minecraft:iron_pickaxe":31,"minecraft:iron_boots":22,"minecraft:furnace":2,"minecraft:tipped_arrow":2,"minecraft:stick":833,"minecraft:torch":751,"minecraft:porkchop":42,"minecraft:pointed_dripstone":51,"minecraft:diorite":66,"minecraft:goat_horn":4,"minecraft:quartz_block":27,"minecraft:rotten_flesh":239,"minecraft:obsidian":49,"minecraft:cobblestone":4389,"minecraft:nautilus_shell":1,"minecraft:magma_cream":8,"minecraft:andesite":79,"minecraft:black_bed":15,"minecraft:beacon":1,"minecraft:potato":1509,"minecraft:tuff":23,"minecraft:wither_skeleton_skull":5,"minecraft:dirt":2250,"minecraft:lapis_lazuli":609,"minecraft:leather_boots":1,"minecraft:bone":241,"minecraft:bow":18,"minecraft:wheat_seeds":286,"minecraft:raw_gold":140,"minecraft:bamboo":1740,"minecraft:oak_planks":1568,"minecraft:stone_hoe":11,"minecraft:cooked_porkchop":24,"minecraft:poisonous_potato":11,"minecraft:sand":1303,"minecraft:spectral_arrow":20,"minecraft:mossy_cobblestone":5,"minecraft:shulker_box":33,"minecraft:sugar":49,"minecraft:diamond":93,"minecraft:spruce_boat":7,"minecraft:crossbow":29,"minecraft:grass":17,"minecraft:golden_apple":1,"minecraft:emerald":375,"minecraft:oak_sapling":97,"minecraft:netherrack":3367,"minecraft:chorus_fruit":139,"minecraft:oak_leaves":505,"minecraft:nether_star":1,"minecraft:end_stone_bricks":13,"minecraft:splash_potion":1,"minecraft:chicken":2,"minecraft:ladder":31,"minecraft:wooden_pickaxe":2,"minecraft:diamond_horse_armor":1,"minecraft:shield":33,"minecraft:oak_trapdoor":17,"minecraft:iron_axe":52,"minecraft:item_frame":3,"minecraft:blackstone":58,"minecraft:oak_boat":15,"minecraft:observer":18,"minecraft:blue_shulker_box":71,"minecraft:sugar_cane":466,"minecraft:spruce_trapdoor":13,"minecraft:raw_iron":59,"minecraft:end_stone":975,"minecraft:copper_ingot":20,"minecraft:bowl":1,"minecraft:iron_horse_armor":9,"minecraft:arrow":346,"minecraft:weeping_vines":18,"minecraft:nether_bricks":141,"minecraft:saddle":6,"minecraft:soul_campfire":9,"minecraft:glow_ink_sac":1,"minecraft:crimson_stem":116,"minecraft:leather":70,"minecraft:birch_planks":111,"minecraft:crimson_fungus":26,"minecraft:chainmail_chestplate":1,"minecraft:yellow_bed":1,"minecraft:nether_wart_block":397,"minecraft:gunpowder":194,"minecraft:cooked_mutton":6,"minecraft:iron_ingot":522,"minecraft:soul_sand":92,"minecraft:book":277,"minecraft:oak_slab":15,"minecraft:scaffolding":222,"minecraft:emerald_block":3,"minecraft:warped_fungus":16,"minecraft:pumpkin":7,"minecraft:quartz":463,"minecraft:dandelion":1,"minecraft:dripstone_block":18,"minecraft:lava_bucket":4,"minecraft:amethyst_shard":173,"minecraft:white_bed":43,"minecraft:spider_eye":56,"minecraft:pumpkin_seeds":24,"minecraft:iron_helmet":20,"minecraft:black_wool":36,"minecraft:end_stone_brick_slab":14,"minecraft:coal":1103},"minecraft:crafted":{"minecraft:ender_chest":2,"minecraft:smooth_stone":92,"minecraft:oak_sign":12,"minecraft:blaze_powder":28,"minecraft:lever":1,"minecraft:diamond_shovel":4,"minecraft:bookshelf":19,"minecraft:shulker_box":12,"minecraft:glass":551,"minecraft:quartz_block":75,"minecraft:diamond_helmet":2,"minecraft:repeater":26,"minecraft:diamond_leggings":1,"minecraft:glass_bottle":42,"minecraft:emerald":476,"minecraft:diamond_axe":4,"minecraft:spruce_door":3,"minecraft:copper_ingot":155,"minecraft:campfire":1,"minecraft:painting":8,"minecraft:end_stone_brick_slab":1344,"minecraft:iron_pickaxe":8,"minecraft:iron_block":374,"minecraft:gold_ingot":113,"minecraft:composter":3,"minecraft:stone_shovel":1,"minecraft:smooth_stone_slab":6,"minecraft:blue_shulker_box":7,"minecraft:bone_meal":9,"minecraft:ladder":87,"minecraft:spruce_slab":24,"minecraft:stone_pickaxe":3,"minecraft:diamond_boots":1,"minecraft:spruce_boat":8,"minecraft:dark_oak_planks":24,"minecraft:golden_helmet":3,"minecraft:coal_block":29,"minecraft:enchanting_table":1,"minecraft:dark_oak_button":9,"minecraft:enchanted_book":12,"minecraft:oak_fence_gate":8,"minecraft:red_stained_glass":496,"minecraft:iron_shovel":8,"minecraft:iron_leggings":5,"minecraft:armor_stand":6,"minecraft:white_bed":7,"minecraft:oak_planks":1040,"minecraft:cobblestone_slab":470,"minecraft:crimson_sign":3,"minecraft:stone":370,"minecraft:quartz_pillar":2,"minecraft:hopper":16,"minecraft:bow":13,"minecraft:iron_boots":6,"minecraft:comparator":1,"minecraft:chest":67,"minecraft:copper_block":8,"minecraft:chiseled_stone_bricks":4,"minecraft:birch_button":55,"minecraft:stone_hoe":1,"minecraft:ender_eye":20,"minecraft:smoker":1,"minecraft:oak_slab":18,"minecraft:item_frame":12,"minecraft:arrow":384,"minecraft:crafting_table":16,"minecraft:spruce_planks":4380,"minecraft:wooden_pickaxe":1,"minecraft:baked_potato":930,"minecraft:iron_helmet":4,"minecraft:birch_planks":60,"minecraft:brewing_stand":1,"minecraft:dispenser":11,"minecraft:tnt":82,"minecraft:spruce_trapdoor":1002,"minecraft:iron_chestplate":5,"minecraft:paper":411,"minecraft:diamond_pickaxe":1,"minecraft:emerald_block":99,"minecraft:shield":7,"minecraft:stick":2932,"minecraft:iron_ingot":920,"minecraft:black_bed":4,"minecraft:redstone_torch":59,"minecraft:shears":6,"minecraft:oak_door":6,"minecraft:coal":254,"minecraft:spruce_button":2,"minecraft:furnace":11,"minecraft:blast_furnace":1,"minecraft:end_stone_bricks":676,"minecraft:oak_trapdoor":10,"minecraft:flint_and_steel":4,"minecraft:scaffolding":186,"minecraft:iron_axe":6,"minecraft:iron_hoe":3,"minecraft:observer":10,"minecraft:cooked_beef":12,"minecraft:sugar":2,"minecraft:red_dye":284,"minecraft:crimson_planks":252,"minecraft:diamond_sword":2,"minecraft:spruce_sign":3,"minecraft:bucket":23,"minecraft:stone_axe":1,"minecraft:air":0,"minecraft:jungle_planks":4,"minecraft:blue_dye":7,"minecraft:cut_copper":12,"minecraft:oak_boat":4,"minecraft:stonecutter":1,"minecraft:anvil":3,"minecraft:torch":676,"minecraft:lapis_lazuli":9,"minecraft:lapis_block":65,"minecraft:diamond_chestplate":1,"minecraft:firework_rocket":576}},"DataVersion":3465}