{"stats":{"minecraft:picked_up":{"minecraft:iron_chestplate":18,"minecraft:wheat":6,"minecraft:chainmail_boots":1,"minecraft:lead":8,"minecraft:diamond_sword":18,"minecraft:enchanted_book":4,"minecraft:potion":9,"minecraft:nether_brick":3,"minecraft:stone_brick_stairs":69,"minecraft:crimson_planks":5,"minecraft:amethyst_block":13,"minecraft:string":314,"minecraft:raw_copper":389,"minecraft:iron_leggings":25,"minecraft:shroomlight":26,"minecraft:oak_sign":10,"minecraft:diamond_leggings":2,"minecraft:gold_nugget":123,"minecraft:cobbled_deepslate":187,"minecraft:bucket":6,"minecraft:spruce_planks":31,"minecraft:rose_bush":21,"minecraft:cobblestone_slab":32,"minecraft:ender_eye":6,"minecraft:coal_block":2,"minecraft:wooden_shovel":2,"minecraft:iron_pickaxe":31,"minecraft:iron_boots":22,"minecraft:furnace":2,"minecraft:golden_helmet":2,"minecraft:tipped_arrow":2,"minecraft:stick":686,"minecraft:composter":47,"minecraft:torch":586,"minecraft:purpur_pillar":6,"minecraft:porkchop":22,"minecraft:golden_axe":1,"minecraft:pointed_dripstone":50,"minecraft:diorite":50,"minecraft:golden_chestplate":5,"minecraft:goat_horn":4,"minecraft:quartz_block":27,"minecraft:stone_sword":6,"minecraft:rotten_flesh":196,"minecraft:iron_block":32,"minecraft:carved_pumpkin":2,"minecraft:end_rod":3,"minecraft:blaze_rod":64,"minecraft:obsidian":37,"minecraft:iron_bars":2,"minecraft:snowball":318,"minecraft:cobblestone":3848,"minecraft:nautilus_shell":1,"minecraft:birch_log":65,"minecraft:magma_block":4,"minecraft:andesite":65,"minecraft:cooked_beef":13,"minecraft:water_bucket":28,"minecraft:magma_cream":8,"minecraft:iron_door":3,"minecraft:black_bed":15,"minecraft:potato":1319,"minecraft:beacon":1,"minecraft:flint":9,"minecraft:tuff":23,"minecraft:wither_skeleton_skull":5,"minecraft:lapis_lazuli":608,"minecraft:dirt":2232,"minecraft:bone":227,"minecraft:stonecutter":1,"minecraft:bow":17,"minecraft:wheat_seeds":281,"minecraft:raw_gold":140,"minecraft:diamond_helmet":3,"minecraft:bamboo":1511,"minecraft:glowstone_dust":43,"minecraft:oak_planks":1568,"minecraft:stone_hoe":11,"minecraft:cooked_porkchop":18,"minecraft:poisonous_potato":10,"minecraft:sand":553,"minecraft:spectral_arrow":20,"minecraft:dark_oak_log":6,"minecraft:shulker_box":16,"minecraft:iron_hoe":5,"minecraft:sugar":9,"minecraft:diamond":85,"minecraft:crossbow":17,"minecraft:granite":84,"minecraft:grass":17,"minecraft:chainmail_helmet":1,"minecraft:emerald":7,"minecraft:bread":37,"minecraft:oak_sapling":95,"minecraft:netherrack":915,"minecraft:chorus_fruit":139,"minecraft:nether_star":1,"minecraft:oak_leaves":323,"minecraft:crimson_roots":185,"minecraft:diamond_pickaxe":6,"minecraft:end_stone_bricks":10,"minecraft:crafting_table":33,"minecraft:ladder":31,"minecraft:chicken":2,"minecraft:nether_wart":67,"minecraft:leather_leggings":2,"minecraft:wooden_pickaxe":2,"minecraft:diamond_horse_armor":1,"minecraft:dragon_head":2,"minecraft:purpur_block":25,"minecraft:shield":31,"minecraft:cornflower":7,"minecraft:oak_trapdoor":17,"minecraft:red_bed":2,"minecraft:elytra":3,"minecraft:iron_axe":39,"minecraft:flint_and_steel":19,"minecraft:item_frame":3,"minecraft:iron_shovel":13,"minecraft:blackstone":30,"minecraft:cracked_stone_bricks":7,"minecraft:beef":13,"minecraft:oak_boat":15,"minecraft:observer":11,"minecraft:iron_nugget":87,"minecraft:poppy":40,"minecraft:spruce_slab":1,"minecraft:minecart":11,"minecraft:sugar_cane":204,"minecraft:blue_shulker_box":21,"minecraft:chest":14,"minecraft:birch_sapling":10,"minecraft:egg":19,"minecraft:spruce_trapdoor":6,"minecraft:raw_iron":59,"minecraft:end_stone":967,"minecraft:stone":13,"minecraft:oak_door":4,"minecraft:copper_ingot":20,"minecraft:bowl":1,"minecraft:carrot":149,"minecraft:redstone":366,"minecraft:iron_horse_armor":9,"minecraft:weeping_vines":12,"minecraft:arrow":193,"minecraft:diamond_chestplate":2,"minecraft:stone_shovel":5,"minecraft:beetroot_seeds":1,"minecraft:nether_bricks":141,"minecraft:shears":5,"minecraft:diamond_boots":3,"minecraft:purpur_slab":2,"minecraft:saddle":5,"minecraft:gold_ingot":3,"minecraft:totem_of_undying":6,"minecraft:soul_campfire":9,"minecraft:mutton":2,"minecraft:white_wool":203,"minecraft:rail":387,"minecraft:birch_leaves":66,"minecraft:glow_ink_sac":1,"minecraft:crimson_stem":63,"minecraft:leather":62,"minecraft:red_mushroom":6,"minecraft:birch_planks":111,"minecraft:crimson_fungus":22,"minecraft:purpur_stairs":4,"minecraft:oak_log":513,"minecraft:chainmail_chestplate":1,"minecraft:golden_boots":3,"minecraft:yellow_bed":1,"minecraft:nether_wart_block":391,"minecraft:gunpowder":62,"minecraft:blue_bed":2,"minecraft:paper":1,"minecraft:white_banner":14,"minecraft:cooked_mutton":6,"minecraft:apple":6,"minecraft:stone_bricks":2,"minecraft:iron_ingot":407,"minecraft:stone_pickaxe":2,"minecraft:glass_bottle":7,"minecraft:iron_sword":8,"minecraft:soul_sand":80,"minecraft:scaffolding":19,"minecraft:book":276,"minecraft:oak_slab":13,"minecraft:warped_fungus":12,"minecraft:dark_oak_slab":1,"minecraft:pumpkin":7,"minecraft:quartz":114,"minecraft:dandelion":1,"minecraft:dripstone_block":15,"minecraft:gravel":33,"minecraft:lava_bucket":4,"minecraft:amethyst_shard":172,"minecraft:spruce_sapling":26,"minecraft:white_bed":42,"minecraft:spruce_log":427,"minecraft:crying_obsidian":8,"minecraft:spider_eye":22,"minecraft:dragon_egg":1,"minecraft:firework_rocket":7,"minecraft:diamond_shovel":2,"minecraft:pumpkin_seeds":24,"minecraft:stone_axe":1,"minecraft:iron_helmet":20,"minecraft:painting":1,"minecraft:gray_wool":5,"minecraft:baked_potato":587,"minecraft:black_wool":36,"minecraft:end_stone_brick_slab":14,"minecraft:coal":1047,"minecraft:hopper":13,"minecraft:ender_pearl":162,"minecraft:shulker_shell":18},"minecraft:crafted":{"minecraft:ender_chest":2,"minecraft:smooth_stone":3,"minecraft:oak_planks":996,"minecraft:cobblestone_slab":14,"minecraft:oak_sign":12,"minecraft:blaze_powder":28,"minecraft:crimson_sign":3,"minecraft:stone":287,"minecraft:bookshelf":19,"minecraft:shulker_box":9,"minecraft:quartz_pillar":2,"minecraft:hopper":15,"minecraft:quartz_block":2,"minecraft:glass":551,"minecraft:repeater":26,"minecraft:diamond_helmet":1,"minecraft:bow":8,"minecraft:iron_boots":5,"minecraft:comparator":1,"minecraft:chest":58,"minecraft:copper_block":8,"minecraft:chiseled_stone_bricks":4,"minecraft:birch_button":55,"minecraft:stone_hoe":1,"minecraft:ender_eye":20,"minecraft:smoker":1,"minecraft:glass_bottle":42,"minecraft:item_frame":10,"minecraft:oak_slab":12,"minecraft:arrow":192,"minecraft:emerald":263,"minecraft:diamond_axe":1,"minecraft:crafting_table":11,"minecraft:spruce_planks":1252,"minecraft:iron_helmet":3,"minecraft:wooden_pickaxe":1,"minecraft:baked_potato":680,"minecraft:spruce_door":3,"minecraft:copper_ingot":155,"minecraft:brewing_stand":1,"minecraft:birch_planks":60,"minecraft:campfire":1,"minecraft:painting":8,"minecraft:dispenser":11,"minecraft:end_stone_brick_slab":1344,"minecraft:iron_chestplate":4,"minecraft:paper":153,"minecraft:diamond_pickaxe":1,"minecraft:shield":7,"minecraft:stick":2920,"minecraft:iron_ingot":524,"minecraft:iron_pickaxe":8,"minecraft:iron_block":273,"minecraft:gold_ingot":113,"minecraft:black_bed":4,"minecraft:redstone_torch":59,"minecraft:composter":1,"minecraft:shears":4,"minecraft:oak_door":6,"minecraft:coal":254,"minecraft:stone_shovel":1,"minecraft:furnace":11,"minecraft:blast_furnace":1,"minecraft:bone_meal":9,"minecraft:blue_shulker_box":7,"minecraft:end_stone_bricks":676,"minecraft:oak_trapdoor":10,"minecraft:flint_and_steel":3,"minecraft:scaffolding":66,"minecraft:iron_axe":6,"minecraft:ladder":63,"minecraft:iron_hoe":3,"minecraft:stone_pickaxe":3,"minecraft:dark_oak_planks":24,"minecraft:golden_helmet":3,"minecraft:observer":10,"minecraft:cooked_beef":12,"minecraft:sugar":2,"minecraft:coal_block":29,"minecraft:red_dye":284,"minecraft:crimson_planks":252,"minecraft:diamond_sword":1,"minecraft:enchanting_table":1,"minecraft:bucket":19,"minecraft:dark_oak_button":9,"minecraft:stone_axe":1,"minecraft:enchanted_book":9,"minecraft:air":0,"minecraft:blue_dye":7,"minecraft:cut_copper":12,"minecraft:oak_fence_gate":8,"minecraft:oak_boat":4,"minecraft:red_stained_glass":496,"minecraft:iron_shovel":8,"minecraft:iron_leggings":4,"minecraft:anvil":3,"minecraft:stonecutter":1,"minecraft:white_bed":6,"minecraft:torch":656,"minecraft:firework_rocket":105},"minecraft:dropped":{"minecraft:iron_sword":3,"minecraft:baked_potato":159,"minecraft:ender_pearl":7,"minecraft:glass_bottle":16,"minecraft:diamond":18,"minecraft:nether_star":1,"minecraft:crafting_table":1,"minecraft:crossbow":2,"minecraft:elytra":1,"minecraft:emerald":9,"minecraft:dirt":60,"minecraft:snowball":16,"minecraft:gold_nugget":39,"minecraft:sand":1,"minecraft:white_wool":12,"minecraft:gold_ingot":28,"minecraft:crimson_fungus":3,"minecraft:goat_horn":1,"minecraft:iron_nugget":30,"minecraft:pointed_dripstone":11,"minecraft:rotten_flesh":2,"minecraft:oak_planks":14,"minecraft:diamond_shovel":2,"minecraft:white_bed":1,"minecraft:carrot":2,"minecraft:poppy":4,"minecraft:gunpowder":4,"minecraft:quartz_block":27,"minecraft:iron_bars":2,"minecraft:end_stone_bricks":2,"minecraft:oak_leaves":58,"minecraft:netherrack":47,"minecraft:water_bucket":2,"minecraft:iron_ingot":113,"minecraft:bread":10,"minecraft:wheat_seeds":35,"minecraft:end_stone_brick_slab":2,"minecraft:iron_helmet":1,"minecraft:cobblestone":64,"minecraft:apple":4,"minecraft:granite":1,"minecraft:coal":10,"minecraft:end_rod":2,"minecraft:lava_bucket":1,"minecraft:diamond_horse_armor":1,"minecraft:gray_wool":2,"minecraft:diorite":1,"minecraft:torch":31,"minecraft:nether_wart_block":1,"minecraft:diamond_helmet":1,"minecraft:iron_leggings":1,"minecraft:iron_axe":1,"minecraft:iron_shovel":1,"minecraft:paper":2,"minecraft:string":2,"minecraft:bucket":2,"minecraft:redstone":82,"minecraft:furnace":1,"minecraft:nether_wart":47,"minecraft:blaze_rod":35,"minecraft:bowl":1,"minecraft:tuff":5,"minecraft:chicken":1,"minecraft:wither_skeleton_skull":1,"minecraft:iron_boots":3,"minecraft:ender_eye":2,"minecraft:name_tag":2,"minecraft:totem_of_undying":3,"minecraft:shears":1,"minecraft:diamond_sword":2,"minecraft:potato":2,"minecraft:stone":2,"minecraft:diamond_pickaxe":1,"minecraft:dragon_egg":1,"minecraft:iron_chestplate":2,"minecraft:oak_sapling":1,"minecraft:wooden_shovel":2,"minecraft:spruce_log":17,"minecraft:diamond_boots":1,"minecraft:wooden_pickaxe":1},"minecraft:custom":{"minecraft:interact_with_crafting_table":231,"minecraft:open_shulker_box":262,"minecraft:leave_game":11,"minecraft:time_since_death":368447,"minecraft:sprint_one_cm":4212412,"minecraft:damage_blocked_by_shield":13190,"minecraft:drop":225,"minecraft:talked_to_villager":139,"minecraft:play_time":1816720,"minecraft:deaths":43,"minecraft:jump":34560,"minecraft:interact_with_brewingstand":17,"minecraft:walk_on_water_one_cm":167204,"minecraft:interact_with_furnace":153,"minecraft:traded_with_villager":284,"minecraft:sleep_in_bed":70,"minecraft:open_enderchest":33,"minecraft:damage_dealt":109222,"minecraft:interact_with_beacon":13,"minecraft:crouch_one_cm":354481,"minecraft:inspect_dispenser":1,"minecraft:horse_one_cm":1314237,"minecraft:interact_with_smoker":37,"minecraft:interact_with_anvil":16,"minecraft:mob_kills":474,"minecraft:inspect_hopper":2,"minecraft:interact_with_campfire":1,"minecraft:climb_one_cm":128852,"minecraft:walk_one_cm":3211064,"minecraft:raid_win":2,"minecraft:sneak_time":107711,"minecraft:walk_under_water_one_cm":219300,"minecraft:boat_one_cm":16,"minecraft:interact_with_blast_furnace":30,"minecraft:total_world_time":1816720,"minecraft:raid_trigger":2,"minecraft:interact_with_stonecutter":18,"minecraft:time_since_rest":69509,"minecraft:damage_absorbed":80,"minecraft:damage_taken":34212,"minecraft:swim_one_cm":291098,"minecraft:fly_one_cm":7884704,"minecraft:open_chest":732,"minecraft:aviate_one_cm":3067872,"minecraft:fall_one_cm":1047878},"minecraft:broken":{"minecraft:iron_shovel":2,"minecraft:golden_helmet":1,"minecraft:shears":1,"minecraft:iron_boots":1,"minecraft:stone_pickaxe":3,"minecraft:stone_axe":1,"minecraft:iron_hoe":2,"minecraft:shield":2,"minecraft:iron_axe":1,"minecraft:iron_pickaxe":3},"minecraft:mined":{"minecraft:dragon_wall_head":2,"minecraft:white_bed":28,"minecraft:oak_sapling":1,"minecraft:farmland":1,"minecraft:obsidian":35,"minecraft:carved_pumpkin":2,"minecraft:spruce_trapdoor":1,"minecraft:granite":52,"minecraft:grass_block":691,"minecraft:purpur_slab":2,"minecraft:composter":35,"minecraft:crimson_fungus":18,"minecraft:nether_wart":2,"minecraft:spawner":3,"minecraft:weeping_vines_plant":9,"minecraft:magma_block":4,"minecraft:glowstone":24,"minecraft:iron_ore":31,"minecraft:fire":36,"minecraft:cobbled_deepslate":1,"minecraft:pumpkin":7,"minecraft:deepslate_lapis_ore":31,"minecraft:pointed_dripstone":26,"minecraft:oak_sign":1,"minecraft:end_stone_bricks":13,"minecraft:iron_block":2,"minecraft:spruce_slab":1,"minecraft:deepslate_redstone_ore":45,"minecraft:red_bed":1,"minecraft:amethyst_cluster":24,"minecraft:crimson_nylium":83,"minecraft:soul_fire":18,"minecraft:purpur_stairs":5,"minecraft:torch":19,"minecraft:end_stone_brick_slab":6,"minecraft:poppy":3,"minecraft:beacon":1,"minecraft:chest":7,"minecraft:cobblestone":81,"minecraft:nether_quartz_ore":62,"minecraft:oak_planks":12,"minecraft:sugar_cane":160,"minecraft:iron_door":3,"minecraft:wall_torch":11,"minecraft:amethyst_block":3,"minecraft:deepslate_copper_ore":1,"minecraft:dark_oak_slab":1,"minecraft:nether_wart_block":441,"minecraft:birch_log":36,"minecraft:wheat":16,"minecraft:warped_fungus":10,"minecraft:black_bed":7,"minecraft:purpur_block":28,"minecraft:stone_brick_stairs":1,"minecraft:grass":717,"minecraft:oak_log":259,"minecraft:beetroots":1,"minecraft:sand":553,"minecraft:dirt":396,"minecraft:crimson_planks":5,"minecraft:blue_shulker_box":21,"minecraft:stonecutter":1,"minecraft:netherrack":701,"minecraft:oak_leaves":297,"minecraft:deepslate":226,"minecraft:nether_gold_ore":15,"minecraft:diamond_ore":2,"minecraft:tuff":30,"minecraft:deepslate_diamond_ore":42,"minecraft:oak_door":4,"minecraft:red_stained_glass":1,"minecraft:end_stone":1008,"minecraft:shulker_box":16,"minecraft:nether_bricks":47,"minecraft:glow_lichen":1,"minecraft:dark_oak_fence":10,"minecraft:jungle_planks":1,"minecraft:crimson_roots":141,"minecraft:weeping_vines":5,"minecraft:spruce_leaves":10,"minecraft:crimson_stem":64,"minecraft:redstone_ore":11,"minecraft:oak_trapdoor":2,"minecraft:furnace":1,"minecraft:carrots":50,"minecraft:snow":150,"minecraft:andesite":90,"minecraft:bookshelf":91,"minecraft:cobblestone_slab":2,"minecraft:potatoes":363,"minecraft:shroomlight":26,"minecraft:deepslate_iron_ore":1,"minecraft:rail":26,"minecraft:chorus_plant":9,"minecraft:bamboo":295,"minecraft:stone":3030,"minecraft:scaffolding":17,"minecraft:soul_sand":44,"minecraft:magenta_stained_glass":2,"minecraft:observer":11,"minecraft:crafting_table":19,"minecraft:cornflower":7,"minecraft:rose_bush":21,"minecraft:copper_ore":81,"minecraft:purpur_pillar":7,"minecraft:tall_grass":60,"minecraft:lapis_ore":17,"minecraft:deepslate_gold_ore":79,"minecraft:diorite":44,"minecraft:birch_planks":16,"minecraft:spruce_log":429,"minecraft:birch_leaves":74,"minecraft:white_wall_banner":1,"minecraft:bee_nest":1,"minecraft:coal_ore":538,"minecraft:end_rod":3,"minecraft:gravel":30,"minecraft:dripstone_block":13,"minecraft:cobweb":21,"minecraft:cracked_stone_bricks":1,"minecraft:stone_bricks":4,"minecraft:gold_ore":4},"minecraft:killed_by":{"minecraft:zombie_villager":1,"minecraft:wither_skeleton":1,"minecraft:creeper":1,"minecraft:pillager":1,"minecraft:ravager":4,"minecraft:piglin":3,"minecraft:zombie":4,"minecraft:vex":1,"minecraft:stray":1,"minecraft:iron_golem":2,"minecraft:hoglin":2,"minecraft:skeleton":9},"minecraft:killed":{"minecraft:zombified_piglin":2,"minecraft:witch":3,"minecraft:spider":20,"minecraft:shulker":49,"minecraft:skeleton":45,"minecraft:silverfish":2,"minecraft:magma_cube":5,"minecraft:piglin":16,"minecraft:zombie_villager":2,"minecraft:salmon":1,"minecraft:iron_golem":16,"minecraft:ender_dragon":1,"minecraft:creeper":18,"minecraft:sheep":4,"minecraft:trader_llama":2,"minecraft:pillager":41,"minecraft:zombie":109,"minecraft:stray":2,"minecraft:glow_squid":2,"minecraft:blaze":8,"minecraft:cow":6,"minecraft:evoker":1,"minecraft:vindicator":5,"minecraft:drowned":1,"minecraft:snow_golem":14,"minecraft:wandering_trader":1,"minecraft:hoglin":9,"minecraft:wither_skeleton":12,"minecraft:enderman":60},"minecraft:used":{"minecraft:dispenser":6,"minecraft:iron_shovel":1335,"minecraft:oak_sign":10,"minecraft:chest":41,"minecraft:elytra":28,"minecraft:ladder":32,"minecraft:shield":193,"minecraft:stone":7,"minecraft:iron_sword":52,"minecraft:nether_wart":20,"minecraft:grass":8,"minecraft:rotten_flesh":24,"minecraft:soul_sand":20,"minecraft:mutton":2,"minecraft:cut_copper":32,"minecraft:carrot":92,"minecraft:obsidian":12,"minecraft:snowball":29,"minecraft:milk_bucket":1,"minecraft:lava_bucket":19,"minecraft:quartz_pillar":2,"minecraft:iron_helmet":1,"minecraft:stone_brick_stairs":56,"minecraft:item_frame":13,"minecraft:magma_block":4,"minecraft:bow":244,"minecraft:warped_fungus":9,"minecraft:scaffolding":58,"minecraft:blue_shulker_box":27,"minecraft:furnace":10,"minecraft:egg":5,"minecraft:potato":524,"minecraft:dragon_head":2,"minecraft:diorite":19,"minecraft:end_stone_bricks":6,"minecraft:red_stained_glass":282,"minecraft:wither_skeleton_skull":2,"minecraft:birch_leaves":66,"minecraft:chorus_fruit":80,"minecraft:stone_pickaxe":393,"minecraft:oak_planks":13,"minecraft:blackstone":25,"minecraft:ender_pearl":91,"minecraft:sugar_cane":48,"minecraft:wooden_pickaxe":8,"minecraft:composter":36,"minecraft:end_stone_brick_slab":1147,"minecraft:diamond_axe":792,"minecraft:blue_bed":2,"minecraft:purpur_pillar":2,"minecraft:oak_leaves":189,"minecraft:blast_furnace":1,"minecraft:crossbow":17,"minecraft:black_bed":13,"minecraft:dripstone_block":6,"minecraft:end_stone":288,"minecraft:shears":312,"minecraft:firework_rocket":97,"minecraft:bread":19,"minecraft:gravel":1,"minecraft:golden_helmet":1,"minecraft:diamond_sword":1323,"minecraft:nether_wart_block":99,"minecraft:oak_boat":6,"minecraft:bone_meal":9,"minecraft:purpur_block":7,"minecraft:oak_trapdoor":11,"minecraft:enchanting_table":1,"minecraft:flint_and_steel":14,"minecraft:stone_shovel":92,"minecraft:spruce_planks":4,"minecraft:ender_chest":2,"minecraft:dirt":879,"minecraft:stone_hoe":81,"minecraft:wooden_shovel":7,"minecraft:netherrack":447,"minecraft:oak_door":6,"minecraft:torch":546,"minecraft:brewing_stand":1,"minecraft:anvil":3,"minecraft:hopper":24,"minecraft:shulker_box":18,"minecraft:golden_chestplate":3,"minecraft:oak_fence_gate":8,"minecraft:granite":2,"minecraft:shroomlight":23,"minecraft:iron_hoe":543,"minecraft:bookshelf":19,"minecraft:iron_block":114,"minecraft:iron_axe":732,"minecraft:crimson_planks":28,"minecraft:totem_of_undying":1,"minecraft:bamboo":46,"minecraft:diamond_chestplate":27,"minecraft:goat_horn":9,"minecraft:minecart":2,"minecraft:cooked_beef":15,"minecraft:cobbled_deepslate":33,"minecraft:observer":16,"minecraft:pumpkin":7,"minecraft:iron_leggings":5,"minecraft:cooked_mutton":2,"minecraft:wheat_seeds":16,"minecraft:water_bucket":312,"minecraft:birch_planks":5,"minecraft:glass_bottle":28,"minecraft:baked_potato":438,"minecraft:cobblestone_slab":6,"minecraft:beacon":1,"minecraft:glow_ink_sac":1,"minecraft:stonecutter":2,"minecraft:rail":27,"minecraft:crafting_table":28,"minecraft:oak_slab":2,"minecraft:red_bed":2,"minecraft:white_bed":43,"minecraft:campfire":1,"minecraft:painting":1,"minecraft:smoker":1,"minecraft:diamond_pickaxe":4809,"minecraft:ender_eye":21,"minecraft:apple":2,"minecraft:diamond_shovel":149,"minecraft:chicken":1,"minecraft:iron_pickaxe":1486,"minecraft:suspicious_stew":1,"minecraft:spruce_trapdoor":2,"minecraft:spruce_sapling":1,"minecraft:stone_axe":121,"minecraft:crimson_sign":1,"minecraft:chiseled_stone_bricks":9,"minecraft:crimson_fungus":1,"minecraft:cobblestone":1569,"minecraft:potion":7,"minecraft:white_banner":9,"minecraft:cooked_porkchop":9,"minecraft:bucket":335,"minecraft:yellow_bed":1}},"DataVersion":3465}