{"stats":{"minecraft:dropped":{"minecraft:iron_sword":3,"minecraft:baked_potato":145,"minecraft:glass_bottle":1,"minecraft:diamond":5,"minecraft:crafting_table":1,"minecraft:crossbow":2,"minecraft:dirt":60,"minecraft:gold_nugget":39,"minecraft:sand":1,"minecraft:gold_ingot":28,"minecraft:crimson_fungus":3,"minecraft:goat_horn":1,"minecraft:iron_nugget":30,"minecraft:oak_planks":14,"minecraft:diamond_shovel":2,"minecraft:carrot":2,"minecraft:poppy":4,"minecraft:gunpowder":4,"minecraft:quartz_block":27,"minecraft:oak_leaves":58,"minecraft:water_bucket":2,"minecraft:iron_ingot":113,"minecraft:bread":10,"minecraft:wheat_seeds":35,"minecraft:iron_helmet":1,"minecraft:cobblestone":64,"minecraft:apple":4,"minecraft:coal":10,"minecraft:lava_bucket":1,"minecraft:diamond_horse_armor":1,"minecraft:gray_wool":2,"minecraft:diorite":1,"minecraft:torch":1,"minecraft:iron_leggings":1,"minecraft:iron_axe":1,"minecraft:iron_shovel":1,"minecraft:paper":2,"minecraft:string":2,"minecraft:bucket":2,"minecraft:furnace":1,"minecraft:nether_wart":47,"minecraft:blaze_rod":35,"minecraft:bowl":1,"minecraft:chicken":1,"minecraft:iron_boots":3,"minecraft:totem_of_undying":3,"minecraft:shears":1,"minecraft:potato":2,"minecraft:stone":2,"minecraft:iron_chestplate":2,"minecraft:oak_sapling":1,"minecraft:wooden_shovel":1,"minecraft:wooden_pickaxe":1},"minecraft:broken":{"minecraft:golden_helmet":1,"minecraft:shears":1,"minecraft:iron_boots":1,"minecraft:stone_pickaxe":3,"minecraft:stone_axe":1,"minecraft:iron_hoe":2,"minecraft:shield":1,"minecraft:iron_axe":1,"minecraft:iron_pickaxe":3},"minecraft:used":{"minecraft:iron_shovel":623,"minecraft:ladder":32,"minecraft:oak_sign":10,"minecraft:chest":16,"minecraft:shield":84,"minecraft:iron_sword":52,"minecraft:nether_wart":20,"minecraft:grass":8,"minecraft:rotten_flesh":21,"minecraft:soul_sand":20,"minecraft:mutton":2,"minecraft:cut_copper":32,"minecraft:carrot":92,"minecraft:lava_bucket":16,"minecraft:quartz_pillar":2,"minecraft:stone_brick_stairs":56,"minecraft:item_frame":1,"minecraft:bow":76,"minecraft:warped_fungus":3,"minecraft:furnace":2,"minecraft:egg":1,"minecraft:potato":523,"minecraft:diorite":18,"minecraft:birch_leaves":66,"minecraft:stone_pickaxe":393,"minecraft:oak_planks":6,"minecraft:blackstone":25,"minecraft:wooden_pickaxe":8,"minecraft:composter":36,"minecraft:oak_leaves":189,"minecraft:blast_furnace":1,"minecraft:crossbow":6,"minecraft:black_bed":11,"minecraft:dripstone_block":6,"minecraft:shears":306,"minecraft:bread":19,"minecraft:gravel":1,"minecraft:diamond_sword":15,"minecraft:nether_wart_block":37,"minecraft:oak_boat":5,"minecraft:bone_meal":9,"minecraft:oak_trapdoor":11,"minecraft:flint_and_steel":9,"minecraft:stone_shovel":92,"minecraft:stone_hoe":81,"minecraft:netherrack":29,"minecraft:oak_door":6,"minecraft:torch":221,"minecraft:dirt":687,"minecraft:anvil":1,"minecraft:hopper":9,"minecraft:granite":2,"minecraft:oak_fence_gate":8,"minecraft:shroomlight":9,"minecraft:iron_hoe":509,"minecraft:iron_block":76,"minecraft:iron_axe":641,"minecraft:crimson_planks":28,"minecraft:goat_horn":8,"minecraft:minecart":2,"minecraft:cooked_beef":15,"minecraft:cobbled_deepslate":24,"minecraft:iron_leggings":1,"minecraft:cooked_mutton":2,"minecraft:wheat_seeds":16,"minecraft:water_bucket":100,"minecraft:baked_potato":107,"minecraft:stonecutter":2,"minecraft:glow_ink_sac":1,"minecraft:cobblestone_slab":6,"minecraft:rail":26,"minecraft:oak_slab":2,"minecraft:crafting_table":14,"minecraft:white_bed":8,"minecraft:campfire":1,"minecraft:smoker":1,"minecraft:apple":2,"minecraft:diamond_shovel":11,"minecraft:chicken":1,"minecraft:iron_pickaxe":1265,"minecraft:suspicious_stew":1,"minecraft:stone_axe":121,"minecraft:crimson_sign":1,"minecraft:crimson_fungus":1,"minecraft:cobblestone":255,"minecraft:potion":4,"minecraft:white_banner":9,"minecraft:cooked_porkchop":5,"minecraft:bucket":117},"minecraft:picked_up":{"minecraft:iron_chestplate":11,"minecraft:wheat":6,"minecraft:chainmail_boots":1,"minecraft:diamond_sword":2,"minecraft:potion":8,"minecraft:nether_brick":3,"minecraft:stone_brick_stairs":68,"minecraft:crimson_planks":5,"minecraft:string":24,"minecraft:raw_copper":155,"minecraft:iron_leggings":10,"minecraft:shroomlight":22,"minecraft:oak_sign":10,"minecraft:gold_nugget":39,"minecraft:cobbled_deepslate":37,"minecraft:bucket":4,"minecraft:rose_bush":21,"minecraft:cobblestone_slab":32,"minecraft:wooden_shovel":1,"minecraft:iron_pickaxe":22,"minecraft:iron_boots":12,"minecraft:furnace":2,"minecraft:golden_helmet":1,"minecraft:stick":406,"minecraft:composter":47,"minecraft:torch":356,"minecraft:pointed_dripstone":37,"minecraft:diorite":23,"minecraft:goat_horn":2,"minecraft:quartz_block":27,"minecraft:rotten_flesh":62,"minecraft:iron_block":31,"minecraft:blaze_rod":44,"minecraft:obsidian":1,"minecraft:cobblestone":1628,"minecraft:birch_log":65,"minecraft:cooked_beef":13,"minecraft:water_bucket":18,"minecraft:andesite":24,"minecraft:black_bed":13,"minecraft:potato":1319,"minecraft:flint":9,"minecraft:tuff":5,"minecraft:lapis_lazuli":47,"minecraft:dirt":1828,"minecraft:bone":19,"minecraft:bow":2,"minecraft:stonecutter":1,"minecraft:wheat_seeds":272,"minecraft:raw_gold":30,"minecraft:glowstone_dust":17,"minecraft:bamboo":2,"minecraft:stone_hoe":11,"minecraft:oak_planks":1553,"minecraft:cooked_porkchop":8,"minecraft:poisonous_potato":9,"minecraft:sand":2,"minecraft:spectral_arrow":20,"minecraft:dark_oak_log":6,"minecraft:iron_hoe":1,"minecraft:diamond":23,"minecraft:crossbow":6,"minecraft:granite":39,"minecraft:grass":17,"minecraft:chainmail_helmet":1,"minecraft:emerald":3,"minecraft:bread":37,"minecraft:oak_sapling":93,"minecraft:netherrack":79,"minecraft:oak_leaves":323,"minecraft:crimson_roots":161,"minecraft:crafting_table":23,"minecraft:ladder":31,"minecraft:chicken":2,"minecraft:nether_wart":67,"minecraft:wooden_pickaxe":2,"minecraft:diamond_horse_armor":1,"minecraft:shield":14,"minecraft:oak_trapdoor":17,"minecraft:iron_axe":24,"minecraft:flint_and_steel":14,"minecraft:iron_shovel":9,"minecraft:blackstone":30,"minecraft:beef":13,"minecraft:oak_boat":14,"minecraft:iron_nugget":87,"minecraft:poppy":26,"minecraft:spruce_slab":1,"minecraft:minecart":11,"minecraft:chest":10,"minecraft:birch_sapling":10,"minecraft:egg":12,"minecraft:raw_iron":27,"minecraft:stone":2,"minecraft:oak_door":4,"minecraft:copper_ingot":20,"minecraft:bowl":1,"minecraft:carrot":135,"minecraft:redstone":140,"minecraft:arrow":52,"minecraft:weeping_vines":12,"minecraft:stone_shovel":5,"minecraft:beetroot_seeds":1,"minecraft:shears":5,"minecraft:saddle":1,"minecraft:totem_of_undying":5,"minecraft:gold_ingot":3,"minecraft:mutton":2,"minecraft:white_wool":139,"minecraft:rail":386,"minecraft:birch_leaves":66,"minecraft:glow_ink_sac":1,"minecraft:crimson_stem":63,"minecraft:leather":12,"minecraft:crimson_fungus":19,"minecraft:oak_log":495,"minecraft:nether_wart_block":347,"minecraft:gunpowder":8,"minecraft:paper":1,"minecraft:white_banner":10,"minecraft:cooked_mutton":6,"minecraft:apple":3,"minecraft:stone_pickaxe":2,"minecraft:iron_ingot":224,"minecraft:glass_bottle":3,"minecraft:iron_sword":6,"minecraft:soul_sand":71,"minecraft:book":1,"minecraft:oak_slab":13,"minecraft:dark_oak_slab":1,"minecraft:warped_fungus":3,"minecraft:quartz":23,"minecraft:dripstone_block":10,"minecraft:gravel":19,"minecraft:lava_bucket":2,"minecraft:spruce_sapling":14,"minecraft:white_bed":7,"minecraft:spruce_log":15,"minecraft:crying_obsidian":8,"minecraft:spider_eye":7,"minecraft:diamond_shovel":2,"minecraft:iron_helmet":9,"minecraft:gray_wool":5,"minecraft:baked_potato":30,"minecraft:black_wool":36,"minecraft:coal":268,"minecraft:hopper":13},"minecraft:crafted":{"minecraft:oak_planks":784,"minecraft:smooth_stone":3,"minecraft:cobblestone_slab":14,"minecraft:oak_sign":12,"minecraft:crimson_sign":3,"minecraft:stone":128,"minecraft:quartz_pillar":2,"minecraft:quartz_block":2,"minecraft:iron_boots":1,"minecraft:chest":15,"minecraft:copper_block":8,"minecraft:stone_hoe":1,"minecraft:smoker":1,"minecraft:item_frame":1,"minecraft:oak_slab":12,"minecraft:emerald":38,"minecraft:crafting_table":7,"minecraft:spruce_planks":60,"minecraft:iron_helmet":1,"minecraft:wooden_pickaxe":1,"minecraft:baked_potato":317,"minecraft:copper_ingot":155,"minecraft:campfire":1,"minecraft:iron_chestplate":1,"minecraft:shield":3,"minecraft:stick":1080,"minecraft:iron_ingot":46,"minecraft:iron_pickaxe":6,"minecraft:iron_block":108,"minecraft:gold_ingot":30,"minecraft:black_bed":4,"minecraft:composter":1,"minecraft:shears":3,"minecraft:oak_door":6,"minecraft:stone_shovel":1,"minecraft:furnace":3,"minecraft:blast_furnace":1,"minecraft:bone_meal":9,"minecraft:oak_trapdoor":10,"minecraft:flint_and_steel":2,"minecraft:iron_axe":5,"minecraft:ladder":63,"minecraft:iron_hoe":3,"minecraft:stone_pickaxe":3,"minecraft:golden_helmet":1,"minecraft:cooked_beef":12,"minecraft:red_dye":284,"minecraft:crimson_planks":252,"minecraft:diamond_sword":1,"minecraft:bucket":7,"minecraft:stone_axe":1,"minecraft:enchanted_book":1,"minecraft:air":0,"minecraft:cut_copper":12,"minecraft:oak_fence_gate":8,"minecraft:oak_boat":4,"minecraft:iron_shovel":4,"minecraft:iron_leggings":1,"minecraft:stonecutter":1,"minecraft:anvil":1,"minecraft:white_bed":5,"minecraft:torch":216},"minecraft:custom":{"minecraft:interact_with_crafting_table":98,"minecraft:leave_game":7,"minecraft:time_since_death":30583,"minecraft:sprint_one_cm":1755074,"minecraft:damage_blocked_by_shield":5580,"minecraft:drop":169,"minecraft:talked_to_villager":21,"minecraft:play_time":684407,"minecraft:deaths":21,"minecraft:jump":13990,"minecraft:walk_on_water_one_cm":51305,"minecraft:interact_with_furnace":83,"minecraft:traded_with_villager":39,"minecraft:sleep_in_bed":32,"minecraft:damage_dealt":31460,"minecraft:crouch_one_cm":54893,"minecraft:interact_with_smoker":7,"minecraft:horse_one_cm":1389,"minecraft:mob_kills":134,"minecraft:interact_with_anvil":2,"minecraft:inspect_hopper":1,"minecraft:interact_with_campfire":1,"minecraft:climb_one_cm":60817,"minecraft:walk_one_cm":1360782,"minecraft:raid_win":1,"minecraft:sneak_time":23007,"minecraft:walk_under_water_one_cm":81419,"minecraft:interact_with_blast_furnace":6,"minecraft:total_world_time":684407,"minecraft:raid_trigger":1,"minecraft:interact_with_stonecutter":13,"minecraft:time_since_rest":6182,"minecraft:damage_taken":13279,"minecraft:swim_one_cm":118984,"minecraft:fly_one_cm":3119394,"minecraft:open_chest":209,"minecraft:fall_one_cm":423748},"minecraft:killed_by":{"minecraft:zombie_villager":1,"minecraft:creeper":1,"minecraft:pillager":1,"minecraft:vex":1,"minecraft:iron_golem":2,"minecraft:skeleton":5},"minecraft:mined":{"minecraft:white_bed":2,"minecraft:oak_sapling":1,"minecraft:farmland":1,"minecraft:granite":21,"minecraft:grass_block":560,"minecraft:composter":35,"minecraft:crimson_fungus":18,"minecraft:nether_wart":2,"minecraft:weeping_vines_plant":9,"minecraft:glowstone":24,"minecraft:iron_ore":19,"minecraft:fire":17,"minecraft:deepslate_lapis_ore":7,"minecraft:pointed_dripstone":18,"minecraft:oak_sign":1,"minecraft:iron_block":1,"minecraft:spruce_slab":1,"minecraft:deepslate_redstone_ore":9,"minecraft:crimson_nylium":46,"minecraft:soul_fire":3,"minecraft:torch":16,"minecraft:poppy":3,"minecraft:chest":3,"minecraft:nether_quartz_ore":11,"minecraft:cobblestone":20,"minecraft:oak_planks":6,"minecraft:deepslate_copper_ore":1,"minecraft:dark_oak_slab":1,"minecraft:nether_wart_block":402,"minecraft:birch_log":36,"minecraft:wheat":16,"minecraft:black_bed":7,"minecraft:warped_fungus":3,"minecraft:grass":658,"minecraft:oak_log":241,"minecraft:beetroots":1,"minecraft:sand":1,"minecraft:dirt":254,"minecraft:crimson_planks":5,"minecraft:stonecutter":1,"minecraft:netherrack":40,"minecraft:oak_leaves":288,"minecraft:deepslate":38,"minecraft:tuff":9,"minecraft:deepslate_diamond_ore":20,"minecraft:oak_door":4,"minecraft:dark_oak_fence":10,"minecraft:jungle_planks":1,"minecraft:crimson_roots":131,"minecraft:weeping_vines":5,"minecraft:spruce_leaves":5,"minecraft:crimson_stem":64,"minecraft:oak_trapdoor":2,"minecraft:furnace":1,"minecraft:carrots":50,"minecraft:andesite":36,"minecraft:potatoes":363,"minecraft:shroomlight":24,"minecraft:cobblestone_slab":2,"minecraft:rail":26,"minecraft:stone":988,"minecraft:soul_sand":37,"minecraft:crafting_table":10,"minecraft:rose_bush":21,"minecraft:tall_grass":56,"minecraft:copper_ore":51,"minecraft:deepslate_gold_ore":31,"minecraft:diorite":21,"minecraft:birch_planks":16,"minecraft:spruce_log":15,"minecraft:birch_leaves":74,"minecraft:white_wall_banner":1,"minecraft:coal_ore":206,"minecraft:gravel":18,"minecraft:dripstone_block":7},"minecraft:killed":{"minecraft:zombified_piglin":2,"minecraft:spider":6,"minecraft:skeleton":10,"minecraft:piglin":2,"minecraft:zombie_villager":2,"minecraft:iron_golem":10,"minecraft:creeper":1,"minecraft:sheep":4,"minecraft:pillager":28,"minecraft:zombie":42,"minecraft:glow_squid":2,"minecraft:cow":6,"minecraft:blaze":5,"minecraft:vindicator":3,"minecraft:hoglin":1}},"DataVersion":3465}