{"stats":{"minecraft:crafted":{"minecraft:smooth_stone":3,"minecraft:oak_planks":872,"minecraft:cobblestone_slab":14,"minecraft:oak_sign":12,"minecraft:blaze_powder":12,"minecraft:crimson_sign":3,"minecraft:stone":128,"minecraft:quartz_pillar":2,"minecraft:quartz_block":2,"minecraft:iron_boots":4,"minecraft:chest":15,"minecraft:copper_block":8,"minecraft:birch_button":55,"minecraft:stone_hoe":1,"minecraft:smoker":1,"minecraft:item_frame":1,"minecraft:oak_slab":12,"minecraft:emerald":54,"minecraft:crafting_table":8,"minecraft:spruce_planks":96,"minecraft:iron_helmet":3,"minecraft:wooden_pickaxe":1,"minecraft:baked_potato":445,"minecraft:spruce_door":3,"minecraft:copper_ingot":155,"minecraft:brewing_stand":1,"minecraft:birch_planks":60,"minecraft:campfire":1,"minecraft:iron_chestplate":3,"minecraft:diamond_pickaxe":1,"minecraft:shield":6,"minecraft:stick":1268,"minecraft:iron_ingot":47,"minecraft:iron_pickaxe":8,"minecraft:iron_block":123,"minecraft:gold_ingot":30,"minecraft:black_bed":4,"minecraft:composter":1,"minecraft:shears":3,"minecraft:oak_door":6,"minecraft:stone_shovel":1,"minecraft:furnace":3,"minecraft:blast_furnace":1,"minecraft:bone_meal":9,"minecraft:oak_trapdoor":10,"minecraft:flint_and_steel":2,"minecraft:iron_axe":5,"minecraft:ladder":63,"minecraft:iron_hoe":3,"minecraft:stone_pickaxe":3,"minecraft:dark_oak_planks":24,"minecraft:golden_helmet":1,"minecraft:cooked_beef":12,"minecraft:red_dye":284,"minecraft:crimson_planks":252,"minecraft:diamond_sword":1,"minecraft:bucket":8,"minecraft:stone_axe":1,"minecraft:enchanted_book":2,"minecraft:air":0,"minecraft:cut_copper":12,"minecraft:oak_fence_gate":8,"minecraft:oak_boat":4,"minecraft:iron_shovel":4,"minecraft:iron_leggings":3,"minecraft:stonecutter":1,"minecraft:anvil":3,"minecraft:white_bed":5,"minecraft:torch":324},"minecraft:killed_by":{"minecraft:zombie_villager":1,"minecraft:wither_skeleton":1,"minecraft:creeper":1,"minecraft:pillager":1,"minecraft:ravager":4,"minecraft:piglin":3,"minecraft:zombie":4,"minecraft:vex":1,"minecraft:stray":1,"minecraft:iron_golem":2,"minecraft:hoglin":1,"minecraft:skeleton":9},"minecraft:dropped":{"minecraft:iron_sword":3,"minecraft:baked_potato":145,"minecraft:glass_bottle":1,"minecraft:diamond":5,"minecraft:crafting_table":1,"minecraft:crossbow":2,"minecraft:emerald":9,"minecraft:dirt":60,"minecraft:gold_nugget":39,"minecraft:sand":1,"minecraft:gold_ingot":28,"minecraft:crimson_fungus":3,"minecraft:goat_horn":1,"minecraft:iron_nugget":30,"minecraft:oak_planks":14,"minecraft:diamond_shovel":2,"minecraft:carrot":2,"minecraft:poppy":4,"minecraft:gunpowder":4,"minecraft:quartz_block":27,"minecraft:oak_leaves":58,"minecraft:netherrack":38,"minecraft:water_bucket":2,"minecraft:iron_ingot":113,"minecraft:bread":10,"minecraft:wheat_seeds":35,"minecraft:iron_helmet":1,"minecraft:cobblestone":64,"minecraft:apple":4,"minecraft:coal":10,"minecraft:lava_bucket":1,"minecraft:diamond_horse_armor":1,"minecraft:gray_wool":2,"minecraft:diorite":1,"minecraft:torch":1,"minecraft:iron_leggings":1,"minecraft:iron_axe":1,"minecraft:iron_shovel":1,"minecraft:paper":2,"minecraft:string":2,"minecraft:bucket":2,"minecraft:furnace":1,"minecraft:nether_wart":47,"minecraft:blaze_rod":35,"minecraft:bowl":1,"minecraft:chicken":1,"minecraft:wither_skeleton_skull":1,"minecraft:iron_boots":3,"minecraft:totem_of_undying":3,"minecraft:shears":1,"minecraft:diamond_sword":1,"minecraft:potato":2,"minecraft:stone":2,"minecraft:diamond_pickaxe":1,"minecraft:iron_chestplate":2,"minecraft:oak_sapling":1,"minecraft:wooden_shovel":2,"minecraft:wooden_pickaxe":1},"minecraft:picked_up":{"minecraft:iron_chestplate":18,"minecraft:wheat":6,"minecraft:chainmail_boots":1,"minecraft:lead":8,"minecraft:diamond_sword":16,"minecraft:potion":9,"minecraft:nether_brick":3,"minecraft:stone_brick_stairs":68,"minecraft:crimson_planks":5,"minecraft:string":24,"minecraft:raw_copper":155,"minecraft:iron_leggings":25,"minecraft:shroomlight":25,"minecraft:oak_sign":10,"minecraft:diamond_leggings":1,"minecraft:gold_nugget":48,"minecraft:cobbled_deepslate":37,"minecraft:bucket":6,"minecraft:spruce_planks":19,"minecraft:rose_bush":21,"minecraft:cobblestone_slab":32,"minecraft:wooden_shovel":2,"minecraft:iron_pickaxe":31,"minecraft:furnace":2,"minecraft:iron_boots":22,"minecraft:tipped_arrow":2,"minecraft:golden_helmet":1,"minecraft:stick":680,"minecraft:composter":47,"minecraft:torch":535,"minecraft:porkchop":2,"minecraft:golden_axe":1,"minecraft:pointed_dripstone":37,"minecraft:diorite":37,"minecraft:golden_chestplate":5,"minecraft:goat_horn":3,"minecraft:quartz_block":27,"minecraft:stone_sword":6,"minecraft:rotten_flesh":87,"minecraft:iron_block":32,"minecraft:blaze_rod":62,"minecraft:obsidian":1,"minecraft:snowball":67,"minecraft:cobblestone":1844,"minecraft:birch_log":65,"minecraft:cooked_beef":13,"minecraft:magma_cream":8,"minecraft:water_bucket":28,"minecraft:andesite":24,"minecraft:black_bed":14,"minecraft:potato":1319,"minecraft:flint":9,"minecraft:tuff":5,"minecraft:wither_skeleton_skull":4,"minecraft:lapis_lazuli":47,"minecraft:dirt":1940,"minecraft:bone":164,"minecraft:stonecutter":1,"minecraft:bow":15,"minecraft:wheat_seeds":272,"minecraft:raw_gold":30,"minecraft:diamond_helmet":1,"minecraft:glowstone_dust":43,"minecraft:bamboo":2,"minecraft:stone_hoe":11,"minecraft:oak_planks":1564,"minecraft:cooked_porkchop":18,"minecraft:poisonous_potato":10,"minecraft:sand":2,"minecraft:spectral_arrow":20,"minecraft:dark_oak_log":6,"minecraft:iron_hoe":5,"minecraft:sugar":9,"minecraft:diamond":23,"minecraft:crossbow":17,"minecraft:granite":51,"minecraft:grass":17,"minecraft:emerald":6,"minecraft:chainmail_helmet":1,"minecraft:bread":37,"minecraft:oak_sapling":93,"minecraft:netherrack":436,"minecraft:diamond_pickaxe":4,"minecraft:oak_leaves":323,"minecraft:crimson_roots":173,"minecraft:crafting_table":23,"minecraft:ladder":31,"minecraft:chicken":2,"minecraft:nether_wart":67,"minecraft:wooden_pickaxe":2,"minecraft:diamond_horse_armor":1,"minecraft:shield":29,"minecraft:oak_trapdoor":17,"minecraft:iron_axe":39,"minecraft:flint_and_steel":19,"minecraft:iron_shovel":13,"minecraft:blackstone":30,"minecraft:beef":13,"minecraft:oak_boat":15,"minecraft:iron_nugget":87,"minecraft:poppy":40,"minecraft:spruce_slab":1,"minecraft:minecart":11,"minecraft:chest":10,"minecraft:birch_sapling":10,"minecraft:egg":15,"minecraft:raw_iron":27,"minecraft:stone":2,"minecraft:oak_door":4,"minecraft:copper_ingot":20,"minecraft:bowl":1,"minecraft:carrot":149,"minecraft:redstone":140,"minecraft:iron_horse_armor":9,"minecraft:diamond_chestplate":1,"minecraft:arrow":147,"minecraft:weeping_vines":12,"minecraft:stone_shovel":5,"minecraft:beetroot_seeds":1,"minecraft:nether_bricks":141,"minecraft:shears":5,"minecraft:diamond_boots":1,"minecraft:totem_of_undying":6,"minecraft:saddle":5,"minecraft:gold_ingot":3,"minecraft:mutton":2,"minecraft:rail":386,"minecraft:white_wool":139,"minecraft:birch_leaves":66,"minecraft:glow_ink_sac":1,"minecraft:crimson_stem":63,"minecraft:leather":49,"minecraft:red_mushroom":6,"minecraft:birch_planks":111,"minecraft:crimson_fungus":22,"minecraft:oak_log":495,"minecraft:chainmail_chestplate":1,"minecraft:golden_boots":3,"minecraft:nether_wart_block":385,"minecraft:gunpowder":8,"minecraft:paper":1,"minecraft:white_banner":14,"minecraft:cooked_mutton":6,"minecraft:apple":6,"minecraft:iron_ingot":400,"minecraft:stone_pickaxe":2,"minecraft:glass_bottle":7,"minecraft:iron_sword":8,"minecraft:soul_sand":75,"minecraft:book":2,"minecraft:oak_slab":13,"minecraft:warped_fungus":10,"minecraft:dark_oak_slab":1,"minecraft:quartz":23,"minecraft:dripstone_block":10,"minecraft:gravel":19,"minecraft:lava_bucket":4,"minecraft:spruce_sapling":22,"minecraft:white_bed":7,"minecraft:spruce_log":24,"minecraft:crying_obsidian":8,"minecraft:spider_eye":7,"minecraft:diamond_shovel":2,"minecraft:stone_axe":1,"minecraft:iron_helmet":20,"minecraft:gray_wool":5,"minecraft:baked_potato":587,"minecraft:black_wool":36,"minecraft:coal":539,"minecraft:hopper":13},"minecraft:used":{"minecraft:iron_shovel":623,"minecraft:oak_sign":10,"minecraft:ladder":32,"minecraft:chest":16,"minecraft:shield":140,"minecraft:iron_sword":52,"minecraft:nether_wart":20,"minecraft:grass":8,"minecraft:rotten_flesh":24,"minecraft:soul_sand":20,"minecraft:mutton":2,"minecraft:cut_copper":32,"minecraft:carrot":92,"minecraft:snowball":2,"minecraft:milk_bucket":1,"minecraft:lava_bucket":19,"minecraft:quartz_pillar":2,"minecraft:iron_helmet":1,"minecraft:stone_brick_stairs":56,"minecraft:item_frame":1,"minecraft:bow":91,"minecraft:warped_fungus":7,"minecraft:furnace":2,"minecraft:egg":4,"minecraft:potato":523,"minecraft:diorite":18,"minecraft:wither_skeleton_skull":1,"minecraft:birch_leaves":66,"minecraft:stone_pickaxe":393,"minecraft:oak_planks":13,"minecraft:blackstone":25,"minecraft:wooden_pickaxe":8,"minecraft:composter":36,"minecraft:oak_leaves":189,"minecraft:blast_furnace":1,"minecraft:crossbow":17,"minecraft:black_bed":12,"minecraft:dripstone_block":6,"minecraft:shears":306,"minecraft:bread":19,"minecraft:gravel":1,"minecraft:nether_wart_block":55,"minecraft:diamond_sword":270,"minecraft:oak_boat":6,"minecraft:bone_meal":9,"minecraft:oak_trapdoor":11,"minecraft:flint_and_steel":10,"minecraft:stone_shovel":92,"minecraft:spruce_planks":1,"minecraft:wooden_shovel":7,"minecraft:stone_hoe":81,"minecraft:netherrack":150,"minecraft:brewing_stand":1,"minecraft:oak_door":6,"minecraft:dirt":738,"minecraft:torch":252,"minecraft:anvil":3,"minecraft:hopper":9,"minecraft:golden_chestplate":3,"minecraft:granite":2,"minecraft:oak_fence_gate":8,"minecraft:shroomlight":9,"minecraft:iron_hoe":543,"minecraft:iron_block":86,"minecraft:iron_axe":658,"minecraft:totem_of_undying":1,"minecraft:crimson_planks":28,"minecraft:goat_horn":9,"minecraft:minecart":2,"minecraft:cooked_beef":15,"minecraft:cobbled_deepslate":24,"minecraft:iron_leggings":5,"minecraft:cooked_mutton":2,"minecraft:wheat_seeds":16,"minecraft:water_bucket":111,"minecraft:birch_planks":5,"minecraft:baked_potato":201,"minecraft:stonecutter":2,"minecraft:glow_ink_sac":1,"minecraft:cobblestone_slab":6,"minecraft:rail":26,"minecraft:oak_slab":2,"minecraft:crafting_table":15,"minecraft:white_bed":8,"minecraft:campfire":1,"minecraft:smoker":1,"minecraft:diamond_pickaxe":138,"minecraft:apple":2,"minecraft:diamond_shovel":11,"minecraft:chicken":1,"minecraft:iron_pickaxe":1486,"minecraft:suspicious_stew":1,"minecraft:stone_axe":121,"minecraft:crimson_sign":1,"minecraft:crimson_fungus":1,"minecraft:cobblestone":322,"minecraft:potion":6,"minecraft:white_banner":9,"minecraft:cooked_porkchop":9,"minecraft:bucket":133},"minecraft:killed":{"minecraft:zombified_piglin":2,"minecraft:witch":3,"minecraft:spider":7,"minecraft:skeleton":19,"minecraft:magma_cube":5,"minecraft:piglin":9,"minecraft:zombie_villager":2,"minecraft:iron_golem":15,"minecraft:creeper":1,"minecraft:sheep":4,"minecraft:trader_llama":2,"minecraft:pillager":41,"minecraft:zombie":46,"minecraft:stray":2,"minecraft:glow_squid":2,"minecraft:blaze":8,"minecraft:cow":6,"minecraft:evoker":1,"minecraft:vindicator":5,"minecraft:wandering_trader":1,"minecraft:hoglin":3,"minecraft:wither_skeleton":12},"minecraft:broken":{"minecraft:golden_helmet":1,"minecraft:shears":1,"minecraft:iron_boots":1,"minecraft:stone_pickaxe":3,"minecraft:stone_axe":1,"minecraft:iron_hoe":2,"minecraft:shield":1,"minecraft:iron_axe":1,"minecraft:iron_pickaxe":3},"minecraft:mined":{"minecraft:white_bed":2,"minecraft:oak_sapling":1,"minecraft:farmland":1,"minecraft:granite":24,"minecraft:grass_block":569,"minecraft:composter":35,"minecraft:crimson_fungus":18,"minecraft:nether_wart":2,"minecraft:spawner":1,"minecraft:weeping_vines_plant":9,"minecraft:glowstone":24,"minecraft:iron_ore":19,"minecraft:fire":32,"minecraft:deepslate_lapis_ore":7,"minecraft:pointed_dripstone":18,"minecraft:oak_sign":1,"minecraft:iron_block":2,"minecraft:spruce_slab":1,"minecraft:deepslate_redstone_ore":9,"minecraft:crimson_nylium":56,"minecraft:soul_fire":11,"minecraft:torch":16,"minecraft:poppy":3,"minecraft:chest":3,"minecraft:nether_quartz_ore":11,"minecraft:cobblestone":23,"minecraft:oak_planks":9,"minecraft:deepslate_copper_ore":1,"minecraft:dark_oak_slab":1,"minecraft:nether_wart_block":436,"minecraft:birch_log":36,"minecraft:wheat":16,"minecraft:black_bed":7,"minecraft:warped_fungus":8,"minecraft:grass":665,"minecraft:oak_log":241,"minecraft:beetroots":1,"minecraft:sand":1,"minecraft:dirt":294,"minecraft:crimson_planks":5,"minecraft:stonecutter":1,"minecraft:netherrack":196,"minecraft:oak_leaves":288,"minecraft:deepslate":38,"minecraft:nether_gold_ore":2,"minecraft:tuff":9,"minecraft:deepslate_diamond_ore":20,"minecraft:oak_door":4,"minecraft:nether_bricks":47,"minecraft:dark_oak_fence":10,"minecraft:jungle_planks":1,"minecraft:crimson_roots":134,"minecraft:weeping_vines":5,"minecraft:spruce_leaves":5,"minecraft:crimson_stem":64,"minecraft:oak_trapdoor":2,"minecraft:furnace":1,"minecraft:carrots":50,"minecraft:andesite":36,"minecraft:potatoes":363,"minecraft:shroomlight":25,"minecraft:cobblestone_slab":2,"minecraft:rail":26,"minecraft:stone":1026,"minecraft:soul_sand":41,"minecraft:crafting_table":10,"minecraft:rose_bush":21,"minecraft:copper_ore":51,"minecraft:tall_grass":56,"minecraft:deepslate_gold_ore":32,"minecraft:diorite":26,"minecraft:birch_planks":16,"minecraft:spruce_log":26,"minecraft:birch_leaves":74,"minecraft:white_wall_banner":1,"minecraft:coal_ore":297,"minecraft:gravel":18,"minecraft:dripstone_block":7},"minecraft:custom":{"minecraft:interact_with_crafting_table":114,"minecraft:leave_game":8,"minecraft:time_since_death":8720,"minecraft:sprint_one_cm":2358219,"minecraft:damage_blocked_by_shield":9245,"minecraft:drop":175,"minecraft:talked_to_villager":39,"minecraft:play_time":872169,"minecraft:deaths":42,"minecraft:jump":18706,"minecraft:interact_with_brewingstand":2,"minecraft:walk_on_water_one_cm":65922,"minecraft:interact_with_furnace":87,"minecraft:traded_with_villager":56,"minecraft:sleep_in_bed":36,"minecraft:damage_dealt":48685,"minecraft:crouch_one_cm":66989,"minecraft:interact_with_smoker":18,"minecraft:horse_one_cm":962559,"minecraft:interact_with_anvil":4,"minecraft:mob_kills":208,"minecraft:inspect_hopper":1,"minecraft:interact_with_campfire":1,"minecraft:climb_one_cm":75862,"minecraft:walk_one_cm":1681520,"minecraft:raid_win":2,"minecraft:sneak_time":27679,"minecraft:walk_under_water_one_cm":95882,"minecraft:boat_one_cm":16,"minecraft:interact_with_blast_furnace":13,"minecraft:total_world_time":872169,"minecraft:raid_trigger":2,"minecraft:interact_with_stonecutter":13,"minecraft:time_since_rest":4098,"minecraft:damage_absorbed":80,"minecraft:damage_taken":23115,"minecraft:swim_one_cm":128700,"minecraft:fly_one_cm":4214310,"minecraft:open_chest":314,"minecraft:fall_one_cm":574715}},"DataVersion":3465}