{"stats":{"minecraft:broken":{"minecraft:golden_helmet":1,"minecraft:shears":1,"minecraft:iron_boots":1,"minecraft:stone_pickaxe":3,"minecraft:stone_axe":1,"minecraft:iron_hoe":2,"minecraft:shield":2,"minecraft:iron_axe":1,"minecraft:iron_pickaxe":3},"minecraft:custom":{"minecraft:interact_with_crafting_table":174,"minecraft:open_shulker_box":94,"minecraft:leave_game":10,"minecraft:time_since_death":52584,"minecraft:sprint_one_cm":3649221,"minecraft:damage_blocked_by_shield":12035,"minecraft:drop":210,"minecraft:talked_to_villager":58,"minecraft:play_time":1500850,"minecraft:deaths":43,"minecraft:jump":29716,"minecraft:interact_with_brewingstand":17,"minecraft:walk_on_water_one_cm":136789,"minecraft:interact_with_furnace":102,"minecraft:traded_with_villager":96,"minecraft:sleep_in_bed":58,"minecraft:open_enderchest":32,"minecraft:damage_dealt":93746,"minecraft:interact_with_beacon":7,"minecraft:crouch_one_cm":253551,"minecraft:interact_with_smoker":31,"minecraft:horse_one_cm":1314237,"minecraft:interact_with_anvil":13,"minecraft:mob_kills":400,"minecraft:inspect_hopper":1,"minecraft:interact_with_campfire":1,"minecraft:climb_one_cm":97919,"minecraft:walk_one_cm":2594745,"minecraft:raid_win":2,"minecraft:sneak_time":84554,"minecraft:walk_under_water_one_cm":151300,"minecraft:boat_one_cm":16,"minecraft:interact_with_blast_furnace":29,"minecraft:total_world_time":1500850,"minecraft:raid_trigger":2,"minecraft:interact_with_stonecutter":17,"minecraft:time_since_rest":8093,"minecraft:damage_absorbed":80,"minecraft:damage_taken":30999,"minecraft:swim_one_cm":144269,"minecraft:fly_one_cm":6830666,"minecraft:open_chest":579,"minecraft:aviate_one_cm":32508,"minecraft:fall_one_cm":905830},"minecraft:mined":{"minecraft:dragon_wall_head":2,"minecraft:white_bed":5,"minecraft:oak_sapling":1,"minecraft:farmland":1,"minecraft:obsidian":25,"minecraft:carved_pumpkin":2,"minecraft:spruce_trapdoor":1,"minecraft:granite":33,"minecraft:grass_block":684,"minecraft:purpur_slab":2,"minecraft:composter":35,"minecraft:crimson_fungus":18,"minecraft:nether_wart":2,"minecraft:spawner":3,"minecraft:weeping_vines_plant":9,"minecraft:glowstone":24,"minecraft:iron_ore":22,"minecraft:fire":33,"minecraft:cobbled_deepslate":1,"minecraft:pumpkin":7,"minecraft:deepslate_lapis_ore":27,"minecraft:pointed_dripstone":18,"minecraft:oak_sign":1,"minecraft:end_stone_bricks":13,"minecraft:iron_block":2,"minecraft:spruce_slab":1,"minecraft:deepslate_redstone_ore":21,"minecraft:crimson_nylium":56,"minecraft:soul_fire":18,"minecraft:purpur_stairs":5,"minecraft:torch":19,"minecraft:end_stone_brick_slab":6,"minecraft:poppy":3,"minecraft:beacon":1,"minecraft:chest":4,"minecraft:nether_quartz_ore":62,"minecraft:cobblestone":56,"minecraft:sugar_cane":87,"minecraft:oak_planks":9,"minecraft:wall_torch":9,"minecraft:deepslate_copper_ore":1,"minecraft:dark_oak_slab":1,"minecraft:nether_wart_block":441,"minecraft:birch_log":36,"minecraft:wheat":16,"minecraft:warped_fungus":10,"minecraft:black_bed":7,"minecraft:purpur_block":28,"minecraft:grass":685,"minecraft:oak_log":244,"minecraft:beetroots":1,"minecraft:sand":53,"minecraft:dirt":356,"minecraft:crimson_planks":5,"minecraft:blue_shulker_box":4,"minecraft:stonecutter":1,"minecraft:netherrack":479,"minecraft:oak_leaves":295,"minecraft:deepslate":131,"minecraft:nether_gold_ore":8,"minecraft:diamond_ore":1,"minecraft:tuff":17,"minecraft:deepslate_diamond_ore":36,"minecraft:oak_door":4,"minecraft:end_stone":1008,"minecraft:shulker_box":16,"minecraft:nether_bricks":47,"minecraft:glow_lichen":1,"minecraft:dark_oak_fence":10,"minecraft:jungle_planks":1,"minecraft:crimson_roots":139,"minecraft:weeping_vines":5,"minecraft:spruce_leaves":5,"minecraft:crimson_stem":64,"minecraft:oak_trapdoor":2,"minecraft:furnace":1,"minecraft:carrots":50,"minecraft:snow":150,"minecraft:andesite":39,"minecraft:potatoes":363,"minecraft:cobblestone_slab":2,"minecraft:shroomlight":26,"minecraft:rail":26,"minecraft:chorus_plant":9,"minecraft:bamboo":3,"minecraft:stone":1927,"minecraft:soul_sand":44,"minecraft:magenta_stained_glass":2,"minecraft:cornflower":7,"minecraft:crafting_table":19,"minecraft:rose_bush":21,"minecraft:copper_ore":80,"minecraft:purpur_pillar":7,"minecraft:tall_grass":58,"minecraft:lapis_ore":3,"minecraft:deepslate_gold_ore":72,"minecraft:diorite":27,"minecraft:birch_planks":16,"minecraft:spruce_log":26,"minecraft:birch_leaves":74,"minecraft:bee_nest":1,"minecraft:white_wall_banner":1,"minecraft:coal_ore":380,"minecraft:end_rod":3,"minecraft:gravel":20,"minecraft:dripstone_block":7,"minecraft:cobweb":20,"minecraft:stone_bricks":3,"minecraft:gold_ore":3},"minecraft:picked_up":{"minecraft:iron_chestplate":18,"minecraft:wheat":6,"minecraft:chainmail_boots":1,"minecraft:lead":8,"minecraft:diamond_sword":17,"minecraft:potion":9,"minecraft:enchanted_book":4,"minecraft:nether_brick":3,"minecraft:stone_brick_stairs":68,"minecraft:crimson_planks":5,"minecraft:string":51,"minecraft:raw_copper":387,"minecraft:iron_leggings":25,"minecraft:shroomlight":26,"minecraft:oak_sign":10,"minecraft:diamond_leggings":2,"minecraft:gold_nugget":105,"minecraft:cobbled_deepslate":98,"minecraft:bucket":6,"minecraft:spruce_planks":19,"minecraft:rose_bush":21,"minecraft:cobblestone_slab":32,"minecraft:ender_eye":6,"minecraft:wooden_shovel":2,"minecraft:iron_pickaxe":31,"minecraft:iron_boots":22,"minecraft:furnace":2,"minecraft:tipped_arrow":2,"minecraft:golden_helmet":2,"minecraft:stick":681,"minecraft:composter":47,"minecraft:torch":548,"minecraft:purpur_pillar":6,"minecraft:porkchop":22,"minecraft:golden_axe":1,"minecraft:pointed_dripstone":38,"minecraft:diorite":38,"minecraft:golden_chestplate":5,"minecraft:goat_horn":4,"minecraft:quartz_block":27,"minecraft:stone_sword":6,"minecraft:rotten_flesh":137,"minecraft:iron_block":32,"minecraft:carved_pumpkin":2,"minecraft:end_rod":3,"minecraft:blaze_rod":64,"minecraft:obsidian":27,"minecraft:iron_bars":2,"minecraft:snowball":312,"minecraft:cobblestone":2840,"minecraft:nautilus_shell":1,"minecraft:birch_log":65,"minecraft:cooked_beef":13,"minecraft:magma_cream":8,"minecraft:water_bucket":28,"minecraft:andesite":25,"minecraft:black_bed":15,"minecraft:beacon":1,"minecraft:potato":1319,"minecraft:flint":9,"minecraft:tuff":10,"minecraft:wither_skeleton_skull":5,"minecraft:lapis_lazuli":325,"minecraft:dirt":2184,"minecraft:bone":194,"minecraft:stonecutter":1,"minecraft:bow":16,"minecraft:wheat_seeds":278,"minecraft:raw_gold":127,"minecraft:diamond_helmet":2,"minecraft:glowstone_dust":43,"minecraft:bamboo":5,"minecraft:oak_planks":1565,"minecraft:stone_hoe":11,"minecraft:cooked_porkchop":18,"minecraft:poisonous_potato":10,"minecraft:sand":54,"minecraft:spectral_arrow":20,"minecraft:dark_oak_log":6,"minecraft:shulker_box":16,"minecraft:iron_hoe":5,"minecraft:sugar":9,"minecraft:diamond":65,"minecraft:crossbow":17,"minecraft:granite":65,"minecraft:nether_star":1,"minecraft:grass":17,"minecraft:chainmail_helmet":1,"minecraft:emerald":7,"minecraft:bread":37,"minecraft:oak_sapling":95,"minecraft:netherrack":689,"minecraft:chorus_fruit":139,"minecraft:oak_leaves":323,"minecraft:crimson_roots":177,"minecraft:diamond_pickaxe":6,"minecraft:end_stone_bricks":10,"minecraft:crafting_table":32,"minecraft:ladder":31,"minecraft:chicken":2,"minecraft:nether_wart":67,"minecraft:leather_leggings":1,"minecraft:wooden_pickaxe":2,"minecraft:diamond_horse_armor":1,"minecraft:dragon_head":2,"minecraft:purpur_block":25,"minecraft:shield":30,"minecraft:item_frame":2,"minecraft:cornflower":7,"minecraft:oak_trapdoor":17,"minecraft:elytra":2,"minecraft:iron_axe":39,"minecraft:flint_and_steel":19,"minecraft:iron_shovel":13,"minecraft:blackstone":30,"minecraft:cracked_stone_bricks":6,"minecraft:beef":13,"minecraft:oak_boat":15,"minecraft:blue_shulker_box":4,"minecraft:sugar_cane":104,"minecraft:iron_nugget":87,"minecraft:poppy":40,"minecraft:spruce_slab":1,"minecraft:minecart":11,"minecraft:chest":11,"minecraft:birch_sapling":10,"minecraft:spruce_trapdoor":6,"minecraft:egg":17,"minecraft:raw_iron":30,"minecraft:end_stone":967,"minecraft:stone":13,"minecraft:oak_door":4,"minecraft:copper_ingot":20,"minecraft:bowl":1,"minecraft:carrot":149,"minecraft:redstone":169,"minecraft:iron_horse_armor":9,"minecraft:arrow":172,"minecraft:weeping_vines":12,"minecraft:stone_shovel":5,"minecraft:diamond_chestplate":2,"minecraft:beetroot_seeds":1,"minecraft:nether_bricks":141,"minecraft:shears":5,"minecraft:diamond_boots":2,"minecraft:purpur_slab":2,"minecraft:saddle":5,"minecraft:gold_ingot":3,"minecraft:totem_of_undying":6,"minecraft:mutton":2,"minecraft:white_wool":203,"minecraft:rail":387,"minecraft:birch_leaves":66,"minecraft:glow_ink_sac":1,"minecraft:crimson_stem":63,"minecraft:leather":62,"minecraft:red_mushroom":6,"minecraft:birch_planks":111,"minecraft:crimson_fungus":22,"minecraft:purpur_stairs":4,"minecraft:oak_log":498,"minecraft:chainmail_chestplate":1,"minecraft:golden_boots":3,"minecraft:nether_wart_block":391,"minecraft:gunpowder":19,"minecraft:paper":1,"minecraft:white_banner":14,"minecraft:cooked_mutton":6,"minecraft:apple":6,"minecraft:stone_bricks":1,"minecraft:iron_ingot":406,"minecraft:stone_pickaxe":2,"minecraft:glass_bottle":7,"minecraft:iron_sword":8,"minecraft:soul_sand":80,"minecraft:book":3,"minecraft:oak_slab":13,"minecraft:warped_fungus":12,"minecraft:dark_oak_slab":1,"minecraft:pumpkin":7,"minecraft:quartz":114,"minecraft:dandelion":1,"minecraft:dripstone_block":12,"minecraft:gravel":19,"minecraft:lava_bucket":4,"minecraft:spruce_sapling":22,"minecraft:white_bed":10,"minecraft:spruce_log":24,"minecraft:crying_obsidian":8,"minecraft:spider_eye":14,"minecraft:dragon_egg":1,"minecraft:diamond_shovel":2,"minecraft:pumpkin_seeds":24,"minecraft:stone_axe":1,"minecraft:iron_helmet":20,"minecraft:painting":1,"minecraft:gray_wool":5,"minecraft:baked_potato":587,"minecraft:black_wool":36,"minecraft:end_stone_brick_slab":14,"minecraft:coal":704,"minecraft:hopper":13,"minecraft:ender_pearl":162,"minecraft:shulker_shell":18},"minecraft:killed_by":{"minecraft:zombie_villager":1,"minecraft:wither_skeleton":1,"minecraft:creeper":1,"minecraft:pillager":1,"minecraft:ravager":4,"minecraft:piglin":3,"minecraft:zombie":4,"minecraft:vex":1,"minecraft:stray":1,"minecraft:iron_golem":2,"minecraft:hoglin":2,"minecraft:skeleton":9},"minecraft:used":{"minecraft:iron_shovel":835,"minecraft:oak_sign":10,"minecraft:ladder":32,"minecraft:chest":18,"minecraft:shield":177,"minecraft:stone":7,"minecraft:iron_sword":52,"minecraft:nether_wart":20,"minecraft:grass":8,"minecraft:rotten_flesh":24,"minecraft:soul_sand":20,"minecraft:mutton":2,"minecraft:cut_copper":32,"minecraft:carrot":92,"minecraft:obsidian":10,"minecraft:snowball":29,"minecraft:milk_bucket":1,"minecraft:lava_bucket":19,"minecraft:quartz_pillar":2,"minecraft:iron_helmet":1,"minecraft:stone_brick_stairs":56,"minecraft:item_frame":6,"minecraft:bow":244,"minecraft:warped_fungus":9,"minecraft:blue_shulker_box":11,"minecraft:furnace":2,"minecraft:egg":5,"minecraft:potato":524,"minecraft:diorite":19,"minecraft:end_stone_bricks":6,"minecraft:wither_skeleton_skull":2,"minecraft:birch_leaves":66,"minecraft:chorus_fruit":80,"minecraft:stone_pickaxe":393,"minecraft:oak_planks":13,"minecraft:blackstone":25,"minecraft:ender_pearl":91,"minecraft:wooden_pickaxe":8,"minecraft:composter":36,"minecraft:end_stone_brick_slab":1147,"minecraft:sugar_cane":48,"minecraft:purpur_pillar":2,"minecraft:oak_leaves":189,"minecraft:blast_furnace":1,"minecraft:crossbow":17,"minecraft:black_bed":13,"minecraft:dripstone_block":6,"minecraft:end_stone":288,"minecraft:shears":312,"minecraft:bread":19,"minecraft:gravel":1,"minecraft:golden_helmet":1,"minecraft:diamond_sword":1069,"minecraft:nether_wart_block":99,"minecraft:oak_boat":6,"minecraft:bone_meal":9,"minecraft:purpur_block":7,"minecraft:oak_trapdoor":11,"minecraft:flint_and_steel":12,"minecraft:stone_shovel":92,"minecraft:spruce_planks":1,"minecraft:ender_chest":2,"minecraft:stone_hoe":81,"minecraft:wooden_shovel":7,"minecraft:netherrack":394,"minecraft:dirt":879,"minecraft:oak_door":6,"minecraft:torch":470,"minecraft:brewing_stand":1,"minecraft:anvil":3,"minecraft:hopper":9,"minecraft:shulker_box":18,"minecraft:golden_chestplate":3,"minecraft:granite":2,"minecraft:oak_fence_gate":8,"minecraft:shroomlight":23,"minecraft:iron_hoe":543,"minecraft:iron_block":114,"minecraft:iron_axe":714,"minecraft:totem_of_undying":1,"minecraft:crimson_planks":28,"minecraft:bamboo":5,"minecraft:goat_horn":9,"minecraft:minecart":2,"minecraft:cooked_beef":15,"minecraft:cobbled_deepslate":27,"minecraft:pumpkin":7,"minecraft:iron_leggings":5,"minecraft:cooked_mutton":2,"minecraft:wheat_seeds":16,"minecraft:water_bucket":220,"minecraft:birch_planks":5,"minecraft:glass_bottle":28,"minecraft:baked_potato":358,"minecraft:beacon":1,"minecraft:stonecutter":2,"minecraft:glow_ink_sac":1,"minecraft:cobblestone_slab":6,"minecraft:rail":27,"minecraft:oak_slab":2,"minecraft:crafting_table":27,"minecraft:white_bed":12,"minecraft:campfire":1,"minecraft:painting":1,"minecraft:smoker":1,"minecraft:diamond_pickaxe":2875,"minecraft:ender_eye":21,"minecraft:apple":2,"minecraft:diamond_shovel":149,"minecraft:chicken":1,"minecraft:iron_pickaxe":1486,"minecraft:suspicious_stew":1,"minecraft:spruce_trapdoor":2,"minecraft:stone_axe":121,"minecraft:crimson_sign":1,"minecraft:chiseled_stone_bricks":4,"minecraft:crimson_fungus":1,"minecraft:cobblestone":573,"minecraft:potion":7,"minecraft:white_banner":9,"minecraft:cooked_porkchop":9,"minecraft:bucket":243},"minecraft:killed":{"minecraft:zombified_piglin":2,"minecraft:witch":3,"minecraft:spider":11,"minecraft:shulker":49,"minecraft:skeleton":31,"minecraft:silverfish":2,"minecraft:magma_cube":5,"minecraft:piglin":16,"minecraft:zombie_villager":2,"minecraft:iron_golem":16,"minecraft:ender_dragon":1,"minecraft:creeper":4,"minecraft:sheep":4,"minecraft:trader_llama":2,"minecraft:pillager":41,"minecraft:zombie":77,"minecraft:stray":2,"minecraft:glow_squid":2,"minecraft:blaze":8,"minecraft:cow":6,"minecraft:evoker":1,"minecraft:vindicator":5,"minecraft:drowned":1,"minecraft:snow_golem":14,"minecraft:wandering_trader":1,"minecraft:hoglin":9,"minecraft:wither_skeleton":12,"minecraft:enderman":60},"minecraft:dropped":{"minecraft:iron_sword":3,"minecraft:nether_star":1,"minecraft:ender_pearl":7,"minecraft:baked_potato":145,"minecraft:glass_bottle":16,"minecraft:diamond":18,"minecraft:crafting_table":1,"minecraft:crossbow":2,"minecraft:emerald":9,"minecraft:dirt":60,"minecraft:gold_nugget":39,"minecraft:sand":1,"minecraft:white_wool":12,"minecraft:gold_ingot":28,"minecraft:crimson_fungus":3,"minecraft:goat_horn":1,"minecraft:iron_nugget":30,"minecraft:pointed_dripstone":1,"minecraft:rotten_flesh":2,"minecraft:oak_planks":14,"minecraft:diamond_shovel":2,"minecraft:carrot":2,"minecraft:poppy":4,"minecraft:gunpowder":4,"minecraft:quartz_block":27,"minecraft:iron_bars":2,"minecraft:end_stone_bricks":2,"minecraft:oak_leaves":58,"minecraft:netherrack":38,"minecraft:water_bucket":2,"minecraft:iron_ingot":113,"minecraft:bread":10,"minecraft:wheat_seeds":35,"minecraft:end_stone_brick_slab":2,"minecraft:iron_helmet":1,"minecraft:cobblestone":64,"minecraft:apple":4,"minecraft:coal":10,"minecraft:end_rod":2,"minecraft:lava_bucket":1,"minecraft:diamond_horse_armor":1,"minecraft:gray_wool":2,"minecraft:diorite":1,"minecraft:torch":31,"minecraft:nether_wart_block":1,"minecraft:iron_leggings":1,"minecraft:iron_axe":1,"minecraft:iron_shovel":1,"minecraft:paper":2,"minecraft:string":2,"minecraft:bucket":2,"minecraft:furnace":1,"minecraft:nether_wart":47,"minecraft:blaze_rod":35,"minecraft:bowl":1,"minecraft:tuff":5,"minecraft:chicken":1,"minecraft:wither_skeleton_skull":1,"minecraft:iron_boots":3,"minecraft:ender_eye":2,"minecraft:totem_of_undying":3,"minecraft:shears":1,"minecraft:diamond_sword":2,"minecraft:potato":2,"minecraft:stone":2,"minecraft:diamond_pickaxe":1,"minecraft:dragon_egg":1,"minecraft:iron_chestplate":2,"minecraft:oak_sapling":1,"minecraft:wooden_shovel":2,"minecraft:wooden_pickaxe":1},"minecraft:crafted":{"minecraft:ender_chest":2,"minecraft:smooth_stone":3,"minecraft:oak_planks":968,"minecraft:cobblestone_slab":14,"minecraft:oak_sign":12,"minecraft:blaze_powder":28,"minecraft:crimson_sign":3,"minecraft:stone":128,"minecraft:shulker_box":9,"minecraft:quartz_pillar":2,"minecraft:quartz_block":2,"minecraft:glass":52,"minecraft:diamond_helmet":1,"minecraft:bow":1,"minecraft:iron_boots":5,"minecraft:chest":25,"minecraft:copper_block":8,"minecraft:chiseled_stone_bricks":4,"minecraft:birch_button":55,"minecraft:stone_hoe":1,"minecraft:ender_eye":20,"minecraft:smoker":1,"minecraft:glass_bottle":42,"minecraft:item_frame":4,"minecraft:oak_slab":12,"minecraft:emerald":81,"minecraft:arrow":192,"minecraft:crafting_table":10,"minecraft:spruce_planks":96,"minecraft:iron_helmet":3,"minecraft:wooden_pickaxe":1,"minecraft:baked_potato":616,"minecraft:spruce_door":3,"minecraft:copper_ingot":155,"minecraft:brewing_stand":1,"minecraft:birch_planks":60,"minecraft:campfire":1,"minecraft:painting":8,"minecraft:end_stone_brick_slab":1344,"minecraft:iron_chestplate":4,"minecraft:paper":3,"minecraft:diamond_pickaxe":1,"minecraft:shield":7,"minecraft:stick":1392,"minecraft:iron_ingot":146,"minecraft:iron_pickaxe":8,"minecraft:iron_block":204,"minecraft:gold_ingot":113,"minecraft:black_bed":4,"minecraft:composter":1,"minecraft:shears":4,"minecraft:oak_door":6,"minecraft:stone_shovel":1,"minecraft:furnace":3,"minecraft:blast_furnace":1,"minecraft:blue_shulker_box":7,"minecraft:bone_meal":9,"minecraft:end_stone_bricks":676,"minecraft:oak_trapdoor":10,"minecraft:flint_and_steel":2,"minecraft:iron_axe":6,"minecraft:ladder":63,"minecraft:iron_hoe":3,"minecraft:stone_pickaxe":3,"minecraft:dark_oak_planks":24,"minecraft:golden_helmet":3,"minecraft:cooked_beef":12,"minecraft:sugar":2,"minecraft:red_dye":284,"minecraft:crimson_planks":252,"minecraft:diamond_sword":1,"minecraft:bucket":9,"minecraft:dark_oak_button":9,"minecraft:stone_axe":1,"minecraft:enchanted_book":3,"minecraft:air":0,"minecraft:blue_dye":7,"minecraft:cut_copper":12,"minecraft:oak_fence_gate":8,"minecraft:oak_boat":4,"minecraft:iron_shovel":6,"minecraft:iron_leggings":4,"minecraft:anvil":3,"minecraft:stonecutter":1,"minecraft:white_bed":6,"minecraft:torch":656,"minecraft:firework_rocket":6}},"DataVersion":3465}